Copyright 1986-2020 Xilinx, Inc. All Rights Reserved.
-------------------------------------------------------------------------------------------------------------------------------------------------------------------------------------
| Tool Version : Vivado v.2020.2 (lin64) Build 3064766 Wed Nov 18 09:12:47 MST 2020
| Date         : Sun Aug 30 19:07:29 2026
| Host         : galileo running 64-bit Ubuntu 20.04.6 LTS
| Command      : report_timing_summary -max_paths 10 -file led_jukebox_timing_summary_placed.rpt -pb led_jukebox_timing_summary_placed.pb -rpx led_jukebox_timing_summary_placed.rpx
| Design       : led_jukebox
| Device       : 7z010-clg400
| Speed File   : -1  PRODUCTION 1.12 2019-11-22
-------------------------------------------------------------------------------------------------------------------------------------------------------------------------------------

Timing Summary Report

------------------------------------------------------------------------------------------------
| Timer Settings
| --------------
------------------------------------------------------------------------------------------------

  Enable Multi Corner Analysis               :  Yes
  Enable Pessimism Removal                   :  Yes
  Pessimism Removal Resolution               :  Nearest Common Node
  Enable Input Delay Default Clock           :  No
  Enable Preset / Clear Arcs                 :  No
  Disable Flight Delays                      :  No
  Ignore I/O Paths                           :  No
  Timing Early Launch at Borrowing Latches   :  No
  Borrow Time for Max Delay Exceptions       :  Yes
  Merge Timing Exceptions                    :  Yes

  Corner  Analyze    Analyze    
  Name    Max Paths  Min Paths  
  ------  ---------  ---------  
  Slow    Yes        Yes        
  Fast    Yes        Yes        



check_timing report

Table of Contents
-----------------
1. checking no_clock (0)
2. checking constant_clock (0)
3. checking pulse_width_clock (0)
4. checking unconstrained_internal_endpoints (0)
5. checking no_input_delay (3)
6. checking no_output_delay (3)
7. checking multiple_clock (0)
8. checking generated_clocks (0)
9. checking loops (0)
10. checking partial_input_delay (0)
11. checking partial_output_delay (0)
12. checking latch_loops (0)

1. checking no_clock (0)
------------------------
 There are 0 register/latch pins with no clock.


2. checking constant_clock (0)
------------------------------
 There are 0 register/latch pins with constant_clock.


3. checking pulse_width_clock (0)
---------------------------------
 There are 0 register/latch pins which need pulse_width check


4. checking unconstrained_internal_endpoints (0)
------------------------------------------------
 There are 0 pins that are not constrained for maximum delay.

 There are 0 pins that are not constrained for maximum delay due to constant clock.


5. checking no_input_delay (3)
------------------------------
 There is 1 input port with no input delay specified. (HIGH)

 There are 2 input ports with no input delay but user has a false path constraint. (MEDIUM)


6. checking no_output_delay (3)
-------------------------------
 There are 0 ports with no output delay specified.

 There are 3 ports with no output delay but user has a false path constraint (MEDIUM)

 There are 0 ports with no output delay but with a timing clock defined on it or propagating through it


7. checking multiple_clock (0)
------------------------------
 There are 0 register/latch pins with multiple clocks.


8. checking generated_clocks (0)
--------------------------------
 There are 0 generated clocks that are not connected to a clock source.


9. checking loops (0)
---------------------
 There are 0 combinational loops in the design.


10. checking partial_input_delay (0)
------------------------------------
 There are 0 input ports with partial input delay specified.


11. checking partial_output_delay (0)
-------------------------------------
 There are 0 ports with partial output delay specified.


12. checking latch_loops (0)
----------------------------
 There are 0 combinational latch loops in the design through latch input



------------------------------------------------------------------------------------------------
| Design Timing Summary
| ---------------------
------------------------------------------------------------------------------------------------

    WNS(ns)      TNS(ns)  TNS Failing Endpoints  TNS Total Endpoints      WHS(ns)      THS(ns)  THS Failing Endpoints  THS Total Endpoints     WPWS(ns)     TPWS(ns)  TPWS Failing Endpoints  TPWS Total Endpoints  
    -------      -------  ---------------------  -------------------      -------      -------  ---------------------  -------------------     --------     --------  ----------------------  --------------------  
      4.678        0.000                      0                   95        0.131        0.000                      0                   95        4.020        0.000                       0                    64  


All user specified timing constraints are met.


------------------------------------------------------------------------------------------------
| Clock Summary
| -------------
------------------------------------------------------------------------------------------------

Clock        Waveform(ns)       Period(ns)      Frequency(MHz)
-----        ------------       ----------      --------------
sys_clk_pin  {0.000 5.000}      10.000          100.000         


------------------------------------------------------------------------------------------------
| Intra Clock Table
| -----------------
------------------------------------------------------------------------------------------------

Clock             WNS(ns)      TNS(ns)  TNS Failing Endpoints  TNS Total Endpoints      WHS(ns)      THS(ns)  THS Failing Endpoints  THS Total Endpoints     WPWS(ns)     TPWS(ns)  TPWS Failing Endpoints  TPWS Total Endpoints  
-----             -------      -------  ---------------------  -------------------      -------      -------  ---------------------  -------------------     --------     --------  ----------------------  --------------------  
sys_clk_pin         4.678        0.000                      0                   74        0.131        0.000                      0                   74        4.020        0.000                       0                    64  


------------------------------------------------------------------------------------------------
| Inter Clock Table
| -----------------
------------------------------------------------------------------------------------------------

From Clock    To Clock          WNS(ns)      TNS(ns)  TNS Failing Endpoints  TNS Total Endpoints      WHS(ns)      THS(ns)  THS Failing Endpoints  THS Total Endpoints  
----------    --------          -------      -------  ---------------------  -------------------      -------      -------  ---------------------  -------------------  


------------------------------------------------------------------------------------------------
| Other Path Groups Table
| -----------------------
------------------------------------------------------------------------------------------------

Path Group         From Clock         To Clock               WNS(ns)      TNS(ns)  TNS Failing Endpoints  TNS Total Endpoints      WHS(ns)      THS(ns)  THS Failing Endpoints  THS Total Endpoints  
----------         ----------         --------               -------      -------  ---------------------  -------------------      -------      -------  ---------------------  -------------------  
**async_default**  sys_clk_pin        sys_clk_pin              7.193        0.000                      0                   21        0.459        0.000                      0                   21  


------------------------------------------------------------------------------------------------
| Timing Details
| --------------
------------------------------------------------------------------------------------------------


---------------------------------------------------------------------------------------------------
From Clock:  sys_clk_pin
  To Clock:  sys_clk_pin

Setup :            0  Failing Endpoints,  Worst Slack        4.678ns,  Total Violation        0.000ns
Hold  :            0  Failing Endpoints,  Worst Slack        0.131ns,  Total Violation        0.000ns
PW    :            0  Failing Endpoints,  Worst Slack        4.020ns,  Total Violation        0.000ns
---------------------------------------------------------------------------------------------------


Max Delay Paths
--------------------------------------------------------------------------------------
Slack (MET) :             4.678ns  (required time - arrival time)
  Source:                 DRV/CU/r_count_reg[26]/C
                            (rising edge-triggered cell FDCE clocked by sys_clk_pin  {rise@0.000ns fall@5.000ns period=10.000ns})
  Destination:            FIFO/U0/inst_fifo_gen/gconvfifo.rf/grf.rf/gntv_or_sync_fifo.gl1.lsshft/c0/count_reg[1]/CE
                            (rising edge-triggered cell FDCE clocked by sys_clk_pin  {rise@0.000ns fall@5.000ns period=10.000ns})
  Path Group:             sys_clk_pin
  Path Type:              Setup (Max at Slow Process Corner)
  Requirement:            10.000ns  (sys_clk_pin rise@10.000ns - sys_clk_pin rise@0.000ns)
  Data Path Delay:        4.812ns  (logic 1.206ns (25.062%)  route 3.606ns (74.938%))
  Logic Levels:           4  (LUT4=2 LUT5=2)
  Clock Path Skew:        -0.062ns (DCD - SCD + CPR)
    Destination Clock Delay (DCD):    5.009ns = ( 15.009 - 10.000 ) 
    Source Clock Delay      (SCD):    5.370ns
    Clock Pessimism Removal (CPR):    0.299ns
  Clock Uncertainty:      0.035ns  ((TSJ^2 + TIJ^2)^1/2 + DJ) / 2 + PE
    Total System Jitter     (TSJ):    0.071ns
    Total Input Jitter      (TIJ):    0.000ns
    Discrete Jitter          (DJ):    0.000ns
    Phase Error              (PE):    0.000ns

    Location             Delay type                Incr(ns)  Path(ns)    Netlist Resource(s)
  -------------------------------------------------------------------    -------------------
                         (clock sys_clk_pin rise edge)
                                                      0.000     0.000 r  
    H16                                               0.000     0.000 r  clk (IN)
                         net (fo=0)                   0.000     0.000    clk
    H16                  IBUF (Prop_ibuf_I_O)         1.457     1.457 r  clk_IBUF_inst/O
                         net (fo=1, estimated)        2.076     3.533    clk_IBUF
    BUFGCTRL_X0Y16       BUFG (Prop_bufg_I_O)         0.101     3.634 r  clk_IBUF_BUFG_inst/O
                         net (fo=63, estimated)       1.736     5.370    DRV/CU/clk_IBUF_BUFG
    SLICE_X41Y62         FDCE                                         r  DRV/CU/r_count_reg[26]/C
  -------------------------------------------------------------------    -------------------
    SLICE_X41Y62         FDCE (Prop_fdce_C_Q)         0.456     5.826 r  DRV/CU/r_count_reg[26]/Q
                         net (fo=2, estimated)        0.829     6.655    DRV/CU/r_count_reg[26]
    SLICE_X38Y60         LUT4 (Prop_lut4_I0_O)        0.124     6.779 f  DRV/CU/FIFO_i_9/O
                         net (fo=1, estimated)        0.491     7.270    DRV/CU/FIFO_i_9_n_0
    SLICE_X40Y60         LUT5 (Prop_lut5_I4_O)        0.124     7.394 f  DRV/CU/FIFO_i_6/O
                         net (fo=22, estimated)       0.789     8.183    DRV/CU/FIFO_i_6_n_0
    SLICE_X40Y59         LUT5 (Prop_lut5_I1_O)        0.150     8.333 r  DRV/CU/FIFO_i_4/O
                         net (fo=14, estimated)       0.876     9.209    FIFO/U0/inst_fifo_gen/gconvfifo.rf/grf.rf/gntv_or_sync_fifo.gl1.lsshft/wsts/rd_en
    SLICE_X39Y60         LUT4 (Prop_lut4_I2_O)        0.352     9.561 r  FIFO/U0/inst_fifo_gen/gconvfifo.rf/grf.rf/gntv_or_sync_fifo.gl1.lsshft/wsts/count[3]_i_1/O
                         net (fo=12, estimated)       0.621    10.182    FIFO/U0/inst_fifo_gen/gconvfifo.rf/grf.rf/gntv_or_sync_fifo.gl1.lsshft/c0/E[0]
    SLICE_X39Y60         FDCE                                         r  FIFO/U0/inst_fifo_gen/gconvfifo.rf/grf.rf/gntv_or_sync_fifo.gl1.lsshft/c0/count_reg[1]/CE
  -------------------------------------------------------------------    -------------------

                         (clock sys_clk_pin rise edge)
                                                     10.000    10.000 r  
    H16                                               0.000    10.000 r  clk (IN)
                         net (fo=0)                   0.000    10.000    clk
    H16                  IBUF (Prop_ibuf_I_O)         1.387    11.387 r  clk_IBUF_inst/O
                         net (fo=1, estimated)        1.972    13.359    clk_IBUF
    BUFGCTRL_X0Y16       BUFG (Prop_bufg_I_O)         0.091    13.450 r  clk_IBUF_BUFG_inst/O
                         net (fo=63, estimated)       1.559    15.009    FIFO/U0/inst_fifo_gen/gconvfifo.rf/grf.rf/gntv_or_sync_fifo.gl1.lsshft/c0/clk
    SLICE_X39Y60         FDCE                                         r  FIFO/U0/inst_fifo_gen/gconvfifo.rf/grf.rf/gntv_or_sync_fifo.gl1.lsshft/c0/count_reg[1]/C
                         clock pessimism              0.299    15.308    
                         clock uncertainty           -0.035    15.273    
    SLICE_X39Y60         FDCE (Setup_fdce_C_CE)      -0.413    14.860    FIFO/U0/inst_fifo_gen/gconvfifo.rf/grf.rf/gntv_or_sync_fifo.gl1.lsshft/c0/count_reg[1]
  -------------------------------------------------------------------
                         required time                         14.860    
                         arrival time                         -10.182    
  -------------------------------------------------------------------
                         slack                                  4.678    

Slack (MET) :             4.678ns  (required time - arrival time)
  Source:                 DRV/CU/r_count_reg[26]/C
                            (rising edge-triggered cell FDCE clocked by sys_clk_pin  {rise@0.000ns fall@5.000ns period=10.000ns})
  Destination:            FIFO/U0/inst_fifo_gen/gconvfifo.rf/grf.rf/gntv_or_sync_fifo.gl1.lsshft/c0/count_reg[2]/CE
                            (rising edge-triggered cell FDCE clocked by sys_clk_pin  {rise@0.000ns fall@5.000ns period=10.000ns})
  Path Group:             sys_clk_pin
  Path Type:              Setup (Max at Slow Process Corner)
  Requirement:            10.000ns  (sys_clk_pin rise@10.000ns - sys_clk_pin rise@0.000ns)
  Data Path Delay:        4.812ns  (logic 1.206ns (25.062%)  route 3.606ns (74.938%))
  Logic Levels:           4  (LUT4=2 LUT5=2)
  Clock Path Skew:        -0.062ns (DCD - SCD + CPR)
    Destination Clock Delay (DCD):    5.009ns = ( 15.009 - 10.000 ) 
    Source Clock Delay      (SCD):    5.370ns
    Clock Pessimism Removal (CPR):    0.299ns
  Clock Uncertainty:      0.035ns  ((TSJ^2 + TIJ^2)^1/2 + DJ) / 2 + PE
    Total System Jitter     (TSJ):    0.071ns
    Total Input Jitter      (TIJ):    0.000ns
    Discrete Jitter          (DJ):    0.000ns
    Phase Error              (PE):    0.000ns

    Location             Delay type                Incr(ns)  Path(ns)    Netlist Resource(s)
  -------------------------------------------------------------------    -------------------
                         (clock sys_clk_pin rise edge)
                                                      0.000     0.000 r  
    H16                                               0.000     0.000 r  clk (IN)
                         net (fo=0)                   0.000     0.000    clk
    H16                  IBUF (Prop_ibuf_I_O)         1.457     1.457 r  clk_IBUF_inst/O
                         net (fo=1, estimated)        2.076     3.533    clk_IBUF
    BUFGCTRL_X0Y16       BUFG (Prop_bufg_I_O)         0.101     3.634 r  clk_IBUF_BUFG_inst/O
                         net (fo=63, estimated)       1.736     5.370    DRV/CU/clk_IBUF_BUFG
    SLICE_X41Y62         FDCE                                         r  DRV/CU/r_count_reg[26]/C
  -------------------------------------------------------------------    -------------------
    SLICE_X41Y62         FDCE (Prop_fdce_C_Q)         0.456     5.826 r  DRV/CU/r_count_reg[26]/Q
                         net (fo=2, estimated)        0.829     6.655    DRV/CU/r_count_reg[26]
    SLICE_X38Y60         LUT4 (Prop_lut4_I0_O)        0.124     6.779 f  DRV/CU/FIFO_i_9/O
                         net (fo=1, estimated)        0.491     7.270    DRV/CU/FIFO_i_9_n_0
    SLICE_X40Y60         LUT5 (Prop_lut5_I4_O)        0.124     7.394 f  DRV/CU/FIFO_i_6/O
                         net (fo=22, estimated)       0.789     8.183    DRV/CU/FIFO_i_6_n_0
    SLICE_X40Y59         LUT5 (Prop_lut5_I1_O)        0.150     8.333 r  DRV/CU/FIFO_i_4/O
                         net (fo=14, estimated)       0.876     9.209    FIFO/U0/inst_fifo_gen/gconvfifo.rf/grf.rf/gntv_or_sync_fifo.gl1.lsshft/wsts/rd_en
    SLICE_X39Y60         LUT4 (Prop_lut4_I2_O)        0.352     9.561 r  FIFO/U0/inst_fifo_gen/gconvfifo.rf/grf.rf/gntv_or_sync_fifo.gl1.lsshft/wsts/count[3]_i_1/O
                         net (fo=12, estimated)       0.621    10.182    FIFO/U0/inst_fifo_gen/gconvfifo.rf/grf.rf/gntv_or_sync_fifo.gl1.lsshft/c0/E[0]
    SLICE_X39Y60         FDCE                                         r  FIFO/U0/inst_fifo_gen/gconvfifo.rf/grf.rf/gntv_or_sync_fifo.gl1.lsshft/c0/count_reg[2]/CE
  -------------------------------------------------------------------    -------------------

                         (clock sys_clk_pin rise edge)
                                                     10.000    10.000 r  
    H16                                               0.000    10.000 r  clk (IN)
                         net (fo=0)                   0.000    10.000    clk
    H16                  IBUF (Prop_ibuf_I_O)         1.387    11.387 r  clk_IBUF_inst/O
                         net (fo=1, estimated)        1.972    13.359    clk_IBUF
    BUFGCTRL_X0Y16       BUFG (Prop_bufg_I_O)         0.091    13.450 r  clk_IBUF_BUFG_inst/O
                         net (fo=63, estimated)       1.559    15.009    FIFO/U0/inst_fifo_gen/gconvfifo.rf/grf.rf/gntv_or_sync_fifo.gl1.lsshft/c0/clk
    SLICE_X39Y60         FDCE                                         r  FIFO/U0/inst_fifo_gen/gconvfifo.rf/grf.rf/gntv_or_sync_fifo.gl1.lsshft/c0/count_reg[2]/C
                         clock pessimism              0.299    15.308    
                         clock uncertainty           -0.035    15.273    
    SLICE_X39Y60         FDCE (Setup_fdce_C_CE)      -0.413    14.860    FIFO/U0/inst_fifo_gen/gconvfifo.rf/grf.rf/gntv_or_sync_fifo.gl1.lsshft/c0/count_reg[2]
  -------------------------------------------------------------------
                         required time                         14.860    
                         arrival time                         -10.182    
  -------------------------------------------------------------------
                         slack                                  4.678    

Slack (MET) :             4.678ns  (required time - arrival time)
  Source:                 DRV/CU/r_count_reg[26]/C
                            (rising edge-triggered cell FDCE clocked by sys_clk_pin  {rise@0.000ns fall@5.000ns period=10.000ns})
  Destination:            FIFO/U0/inst_fifo_gen/gconvfifo.rf/grf.rf/gntv_or_sync_fifo.gl1.lsshft/crd/count_reg[1]/CE
                            (rising edge-triggered cell FDPE clocked by sys_clk_pin  {rise@0.000ns fall@5.000ns period=10.000ns})
  Path Group:             sys_clk_pin
  Path Type:              Setup (Max at Slow Process Corner)
  Requirement:            10.000ns  (sys_clk_pin rise@10.000ns - sys_clk_pin rise@0.000ns)
  Data Path Delay:        4.812ns  (logic 1.206ns (25.062%)  route 3.606ns (74.938%))
  Logic Levels:           4  (LUT4=2 LUT5=2)
  Clock Path Skew:        -0.062ns (DCD - SCD + CPR)
    Destination Clock Delay (DCD):    5.009ns = ( 15.009 - 10.000 ) 
    Source Clock Delay      (SCD):    5.370ns
    Clock Pessimism Removal (CPR):    0.299ns
  Clock Uncertainty:      0.035ns  ((TSJ^2 + TIJ^2)^1/2 + DJ) / 2 + PE
    Total System Jitter     (TSJ):    0.071ns
    Total Input Jitter      (TIJ):    0.000ns
    Discrete Jitter          (DJ):    0.000ns
    Phase Error              (PE):    0.000ns

    Location             Delay type                Incr(ns)  Path(ns)    Netlist Resource(s)
  -------------------------------------------------------------------    -------------------
                         (clock sys_clk_pin rise edge)
                                                      0.000     0.000 r  
    H16                                               0.000     0.000 r  clk (IN)
                         net (fo=0)                   0.000     0.000    clk
    H16                  IBUF (Prop_ibuf_I_O)         1.457     1.457 r  clk_IBUF_inst/O
                         net (fo=1, estimated)        2.076     3.533    clk_IBUF
    BUFGCTRL_X0Y16       BUFG (Prop_bufg_I_O)         0.101     3.634 r  clk_IBUF_BUFG_inst/O
                         net (fo=63, estimated)       1.736     5.370    DRV/CU/clk_IBUF_BUFG
    SLICE_X41Y62         FDCE                                         r  DRV/CU/r_count_reg[26]/C
  -------------------------------------------------------------------    -------------------
    SLICE_X41Y62         FDCE (Prop_fdce_C_Q)         0.456     5.826 r  DRV/CU/r_count_reg[26]/Q
                         net (fo=2, estimated)        0.829     6.655    DRV/CU/r_count_reg[26]
    SLICE_X38Y60         LUT4 (Prop_lut4_I0_O)        0.124     6.779 f  DRV/CU/FIFO_i_9/O
                         net (fo=1, estimated)        0.491     7.270    DRV/CU/FIFO_i_9_n_0
    SLICE_X40Y60         LUT5 (Prop_lut5_I4_O)        0.124     7.394 f  DRV/CU/FIFO_i_6/O
                         net (fo=22, estimated)       0.789     8.183    DRV/CU/FIFO_i_6_n_0
    SLICE_X40Y59         LUT5 (Prop_lut5_I1_O)        0.150     8.333 r  DRV/CU/FIFO_i_4/O
                         net (fo=14, estimated)       0.876     9.209    FIFO/U0/inst_fifo_gen/gconvfifo.rf/grf.rf/gntv_or_sync_fifo.gl1.lsshft/wsts/rd_en
    SLICE_X39Y60         LUT4 (Prop_lut4_I2_O)        0.352     9.561 r  FIFO/U0/inst_fifo_gen/gconvfifo.rf/grf.rf/gntv_or_sync_fifo.gl1.lsshft/wsts/count[3]_i_1/O
                         net (fo=12, estimated)       0.621    10.182    FIFO/U0/inst_fifo_gen/gconvfifo.rf/grf.rf/gntv_or_sync_fifo.gl1.lsshft/crd/E[0]
    SLICE_X39Y60         FDPE                                         r  FIFO/U0/inst_fifo_gen/gconvfifo.rf/grf.rf/gntv_or_sync_fifo.gl1.lsshft/crd/count_reg[1]/CE
  -------------------------------------------------------------------    -------------------

                         (clock sys_clk_pin rise edge)
                                                     10.000    10.000 r  
    H16                                               0.000    10.000 r  clk (IN)
                         net (fo=0)                   0.000    10.000    clk
    H16                  IBUF (Prop_ibuf_I_O)         1.387    11.387 r  clk_IBUF_inst/O
                         net (fo=1, estimated)        1.972    13.359    clk_IBUF
    BUFGCTRL_X0Y16       BUFG (Prop_bufg_I_O)         0.091    13.450 r  clk_IBUF_BUFG_inst/O
                         net (fo=63, estimated)       1.559    15.009    FIFO/U0/inst_fifo_gen/gconvfifo.rf/grf.rf/gntv_or_sync_fifo.gl1.lsshft/crd/clk
    SLICE_X39Y60         FDPE                                         r  FIFO/U0/inst_fifo_gen/gconvfifo.rf/grf.rf/gntv_or_sync_fifo.gl1.lsshft/crd/count_reg[1]/C
                         clock pessimism              0.299    15.308    
                         clock uncertainty           -0.035    15.273    
    SLICE_X39Y60         FDPE (Setup_fdpe_C_CE)      -0.413    14.860    FIFO/U0/inst_fifo_gen/gconvfifo.rf/grf.rf/gntv_or_sync_fifo.gl1.lsshft/crd/count_reg[1]
  -------------------------------------------------------------------
                         required time                         14.860    
                         arrival time                         -10.182    
  -------------------------------------------------------------------
                         slack                                  4.678    

Slack (MET) :             4.678ns  (required time - arrival time)
  Source:                 DRV/CU/r_count_reg[26]/C
                            (rising edge-triggered cell FDCE clocked by sys_clk_pin  {rise@0.000ns fall@5.000ns period=10.000ns})
  Destination:            FIFO/U0/inst_fifo_gen/gconvfifo.rf/grf.rf/gntv_or_sync_fifo.gl1.lsshft/crd/count_reg[2]/CE
                            (rising edge-triggered cell FDPE clocked by sys_clk_pin  {rise@0.000ns fall@5.000ns period=10.000ns})
  Path Group:             sys_clk_pin
  Path Type:              Setup (Max at Slow Process Corner)
  Requirement:            10.000ns  (sys_clk_pin rise@10.000ns - sys_clk_pin rise@0.000ns)
  Data Path Delay:        4.812ns  (logic 1.206ns (25.062%)  route 3.606ns (74.938%))
  Logic Levels:           4  (LUT4=2 LUT5=2)
  Clock Path Skew:        -0.062ns (DCD - SCD + CPR)
    Destination Clock Delay (DCD):    5.009ns = ( 15.009 - 10.000 ) 
    Source Clock Delay      (SCD):    5.370ns
    Clock Pessimism Removal (CPR):    0.299ns
  Clock Uncertainty:      0.035ns  ((TSJ^2 + TIJ^2)^1/2 + DJ) / 2 + PE
    Total System Jitter     (TSJ):    0.071ns
    Total Input Jitter      (TIJ):    0.000ns
    Discrete Jitter          (DJ):    0.000ns
    Phase Error              (PE):    0.000ns

    Location             Delay type                Incr(ns)  Path(ns)    Netlist Resource(s)
  -------------------------------------------------------------------    -------------------
                         (clock sys_clk_pin rise edge)
                                                      0.000     0.000 r  
    H16                                               0.000     0.000 r  clk (IN)
                         net (fo=0)                   0.000     0.000    clk
    H16                  IBUF (Prop_ibuf_I_O)         1.457     1.457 r  clk_IBUF_inst/O
                         net (fo=1, estimated)        2.076     3.533    clk_IBUF
    BUFGCTRL_X0Y16       BUFG (Prop_bufg_I_O)         0.101     3.634 r  clk_IBUF_BUFG_inst/O
                         net (fo=63, estimated)       1.736     5.370    DRV/CU/clk_IBUF_BUFG
    SLICE_X41Y62         FDCE                                         r  DRV/CU/r_count_reg[26]/C
  -------------------------------------------------------------------    -------------------
    SLICE_X41Y62         FDCE (Prop_fdce_C_Q)         0.456     5.826 r  DRV/CU/r_count_reg[26]/Q
                         net (fo=2, estimated)        0.829     6.655    DRV/CU/r_count_reg[26]
    SLICE_X38Y60         LUT4 (Prop_lut4_I0_O)        0.124     6.779 f  DRV/CU/FIFO_i_9/O
                         net (fo=1, estimated)        0.491     7.270    DRV/CU/FIFO_i_9_n_0
    SLICE_X40Y60         LUT5 (Prop_lut5_I4_O)        0.124     7.394 f  DRV/CU/FIFO_i_6/O
                         net (fo=22, estimated)       0.789     8.183    DRV/CU/FIFO_i_6_n_0
    SLICE_X40Y59         LUT5 (Prop_lut5_I1_O)        0.150     8.333 r  DRV/CU/FIFO_i_4/O
                         net (fo=14, estimated)       0.876     9.209    FIFO/U0/inst_fifo_gen/gconvfifo.rf/grf.rf/gntv_or_sync_fifo.gl1.lsshft/wsts/rd_en
    SLICE_X39Y60         LUT4 (Prop_lut4_I2_O)        0.352     9.561 r  FIFO/U0/inst_fifo_gen/gconvfifo.rf/grf.rf/gntv_or_sync_fifo.gl1.lsshft/wsts/count[3]_i_1/O
                         net (fo=12, estimated)       0.621    10.182    FIFO/U0/inst_fifo_gen/gconvfifo.rf/grf.rf/gntv_or_sync_fifo.gl1.lsshft/crd/E[0]
    SLICE_X39Y60         FDPE                                         r  FIFO/U0/inst_fifo_gen/gconvfifo.rf/grf.rf/gntv_or_sync_fifo.gl1.lsshft/crd/count_reg[2]/CE
  -------------------------------------------------------------------    -------------------

                         (clock sys_clk_pin rise edge)
                                                     10.000    10.000 r  
    H16                                               0.000    10.000 r  clk (IN)
                         net (fo=0)                   0.000    10.000    clk
    H16                  IBUF (Prop_ibuf_I_O)         1.387    11.387 r  clk_IBUF_inst/O
                         net (fo=1, estimated)        1.972    13.359    clk_IBUF
    BUFGCTRL_X0Y16       BUFG (Prop_bufg_I_O)         0.091    13.450 r  clk_IBUF_BUFG_inst/O
                         net (fo=63, estimated)       1.559    15.009    FIFO/U0/inst_fifo_gen/gconvfifo.rf/grf.rf/gntv_or_sync_fifo.gl1.lsshft/crd/clk
    SLICE_X39Y60         FDPE                                         r  FIFO/U0/inst_fifo_gen/gconvfifo.rf/grf.rf/gntv_or_sync_fifo.gl1.lsshft/crd/count_reg[2]/C
                         clock pessimism              0.299    15.308    
                         clock uncertainty           -0.035    15.273    
    SLICE_X39Y60         FDPE (Setup_fdpe_C_CE)      -0.413    14.860    FIFO/U0/inst_fifo_gen/gconvfifo.rf/grf.rf/gntv_or_sync_fifo.gl1.lsshft/crd/count_reg[2]
  -------------------------------------------------------------------
                         required time                         14.860    
                         arrival time                         -10.182    
  -------------------------------------------------------------------
                         slack                                  4.678    

Slack (MET) :             4.678ns  (required time - arrival time)
  Source:                 DRV/CU/r_count_reg[26]/C
                            (rising edge-triggered cell FDCE clocked by sys_clk_pin  {rise@0.000ns fall@5.000ns period=10.000ns})
  Destination:            FIFO/U0/inst_fifo_gen/gconvfifo.rf/grf.rf/gntv_or_sync_fifo.gl1.lsshft/crd/count_reg[3]/CE
                            (rising edge-triggered cell FDPE clocked by sys_clk_pin  {rise@0.000ns fall@5.000ns period=10.000ns})
  Path Group:             sys_clk_pin
  Path Type:              Setup (Max at Slow Process Corner)
  Requirement:            10.000ns  (sys_clk_pin rise@10.000ns - sys_clk_pin rise@0.000ns)
  Data Path Delay:        4.812ns  (logic 1.206ns (25.062%)  route 3.606ns (74.938%))
  Logic Levels:           4  (LUT4=2 LUT5=2)
  Clock Path Skew:        -0.062ns (DCD - SCD + CPR)
    Destination Clock Delay (DCD):    5.009ns = ( 15.009 - 10.000 ) 
    Source Clock Delay      (SCD):    5.370ns
    Clock Pessimism Removal (CPR):    0.299ns
  Clock Uncertainty:      0.035ns  ((TSJ^2 + TIJ^2)^1/2 + DJ) / 2 + PE
    Total System Jitter     (TSJ):    0.071ns
    Total Input Jitter      (TIJ):    0.000ns
    Discrete Jitter          (DJ):    0.000ns
    Phase Error              (PE):    0.000ns

    Location             Delay type                Incr(ns)  Path(ns)    Netlist Resource(s)
  -------------------------------------------------------------------    -------------------
                         (clock sys_clk_pin rise edge)
                                                      0.000     0.000 r  
    H16                                               0.000     0.000 r  clk (IN)
                         net (fo=0)                   0.000     0.000    clk
    H16                  IBUF (Prop_ibuf_I_O)         1.457     1.457 r  clk_IBUF_inst/O
                         net (fo=1, estimated)        2.076     3.533    clk_IBUF
    BUFGCTRL_X0Y16       BUFG (Prop_bufg_I_O)         0.101     3.634 r  clk_IBUF_BUFG_inst/O
                         net (fo=63, estimated)       1.736     5.370    DRV/CU/clk_IBUF_BUFG
    SLICE_X41Y62         FDCE                                         r  DRV/CU/r_count_reg[26]/C
  -------------------------------------------------------------------    -------------------
    SLICE_X41Y62         FDCE (Prop_fdce_C_Q)         0.456     5.826 r  DRV/CU/r_count_reg[26]/Q
                         net (fo=2, estimated)        0.829     6.655    DRV/CU/r_count_reg[26]
    SLICE_X38Y60         LUT4 (Prop_lut4_I0_O)        0.124     6.779 f  DRV/CU/FIFO_i_9/O
                         net (fo=1, estimated)        0.491     7.270    DRV/CU/FIFO_i_9_n_0
    SLICE_X40Y60         LUT5 (Prop_lut5_I4_O)        0.124     7.394 f  DRV/CU/FIFO_i_6/O
                         net (fo=22, estimated)       0.789     8.183    DRV/CU/FIFO_i_6_n_0
    SLICE_X40Y59         LUT5 (Prop_lut5_I1_O)        0.150     8.333 r  DRV/CU/FIFO_i_4/O
                         net (fo=14, estimated)       0.876     9.209    FIFO/U0/inst_fifo_gen/gconvfifo.rf/grf.rf/gntv_or_sync_fifo.gl1.lsshft/wsts/rd_en
    SLICE_X39Y60         LUT4 (Prop_lut4_I2_O)        0.352     9.561 r  FIFO/U0/inst_fifo_gen/gconvfifo.rf/grf.rf/gntv_or_sync_fifo.gl1.lsshft/wsts/count[3]_i_1/O
                         net (fo=12, estimated)       0.621    10.182    FIFO/U0/inst_fifo_gen/gconvfifo.rf/grf.rf/gntv_or_sync_fifo.gl1.lsshft/crd/E[0]
    SLICE_X39Y60         FDPE                                         r  FIFO/U0/inst_fifo_gen/gconvfifo.rf/grf.rf/gntv_or_sync_fifo.gl1.lsshft/crd/count_reg[3]/CE
  -------------------------------------------------------------------    -------------------

                         (clock sys_clk_pin rise edge)
                                                     10.000    10.000 r  
    H16                                               0.000    10.000 r  clk (IN)
                         net (fo=0)                   0.000    10.000    clk
    H16                  IBUF (Prop_ibuf_I_O)         1.387    11.387 r  clk_IBUF_inst/O
                         net (fo=1, estimated)        1.972    13.359    clk_IBUF
    BUFGCTRL_X0Y16       BUFG (Prop_bufg_I_O)         0.091    13.450 r  clk_IBUF_BUFG_inst/O
                         net (fo=63, estimated)       1.559    15.009    FIFO/U0/inst_fifo_gen/gconvfifo.rf/grf.rf/gntv_or_sync_fifo.gl1.lsshft/crd/clk
    SLICE_X39Y60         FDPE                                         r  FIFO/U0/inst_fifo_gen/gconvfifo.rf/grf.rf/gntv_or_sync_fifo.gl1.lsshft/crd/count_reg[3]/C
                         clock pessimism              0.299    15.308    
                         clock uncertainty           -0.035    15.273    
    SLICE_X39Y60         FDPE (Setup_fdpe_C_CE)      -0.413    14.860    FIFO/U0/inst_fifo_gen/gconvfifo.rf/grf.rf/gntv_or_sync_fifo.gl1.lsshft/crd/count_reg[3]
  -------------------------------------------------------------------
                         required time                         14.860    
                         arrival time                         -10.182    
  -------------------------------------------------------------------
                         slack                                  4.678    

Slack (MET) :             4.763ns  (required time - arrival time)
  Source:                 DRV/CU/r_count_reg[26]/C
                            (rising edge-triggered cell FDCE clocked by sys_clk_pin  {rise@0.000ns fall@5.000ns period=10.000ns})
  Destination:            FIFO/U0/inst_fifo_gen/gconvfifo.rf/grf.rf/gntv_or_sync_fifo.gl1.lsshft/c0/count_reg[3]/CE
                            (rising edge-triggered cell FDCE clocked by sys_clk_pin  {rise@0.000ns fall@5.000ns period=10.000ns})
  Path Group:             sys_clk_pin
  Path Type:              Setup (Max at Slow Process Corner)
  Requirement:            10.000ns  (sys_clk_pin rise@10.000ns - sys_clk_pin rise@0.000ns)
  Data Path Delay:        4.763ns  (logic 1.206ns (25.320%)  route 3.557ns (74.680%))
  Logic Levels:           4  (LUT4=2 LUT5=2)
  Clock Path Skew:        -0.062ns (DCD - SCD + CPR)
    Destination Clock Delay (DCD):    5.009ns = ( 15.009 - 10.000 ) 
    Source Clock Delay      (SCD):    5.370ns
    Clock Pessimism Removal (CPR):    0.299ns
  Clock Uncertainty:      0.035ns  ((TSJ^2 + TIJ^2)^1/2 + DJ) / 2 + PE
    Total System Jitter     (TSJ):    0.071ns
    Total Input Jitter      (TIJ):    0.000ns
    Discrete Jitter          (DJ):    0.000ns
    Phase Error              (PE):    0.000ns

    Location             Delay type                Incr(ns)  Path(ns)    Netlist Resource(s)
  -------------------------------------------------------------------    -------------------
                         (clock sys_clk_pin rise edge)
                                                      0.000     0.000 r  
    H16                                               0.000     0.000 r  clk (IN)
                         net (fo=0)                   0.000     0.000    clk
    H16                  IBUF (Prop_ibuf_I_O)         1.457     1.457 r  clk_IBUF_inst/O
                         net (fo=1, estimated)        2.076     3.533    clk_IBUF
    BUFGCTRL_X0Y16       BUFG (Prop_bufg_I_O)         0.101     3.634 r  clk_IBUF_BUFG_inst/O
                         net (fo=63, estimated)       1.736     5.370    DRV/CU/clk_IBUF_BUFG
    SLICE_X41Y62         FDCE                                         r  DRV/CU/r_count_reg[26]/C
  -------------------------------------------------------------------    -------------------
    SLICE_X41Y62         FDCE (Prop_fdce_C_Q)         0.456     5.826 r  DRV/CU/r_count_reg[26]/Q
                         net (fo=2, estimated)        0.829     6.655    DRV/CU/r_count_reg[26]
    SLICE_X38Y60         LUT4 (Prop_lut4_I0_O)        0.124     6.779 f  DRV/CU/FIFO_i_9/O
                         net (fo=1, estimated)        0.491     7.270    DRV/CU/FIFO_i_9_n_0
    SLICE_X40Y60         LUT5 (Prop_lut5_I4_O)        0.124     7.394 f  DRV/CU/FIFO_i_6/O
                         net (fo=22, estimated)       0.789     8.183    DRV/CU/FIFO_i_6_n_0
    SLICE_X40Y59         LUT5 (Prop_lut5_I1_O)        0.150     8.333 r  DRV/CU/FIFO_i_4/O
                         net (fo=14, estimated)       0.876     9.209    FIFO/U0/inst_fifo_gen/gconvfifo.rf/grf.rf/gntv_or_sync_fifo.gl1.lsshft/wsts/rd_en
    SLICE_X39Y60         LUT4 (Prop_lut4_I2_O)        0.352     9.561 r  FIFO/U0/inst_fifo_gen/gconvfifo.rf/grf.rf/gntv_or_sync_fifo.gl1.lsshft/wsts/count[3]_i_1/O
                         net (fo=12, estimated)       0.572    10.133    FIFO/U0/inst_fifo_gen/gconvfifo.rf/grf.rf/gntv_or_sync_fifo.gl1.lsshft/c0/E[0]
    SLICE_X38Y59         FDCE                                         r  FIFO/U0/inst_fifo_gen/gconvfifo.rf/grf.rf/gntv_or_sync_fifo.gl1.lsshft/c0/count_reg[3]/CE
  -------------------------------------------------------------------    -------------------

                         (clock sys_clk_pin rise edge)
                                                     10.000    10.000 r  
    H16                                               0.000    10.000 r  clk (IN)
                         net (fo=0)                   0.000    10.000    clk
    H16                  IBUF (Prop_ibuf_I_O)         1.387    11.387 r  clk_IBUF_inst/O
                         net (fo=1, estimated)        1.972    13.359    clk_IBUF
    BUFGCTRL_X0Y16       BUFG (Prop_bufg_I_O)         0.091    13.450 r  clk_IBUF_BUFG_inst/O
                         net (fo=63, estimated)       1.559    15.009    FIFO/U0/inst_fifo_gen/gconvfifo.rf/grf.rf/gntv_or_sync_fifo.gl1.lsshft/c0/clk
    SLICE_X38Y59         FDCE                                         r  FIFO/U0/inst_fifo_gen/gconvfifo.rf/grf.rf/gntv_or_sync_fifo.gl1.lsshft/c0/count_reg[3]/C
                         clock pessimism              0.299    15.308    
                         clock uncertainty           -0.035    15.273    
    SLICE_X38Y59         FDCE (Setup_fdce_C_CE)      -0.377    14.896    FIFO/U0/inst_fifo_gen/gconvfifo.rf/grf.rf/gntv_or_sync_fifo.gl1.lsshft/c0/count_reg[3]
  -------------------------------------------------------------------
                         required time                         14.896    
                         arrival time                         -10.133    
  -------------------------------------------------------------------
                         slack                                  4.763    

Slack (MET) :             4.793ns  (required time - arrival time)
  Source:                 DRV/CU/r_count_reg[26]/C
                            (rising edge-triggered cell FDCE clocked by sys_clk_pin  {rise@0.000ns fall@5.000ns period=10.000ns})
  Destination:            FIFO/U0/inst_fifo_gen/gconvfifo.rf/grf.rf/gntv_or_sync_fifo.gl1.lsshft/c1/count_reg[0]/CE
                            (rising edge-triggered cell FDPE clocked by sys_clk_pin  {rise@0.000ns fall@5.000ns period=10.000ns})
  Path Group:             sys_clk_pin
  Path Type:              Setup (Max at Slow Process Corner)
  Requirement:            10.000ns  (sys_clk_pin rise@10.000ns - sys_clk_pin rise@0.000ns)
  Data Path Delay:        4.732ns  (logic 1.206ns (25.486%)  route 3.526ns (74.514%))
  Logic Levels:           4  (LUT4=2 LUT5=2)
  Clock Path Skew:        -0.063ns (DCD - SCD + CPR)
    Destination Clock Delay (DCD):    5.008ns = ( 15.008 - 10.000 ) 
    Source Clock Delay      (SCD):    5.370ns
    Clock Pessimism Removal (CPR):    0.299ns
  Clock Uncertainty:      0.035ns  ((TSJ^2 + TIJ^2)^1/2 + DJ) / 2 + PE
    Total System Jitter     (TSJ):    0.071ns
    Total Input Jitter      (TIJ):    0.000ns
    Discrete Jitter          (DJ):    0.000ns
    Phase Error              (PE):    0.000ns

    Location             Delay type                Incr(ns)  Path(ns)    Netlist Resource(s)
  -------------------------------------------------------------------    -------------------
                         (clock sys_clk_pin rise edge)
                                                      0.000     0.000 r  
    H16                                               0.000     0.000 r  clk (IN)
                         net (fo=0)                   0.000     0.000    clk
    H16                  IBUF (Prop_ibuf_I_O)         1.457     1.457 r  clk_IBUF_inst/O
                         net (fo=1, estimated)        2.076     3.533    clk_IBUF
    BUFGCTRL_X0Y16       BUFG (Prop_bufg_I_O)         0.101     3.634 r  clk_IBUF_BUFG_inst/O
                         net (fo=63, estimated)       1.736     5.370    DRV/CU/clk_IBUF_BUFG
    SLICE_X41Y62         FDCE                                         r  DRV/CU/r_count_reg[26]/C
  -------------------------------------------------------------------    -------------------
    SLICE_X41Y62         FDCE (Prop_fdce_C_Q)         0.456     5.826 r  DRV/CU/r_count_reg[26]/Q
                         net (fo=2, estimated)        0.829     6.655    DRV/CU/r_count_reg[26]
    SLICE_X38Y60         LUT4 (Prop_lut4_I0_O)        0.124     6.779 f  DRV/CU/FIFO_i_9/O
                         net (fo=1, estimated)        0.491     7.270    DRV/CU/FIFO_i_9_n_0
    SLICE_X40Y60         LUT5 (Prop_lut5_I4_O)        0.124     7.394 f  DRV/CU/FIFO_i_6/O
                         net (fo=22, estimated)       0.789     8.183    DRV/CU/FIFO_i_6_n_0
    SLICE_X40Y59         LUT5 (Prop_lut5_I1_O)        0.150     8.333 r  DRV/CU/FIFO_i_4/O
                         net (fo=14, estimated)       0.876     9.209    FIFO/U0/inst_fifo_gen/gconvfifo.rf/grf.rf/gntv_or_sync_fifo.gl1.lsshft/wsts/rd_en
    SLICE_X39Y60         LUT4 (Prop_lut4_I2_O)        0.352     9.561 r  FIFO/U0/inst_fifo_gen/gconvfifo.rf/grf.rf/gntv_or_sync_fifo.gl1.lsshft/wsts/count[3]_i_1/O
                         net (fo=12, estimated)       0.541    10.102    FIFO/U0/inst_fifo_gen/gconvfifo.rf/grf.rf/gntv_or_sync_fifo.gl1.lsshft/c1/E[0]
    SLICE_X38Y61         FDPE                                         r  FIFO/U0/inst_fifo_gen/gconvfifo.rf/grf.rf/gntv_or_sync_fifo.gl1.lsshft/c1/count_reg[0]/CE
  -------------------------------------------------------------------    -------------------

                         (clock sys_clk_pin rise edge)
                                                     10.000    10.000 r  
    H16                                               0.000    10.000 r  clk (IN)
                         net (fo=0)                   0.000    10.000    clk
    H16                  IBUF (Prop_ibuf_I_O)         1.387    11.387 r  clk_IBUF_inst/O
                         net (fo=1, estimated)        1.972    13.359    clk_IBUF
    BUFGCTRL_X0Y16       BUFG (Prop_bufg_I_O)         0.091    13.450 r  clk_IBUF_BUFG_inst/O
                         net (fo=63, estimated)       1.558    15.008    FIFO/U0/inst_fifo_gen/gconvfifo.rf/grf.rf/gntv_or_sync_fifo.gl1.lsshft/c1/clk
    SLICE_X38Y61         FDPE                                         r  FIFO/U0/inst_fifo_gen/gconvfifo.rf/grf.rf/gntv_or_sync_fifo.gl1.lsshft/c1/count_reg[0]/C
                         clock pessimism              0.299    15.307    
                         clock uncertainty           -0.035    15.272    
    SLICE_X38Y61         FDPE (Setup_fdpe_C_CE)      -0.377    14.895    FIFO/U0/inst_fifo_gen/gconvfifo.rf/grf.rf/gntv_or_sync_fifo.gl1.lsshft/c1/count_reg[0]
  -------------------------------------------------------------------
                         required time                         14.895    
                         arrival time                         -10.102    
  -------------------------------------------------------------------
                         slack                                  4.793    

Slack (MET) :             4.793ns  (required time - arrival time)
  Source:                 DRV/CU/r_count_reg[26]/C
                            (rising edge-triggered cell FDCE clocked by sys_clk_pin  {rise@0.000ns fall@5.000ns period=10.000ns})
  Destination:            FIFO/U0/inst_fifo_gen/gconvfifo.rf/grf.rf/gntv_or_sync_fifo.gl1.lsshft/c1/count_reg[1]/CE
                            (rising edge-triggered cell FDCE clocked by sys_clk_pin  {rise@0.000ns fall@5.000ns period=10.000ns})
  Path Group:             sys_clk_pin
  Path Type:              Setup (Max at Slow Process Corner)
  Requirement:            10.000ns  (sys_clk_pin rise@10.000ns - sys_clk_pin rise@0.000ns)
  Data Path Delay:        4.732ns  (logic 1.206ns (25.486%)  route 3.526ns (74.514%))
  Logic Levels:           4  (LUT4=2 LUT5=2)
  Clock Path Skew:        -0.063ns (DCD - SCD + CPR)
    Destination Clock Delay (DCD):    5.008ns = ( 15.008 - 10.000 ) 
    Source Clock Delay      (SCD):    5.370ns
    Clock Pessimism Removal (CPR):    0.299ns
  Clock Uncertainty:      0.035ns  ((TSJ^2 + TIJ^2)^1/2 + DJ) / 2 + PE
    Total System Jitter     (TSJ):    0.071ns
    Total Input Jitter      (TIJ):    0.000ns
    Discrete Jitter          (DJ):    0.000ns
    Phase Error              (PE):    0.000ns

    Location             Delay type                Incr(ns)  Path(ns)    Netlist Resource(s)
  -------------------------------------------------------------------    -------------------
                         (clock sys_clk_pin rise edge)
                                                      0.000     0.000 r  
    H16                                               0.000     0.000 r  clk (IN)
                         net (fo=0)                   0.000     0.000    clk
    H16                  IBUF (Prop_ibuf_I_O)         1.457     1.457 r  clk_IBUF_inst/O
                         net (fo=1, estimated)        2.076     3.533    clk_IBUF
    BUFGCTRL_X0Y16       BUFG (Prop_bufg_I_O)         0.101     3.634 r  clk_IBUF_BUFG_inst/O
                         net (fo=63, estimated)       1.736     5.370    DRV/CU/clk_IBUF_BUFG
    SLICE_X41Y62         FDCE                                         r  DRV/CU/r_count_reg[26]/C
  -------------------------------------------------------------------    -------------------
    SLICE_X41Y62         FDCE (Prop_fdce_C_Q)         0.456     5.826 r  DRV/CU/r_count_reg[26]/Q
                         net (fo=2, estimated)        0.829     6.655    DRV/CU/r_count_reg[26]
    SLICE_X38Y60         LUT4 (Prop_lut4_I0_O)        0.124     6.779 f  DRV/CU/FIFO_i_9/O
                         net (fo=1, estimated)        0.491     7.270    DRV/CU/FIFO_i_9_n_0
    SLICE_X40Y60         LUT5 (Prop_lut5_I4_O)        0.124     7.394 f  DRV/CU/FIFO_i_6/O
                         net (fo=22, estimated)       0.789     8.183    DRV/CU/FIFO_i_6_n_0
    SLICE_X40Y59         LUT5 (Prop_lut5_I1_O)        0.150     8.333 r  DRV/CU/FIFO_i_4/O
                         net (fo=14, estimated)       0.876     9.209    FIFO/U0/inst_fifo_gen/gconvfifo.rf/grf.rf/gntv_or_sync_fifo.gl1.lsshft/wsts/rd_en
    SLICE_X39Y60         LUT4 (Prop_lut4_I2_O)        0.352     9.561 r  FIFO/U0/inst_fifo_gen/gconvfifo.rf/grf.rf/gntv_or_sync_fifo.gl1.lsshft/wsts/count[3]_i_1/O
                         net (fo=12, estimated)       0.541    10.102    FIFO/U0/inst_fifo_gen/gconvfifo.rf/grf.rf/gntv_or_sync_fifo.gl1.lsshft/c1/E[0]
    SLICE_X38Y61         FDCE                                         r  FIFO/U0/inst_fifo_gen/gconvfifo.rf/grf.rf/gntv_or_sync_fifo.gl1.lsshft/c1/count_reg[1]/CE
  -------------------------------------------------------------------    -------------------

                         (clock sys_clk_pin rise edge)
                                                     10.000    10.000 r  
    H16                                               0.000    10.000 r  clk (IN)
                         net (fo=0)                   0.000    10.000    clk
    H16                  IBUF (Prop_ibuf_I_O)         1.387    11.387 r  clk_IBUF_inst/O
                         net (fo=1, estimated)        1.972    13.359    clk_IBUF
    BUFGCTRL_X0Y16       BUFG (Prop_bufg_I_O)         0.091    13.450 r  clk_IBUF_BUFG_inst/O
                         net (fo=63, estimated)       1.558    15.008    FIFO/U0/inst_fifo_gen/gconvfifo.rf/grf.rf/gntv_or_sync_fifo.gl1.lsshft/c1/clk
    SLICE_X38Y61         FDCE                                         r  FIFO/U0/inst_fifo_gen/gconvfifo.rf/grf.rf/gntv_or_sync_fifo.gl1.lsshft/c1/count_reg[1]/C
                         clock pessimism              0.299    15.307    
                         clock uncertainty           -0.035    15.272    
    SLICE_X38Y61         FDCE (Setup_fdce_C_CE)      -0.377    14.895    FIFO/U0/inst_fifo_gen/gconvfifo.rf/grf.rf/gntv_or_sync_fifo.gl1.lsshft/c1/count_reg[1]
  -------------------------------------------------------------------
                         required time                         14.895    
                         arrival time                         -10.102    
  -------------------------------------------------------------------
                         slack                                  4.793    

Slack (MET) :             4.793ns  (required time - arrival time)
  Source:                 DRV/CU/r_count_reg[26]/C
                            (rising edge-triggered cell FDCE clocked by sys_clk_pin  {rise@0.000ns fall@5.000ns period=10.000ns})
  Destination:            FIFO/U0/inst_fifo_gen/gconvfifo.rf/grf.rf/gntv_or_sync_fifo.gl1.lsshft/c1/count_reg[2]/CE
                            (rising edge-triggered cell FDCE clocked by sys_clk_pin  {rise@0.000ns fall@5.000ns period=10.000ns})
  Path Group:             sys_clk_pin
  Path Type:              Setup (Max at Slow Process Corner)
  Requirement:            10.000ns  (sys_clk_pin rise@10.000ns - sys_clk_pin rise@0.000ns)
  Data Path Delay:        4.732ns  (logic 1.206ns (25.486%)  route 3.526ns (74.514%))
  Logic Levels:           4  (LUT4=2 LUT5=2)
  Clock Path Skew:        -0.063ns (DCD - SCD + CPR)
    Destination Clock Delay (DCD):    5.008ns = ( 15.008 - 10.000 ) 
    Source Clock Delay      (SCD):    5.370ns
    Clock Pessimism Removal (CPR):    0.299ns
  Clock Uncertainty:      0.035ns  ((TSJ^2 + TIJ^2)^1/2 + DJ) / 2 + PE
    Total System Jitter     (TSJ):    0.071ns
    Total Input Jitter      (TIJ):    0.000ns
    Discrete Jitter          (DJ):    0.000ns
    Phase Error              (PE):    0.000ns

    Location             Delay type                Incr(ns)  Path(ns)    Netlist Resource(s)
  -------------------------------------------------------------------    -------------------
                         (clock sys_clk_pin rise edge)
                                                      0.000     0.000 r  
    H16                                               0.000     0.000 r  clk (IN)
                         net (fo=0)                   0.000     0.000    clk
    H16                  IBUF (Prop_ibuf_I_O)         1.457     1.457 r  clk_IBUF_inst/O
                         net (fo=1, estimated)        2.076     3.533    clk_IBUF
    BUFGCTRL_X0Y16       BUFG (Prop_bufg_I_O)         0.101     3.634 r  clk_IBUF_BUFG_inst/O
                         net (fo=63, estimated)       1.736     5.370    DRV/CU/clk_IBUF_BUFG
    SLICE_X41Y62         FDCE                                         r  DRV/CU/r_count_reg[26]/C
  -------------------------------------------------------------------    -------------------
    SLICE_X41Y62         FDCE (Prop_fdce_C_Q)         0.456     5.826 r  DRV/CU/r_count_reg[26]/Q
                         net (fo=2, estimated)        0.829     6.655    DRV/CU/r_count_reg[26]
    SLICE_X38Y60         LUT4 (Prop_lut4_I0_O)        0.124     6.779 f  DRV/CU/FIFO_i_9/O
                         net (fo=1, estimated)        0.491     7.270    DRV/CU/FIFO_i_9_n_0
    SLICE_X40Y60         LUT5 (Prop_lut5_I4_O)        0.124     7.394 f  DRV/CU/FIFO_i_6/O
                         net (fo=22, estimated)       0.789     8.183    DRV/CU/FIFO_i_6_n_0
    SLICE_X40Y59         LUT5 (Prop_lut5_I1_O)        0.150     8.333 r  DRV/CU/FIFO_i_4/O
                         net (fo=14, estimated)       0.876     9.209    FIFO/U0/inst_fifo_gen/gconvfifo.rf/grf.rf/gntv_or_sync_fifo.gl1.lsshft/wsts/rd_en
    SLICE_X39Y60         LUT4 (Prop_lut4_I2_O)        0.352     9.561 r  FIFO/U0/inst_fifo_gen/gconvfifo.rf/grf.rf/gntv_or_sync_fifo.gl1.lsshft/wsts/count[3]_i_1/O
                         net (fo=12, estimated)       0.541    10.102    FIFO/U0/inst_fifo_gen/gconvfifo.rf/grf.rf/gntv_or_sync_fifo.gl1.lsshft/c1/E[0]
    SLICE_X38Y61         FDCE                                         r  FIFO/U0/inst_fifo_gen/gconvfifo.rf/grf.rf/gntv_or_sync_fifo.gl1.lsshft/c1/count_reg[2]/CE
  -------------------------------------------------------------------    -------------------

                         (clock sys_clk_pin rise edge)
                                                     10.000    10.000 r  
    H16                                               0.000    10.000 r  clk (IN)
                         net (fo=0)                   0.000    10.000    clk
    H16                  IBUF (Prop_ibuf_I_O)         1.387    11.387 r  clk_IBUF_inst/O
                         net (fo=1, estimated)        1.972    13.359    clk_IBUF
    BUFGCTRL_X0Y16       BUFG (Prop_bufg_I_O)         0.091    13.450 r  clk_IBUF_BUFG_inst/O
                         net (fo=63, estimated)       1.558    15.008    FIFO/U0/inst_fifo_gen/gconvfifo.rf/grf.rf/gntv_or_sync_fifo.gl1.lsshft/c1/clk
    SLICE_X38Y61         FDCE                                         r  FIFO/U0/inst_fifo_gen/gconvfifo.rf/grf.rf/gntv_or_sync_fifo.gl1.lsshft/c1/count_reg[2]/C
                         clock pessimism              0.299    15.307    
                         clock uncertainty           -0.035    15.272    
    SLICE_X38Y61         FDCE (Setup_fdce_C_CE)      -0.377    14.895    FIFO/U0/inst_fifo_gen/gconvfifo.rf/grf.rf/gntv_or_sync_fifo.gl1.lsshft/c1/count_reg[2]
  -------------------------------------------------------------------
                         required time                         14.895    
                         arrival time                         -10.102    
  -------------------------------------------------------------------
                         slack                                  4.793    

Slack (MET) :             4.793ns  (required time - arrival time)
  Source:                 DRV/CU/r_count_reg[26]/C
                            (rising edge-triggered cell FDCE clocked by sys_clk_pin  {rise@0.000ns fall@5.000ns period=10.000ns})
  Destination:            FIFO/U0/inst_fifo_gen/gconvfifo.rf/grf.rf/gntv_or_sync_fifo.gl1.lsshft/c1/count_reg[3]/CE
                            (rising edge-triggered cell FDCE clocked by sys_clk_pin  {rise@0.000ns fall@5.000ns period=10.000ns})
  Path Group:             sys_clk_pin
  Path Type:              Setup (Max at Slow Process Corner)
  Requirement:            10.000ns  (sys_clk_pin rise@10.000ns - sys_clk_pin rise@0.000ns)
  Data Path Delay:        4.732ns  (logic 1.206ns (25.486%)  route 3.526ns (74.514%))
  Logic Levels:           4  (LUT4=2 LUT5=2)
  Clock Path Skew:        -0.063ns (DCD - SCD + CPR)
    Destination Clock Delay (DCD):    5.008ns = ( 15.008 - 10.000 ) 
    Source Clock Delay      (SCD):    5.370ns
    Clock Pessimism Removal (CPR):    0.299ns
  Clock Uncertainty:      0.035ns  ((TSJ^2 + TIJ^2)^1/2 + DJ) / 2 + PE
    Total System Jitter     (TSJ):    0.071ns
    Total Input Jitter      (TIJ):    0.000ns
    Discrete Jitter          (DJ):    0.000ns
    Phase Error              (PE):    0.000ns

    Location             Delay type                Incr(ns)  Path(ns)    Netlist Resource(s)
  -------------------------------------------------------------------    -------------------
                         (clock sys_clk_pin rise edge)
                                                      0.000     0.000 r  
    H16                                               0.000     0.000 r  clk (IN)
                         net (fo=0)                   0.000     0.000    clk
    H16                  IBUF (Prop_ibuf_I_O)         1.457     1.457 r  clk_IBUF_inst/O
                         net (fo=1, estimated)        2.076     3.533    clk_IBUF
    BUFGCTRL_X0Y16       BUFG (Prop_bufg_I_O)         0.101     3.634 r  clk_IBUF_BUFG_inst/O
                         net (fo=63, estimated)       1.736     5.370    DRV/CU/clk_IBUF_BUFG
    SLICE_X41Y62         FDCE                                         r  DRV/CU/r_count_reg[26]/C
  -------------------------------------------------------------------    -------------------
    SLICE_X41Y62         FDCE (Prop_fdce_C_Q)         0.456     5.826 r  DRV/CU/r_count_reg[26]/Q
                         net (fo=2, estimated)        0.829     6.655    DRV/CU/r_count_reg[26]
    SLICE_X38Y60         LUT4 (Prop_lut4_I0_O)        0.124     6.779 f  DRV/CU/FIFO_i_9/O
                         net (fo=1, estimated)        0.491     7.270    DRV/CU/FIFO_i_9_n_0
    SLICE_X40Y60         LUT5 (Prop_lut5_I4_O)        0.124     7.394 f  DRV/CU/FIFO_i_6/O
                         net (fo=22, estimated)       0.789     8.183    DRV/CU/FIFO_i_6_n_0
    SLICE_X40Y59         LUT5 (Prop_lut5_I1_O)        0.150     8.333 r  DRV/CU/FIFO_i_4/O
                         net (fo=14, estimated)       0.876     9.209    FIFO/U0/inst_fifo_gen/gconvfifo.rf/grf.rf/gntv_or_sync_fifo.gl1.lsshft/wsts/rd_en
    SLICE_X39Y60         LUT4 (Prop_lut4_I2_O)        0.352     9.561 r  FIFO/U0/inst_fifo_gen/gconvfifo.rf/grf.rf/gntv_or_sync_fifo.gl1.lsshft/wsts/count[3]_i_1/O
                         net (fo=12, estimated)       0.541    10.102    FIFO/U0/inst_fifo_gen/gconvfifo.rf/grf.rf/gntv_or_sync_fifo.gl1.lsshft/c1/E[0]
    SLICE_X38Y61         FDCE                                         r  FIFO/U0/inst_fifo_gen/gconvfifo.rf/grf.rf/gntv_or_sync_fifo.gl1.lsshft/c1/count_reg[3]/CE
  -------------------------------------------------------------------    -------------------

                         (clock sys_clk_pin rise edge)
                                                     10.000    10.000 r  
    H16                                               0.000    10.000 r  clk (IN)
                         net (fo=0)                   0.000    10.000    clk
    H16                  IBUF (Prop_ibuf_I_O)         1.387    11.387 r  clk_IBUF_inst/O
                         net (fo=1, estimated)        1.972    13.359    clk_IBUF
    BUFGCTRL_X0Y16       BUFG (Prop_bufg_I_O)         0.091    13.450 r  clk_IBUF_BUFG_inst/O
                         net (fo=63, estimated)       1.558    15.008    FIFO/U0/inst_fifo_gen/gconvfifo.rf/grf.rf/gntv_or_sync_fifo.gl1.lsshft/c1/clk
    SLICE_X38Y61         FDCE                                         r  FIFO/U0/inst_fifo_gen/gconvfifo.rf/grf.rf/gntv_or_sync_fifo.gl1.lsshft/c1/count_reg[3]/C
                         clock pessimism              0.299    15.307    
                         clock uncertainty           -0.035    15.272    
    SLICE_X38Y61         FDCE (Setup_fdce_C_CE)      -0.377    14.895    FIFO/U0/inst_fifo_gen/gconvfifo.rf/grf.rf/gntv_or_sync_fifo.gl1.lsshft/c1/count_reg[3]
  -------------------------------------------------------------------
                         required time                         14.895    
                         arrival time                         -10.102    
  -------------------------------------------------------------------
                         slack                                  4.793    





Min Delay Paths
--------------------------------------------------------------------------------------
Slack (MET) :             0.131ns  (arrival time - required time)
  Source:                 FIFO/U0/inst_fifo_gen/gconvfifo.rf/grf.rf/rstblk/grstd1.grst_full.grst_f.rst_d1_reg/C
                            (rising edge-triggered cell FDPE clocked by sys_clk_pin  {rise@0.000ns fall@5.000ns period=10.000ns})
  Destination:            FIFO/U0/inst_fifo_gen/gconvfifo.rf/grf.rf/rstblk/grstd1.grst_full.grst_f.rst_d2_reg/D
                            (rising edge-triggered cell FDPE clocked by sys_clk_pin  {rise@0.000ns fall@5.000ns period=10.000ns})
  Path Group:             sys_clk_pin
  Path Type:              Hold (Min at Fast Process Corner)
  Requirement:            0.000ns  (sys_clk_pin rise@0.000ns - sys_clk_pin rise@0.000ns)
  Data Path Delay:        0.222ns  (logic 0.141ns (63.533%)  route 0.081ns (36.467%))
  Logic Levels:           0  
  Clock Path Skew:        0.016ns (DCD - SCD - CPR)
    Destination Clock Delay (DCD):    2.217ns
    Source Clock Delay      (SCD):    1.710ns
    Clock Pessimism Removal (CPR):    0.491ns

    Location             Delay type                Incr(ns)  Path(ns)    Netlist Resource(s)
  -------------------------------------------------------------------    -------------------
                         (clock sys_clk_pin rise edge)
                                                      0.000     0.000 r  
    H16                                               0.000     0.000 r  clk (IN)
                         net (fo=0)                   0.000     0.000    clk
    H16                  IBUF (Prop_ibuf_I_O)         0.225     0.225 r  clk_IBUF_inst/O
                         net (fo=1, estimated)        0.875     1.100    clk_IBUF
    BUFGCTRL_X0Y16       BUFG (Prop_bufg_I_O)         0.026     1.126 r  clk_IBUF_BUFG_inst/O
                         net (fo=63, estimated)       0.584     1.710    FIFO/U0/inst_fifo_gen/gconvfifo.rf/grf.rf/rstblk/clk
    SLICE_X39Y58         FDPE                                         r  FIFO/U0/inst_fifo_gen/gconvfifo.rf/grf.rf/rstblk/grstd1.grst_full.grst_f.rst_d1_reg/C
  -------------------------------------------------------------------    -------------------
    SLICE_X39Y58         FDPE (Prop_fdpe_C_Q)         0.141     1.851 r  FIFO/U0/inst_fifo_gen/gconvfifo.rf/grf.rf/rstblk/grstd1.grst_full.grst_f.rst_d1_reg/Q
                         net (fo=1, estimated)        0.081     1.932    FIFO/U0/inst_fifo_gen/gconvfifo.rf/grf.rf/rstblk/rst_d1
    SLICE_X39Y58         FDPE                                         r  FIFO/U0/inst_fifo_gen/gconvfifo.rf/grf.rf/rstblk/grstd1.grst_full.grst_f.rst_d2_reg/D
  -------------------------------------------------------------------    -------------------

                         (clock sys_clk_pin rise edge)
                                                      0.000     0.000 r  
    H16                                               0.000     0.000 r  clk (IN)
                         net (fo=0)                   0.000     0.000    clk
    H16                  IBUF (Prop_ibuf_I_O)         0.413     0.413 r  clk_IBUF_inst/O
                         net (fo=1, estimated)        0.921     1.334    clk_IBUF
    BUFGCTRL_X0Y16       BUFG (Prop_bufg_I_O)         0.029     1.363 r  clk_IBUF_BUFG_inst/O
                         net (fo=63, estimated)       0.854     2.217    FIFO/U0/inst_fifo_gen/gconvfifo.rf/grf.rf/rstblk/clk
    SLICE_X39Y58         FDPE                                         r  FIFO/U0/inst_fifo_gen/gconvfifo.rf/grf.rf/rstblk/grstd1.grst_full.grst_f.rst_d2_reg/C
                         clock pessimism             -0.491     1.726    
    SLICE_X39Y58         FDPE (Hold_fdpe_C_D)         0.075     1.801    FIFO/U0/inst_fifo_gen/gconvfifo.rf/grf.rf/rstblk/grstd1.grst_full.grst_f.rst_d2_reg
  -------------------------------------------------------------------
                         required time                         -1.801    
                         arrival time                           1.932    
  -------------------------------------------------------------------
                         slack                                  0.131    

Slack (MET) :             0.131ns  (arrival time - required time)
  Source:                 FIFO/U0/inst_fifo_gen/gconvfifo.rf/grf.rf/rstblk/ngwrdrst.grst.g7serrst.gnsckt_wrst.rst_wr_reg2_inst/arststages_ff_reg[0]/C
                            (rising edge-triggered cell FDPE clocked by sys_clk_pin  {rise@0.000ns fall@5.000ns period=10.000ns})
  Destination:            FIFO/U0/inst_fifo_gen/gconvfifo.rf/grf.rf/rstblk/ngwrdrst.grst.g7serrst.gnsckt_wrst.rst_wr_reg2_inst/arststages_ff_reg[1]/D
                            (rising edge-triggered cell FDPE clocked by sys_clk_pin  {rise@0.000ns fall@5.000ns period=10.000ns})
  Path Group:             sys_clk_pin
  Path Type:              Hold (Min at Fast Process Corner)
  Requirement:            0.000ns  (sys_clk_pin rise@0.000ns - sys_clk_pin rise@0.000ns)
  Data Path Delay:        0.222ns  (logic 0.141ns (63.533%)  route 0.081ns (36.467%))
  Logic Levels:           0  
  Clock Path Skew:        0.016ns (DCD - SCD - CPR)
    Destination Clock Delay (DCD):    2.217ns
    Source Clock Delay      (SCD):    1.710ns
    Clock Pessimism Removal (CPR):    0.491ns

    Location             Delay type                Incr(ns)  Path(ns)    Netlist Resource(s)
  -------------------------------------------------------------------    -------------------
                         (clock sys_clk_pin rise edge)
                                                      0.000     0.000 r  
    H16                                               0.000     0.000 r  clk (IN)
                         net (fo=0)                   0.000     0.000    clk
    H16                  IBUF (Prop_ibuf_I_O)         0.225     0.225 r  clk_IBUF_inst/O
                         net (fo=1, estimated)        0.875     1.100    clk_IBUF
    BUFGCTRL_X0Y16       BUFG (Prop_bufg_I_O)         0.026     1.126 r  clk_IBUF_BUFG_inst/O
                         net (fo=63, estimated)       0.584     1.710    FIFO/U0/inst_fifo_gen/gconvfifo.rf/grf.rf/rstblk/ngwrdrst.grst.g7serrst.gnsckt_wrst.rst_wr_reg2_inst/dest_clk
    SLICE_X37Y59         FDPE                                         r  FIFO/U0/inst_fifo_gen/gconvfifo.rf/grf.rf/rstblk/ngwrdrst.grst.g7serrst.gnsckt_wrst.rst_wr_reg2_inst/arststages_ff_reg[0]/C
  -------------------------------------------------------------------    -------------------
    SLICE_X37Y59         FDPE (Prop_fdpe_C_Q)         0.141     1.851 r  FIFO/U0/inst_fifo_gen/gconvfifo.rf/grf.rf/rstblk/ngwrdrst.grst.g7serrst.gnsckt_wrst.rst_wr_reg2_inst/arststages_ff_reg[0]/Q
                         net (fo=1, estimated)        0.081     1.932    FIFO/U0/inst_fifo_gen/gconvfifo.rf/grf.rf/rstblk/ngwrdrst.grst.g7serrst.gnsckt_wrst.rst_wr_reg2_inst/arststages_ff[0]
    SLICE_X37Y59         FDPE                                         r  FIFO/U0/inst_fifo_gen/gconvfifo.rf/grf.rf/rstblk/ngwrdrst.grst.g7serrst.gnsckt_wrst.rst_wr_reg2_inst/arststages_ff_reg[1]/D
  -------------------------------------------------------------------    -------------------

                         (clock sys_clk_pin rise edge)
                                                      0.000     0.000 r  
    H16                                               0.000     0.000 r  clk (IN)
                         net (fo=0)                   0.000     0.000    clk
    H16                  IBUF (Prop_ibuf_I_O)         0.413     0.413 r  clk_IBUF_inst/O
                         net (fo=1, estimated)        0.921     1.334    clk_IBUF
    BUFGCTRL_X0Y16       BUFG (Prop_bufg_I_O)         0.029     1.363 r  clk_IBUF_BUFG_inst/O
                         net (fo=63, estimated)       0.854     2.217    FIFO/U0/inst_fifo_gen/gconvfifo.rf/grf.rf/rstblk/ngwrdrst.grst.g7serrst.gnsckt_wrst.rst_wr_reg2_inst/dest_clk
    SLICE_X37Y59         FDPE                                         r  FIFO/U0/inst_fifo_gen/gconvfifo.rf/grf.rf/rstblk/ngwrdrst.grst.g7serrst.gnsckt_wrst.rst_wr_reg2_inst/arststages_ff_reg[1]/C
                         clock pessimism             -0.491     1.726    
    SLICE_X37Y59         FDPE (Hold_fdpe_C_D)         0.075     1.801    FIFO/U0/inst_fifo_gen/gconvfifo.rf/grf.rf/rstblk/ngwrdrst.grst.g7serrst.gnsckt_wrst.rst_wr_reg2_inst/arststages_ff_reg[1]
  -------------------------------------------------------------------
                         required time                         -1.801    
                         arrival time                           1.932    
  -------------------------------------------------------------------
                         slack                                  0.131    

Slack (MET) :             0.193ns  (arrival time - required time)
  Source:                 FIFO/U0/inst_fifo_gen/gconvfifo.rf/grf.rf/rstblk/grstd1.grst_full.grst_f.rst_d2_reg/C
                            (rising edge-triggered cell FDPE clocked by sys_clk_pin  {rise@0.000ns fall@5.000ns period=10.000ns})
  Destination:            FIFO/U0/inst_fifo_gen/gconvfifo.rf/grf.rf/rstblk/grstd1.grst_full.grst_f.rst_d3_reg/D
                            (rising edge-triggered cell FDPE clocked by sys_clk_pin  {rise@0.000ns fall@5.000ns period=10.000ns})
  Path Group:             sys_clk_pin
  Path Type:              Hold (Min at Fast Process Corner)
  Requirement:            0.000ns  (sys_clk_pin rise@0.000ns - sys_clk_pin rise@0.000ns)
  Data Path Delay:        0.301ns  (logic 0.227ns (75.368%)  route 0.074ns (24.632%))
  Logic Levels:           1  (LUT4=1)
  Clock Path Skew:        0.016ns (DCD - SCD - CPR)
    Destination Clock Delay (DCD):    2.217ns
    Source Clock Delay      (SCD):    1.710ns
    Clock Pessimism Removal (CPR):    0.491ns

    Location             Delay type                Incr(ns)  Path(ns)    Netlist Resource(s)
  -------------------------------------------------------------------    -------------------
                         (clock sys_clk_pin rise edge)
                                                      0.000     0.000 r  
    H16                                               0.000     0.000 r  clk (IN)
                         net (fo=0)                   0.000     0.000    clk
    H16                  IBUF (Prop_ibuf_I_O)         0.225     0.225 r  clk_IBUF_inst/O
                         net (fo=1, estimated)        0.875     1.100    clk_IBUF
    BUFGCTRL_X0Y16       BUFG (Prop_bufg_I_O)         0.026     1.126 r  clk_IBUF_BUFG_inst/O
                         net (fo=63, estimated)       0.584     1.710    FIFO/U0/inst_fifo_gen/gconvfifo.rf/grf.rf/rstblk/clk
    SLICE_X39Y58         FDPE                                         r  FIFO/U0/inst_fifo_gen/gconvfifo.rf/grf.rf/rstblk/grstd1.grst_full.grst_f.rst_d2_reg/C
  -------------------------------------------------------------------    -------------------
    SLICE_X39Y58         FDPE (Prop_fdpe_C_Q)         0.128     1.838 r  FIFO/U0/inst_fifo_gen/gconvfifo.rf/grf.rf/rstblk/grstd1.grst_full.grst_f.rst_d2_reg/Q
                         net (fo=3, estimated)        0.074     1.913    FIFO/U0/inst_fifo_gen/gconvfifo.rf/grf.rf/rstblk/rst_d2
    SLICE_X39Y58         LUT4 (Prop_lut4_I3_O)        0.099     2.012 r  FIFO/U0/inst_fifo_gen/gconvfifo.rf/grf.rf/rstblk/grstd1.grst_full.grst_f.rst_d3_i_1/O
                         net (fo=1, routed)           0.000     2.012    FIFO/U0/inst_fifo_gen/gconvfifo.rf/grf.rf/rstblk/rst_d30
    SLICE_X39Y58         FDPE                                         r  FIFO/U0/inst_fifo_gen/gconvfifo.rf/grf.rf/rstblk/grstd1.grst_full.grst_f.rst_d3_reg/D
  -------------------------------------------------------------------    -------------------

                         (clock sys_clk_pin rise edge)
                                                      0.000     0.000 r  
    H16                                               0.000     0.000 r  clk (IN)
                         net (fo=0)                   0.000     0.000    clk
    H16                  IBUF (Prop_ibuf_I_O)         0.413     0.413 r  clk_IBUF_inst/O
                         net (fo=1, estimated)        0.921     1.334    clk_IBUF
    BUFGCTRL_X0Y16       BUFG (Prop_bufg_I_O)         0.029     1.363 r  clk_IBUF_BUFG_inst/O
                         net (fo=63, estimated)       0.854     2.217    FIFO/U0/inst_fifo_gen/gconvfifo.rf/grf.rf/rstblk/clk
    SLICE_X39Y58         FDPE                                         r  FIFO/U0/inst_fifo_gen/gconvfifo.rf/grf.rf/rstblk/grstd1.grst_full.grst_f.rst_d3_reg/C
                         clock pessimism             -0.491     1.726    
    SLICE_X39Y58         FDPE (Hold_fdpe_C_D)         0.092     1.818    FIFO/U0/inst_fifo_gen/gconvfifo.rf/grf.rf/rstblk/grstd1.grst_full.grst_f.rst_d3_reg
  -------------------------------------------------------------------
                         required time                         -1.818    
                         arrival time                           2.012    
  -------------------------------------------------------------------
                         slack                                  0.193    

Slack (MET) :             0.232ns  (arrival time - required time)
  Source:                 r_fifo_sync_stage_reg[0]/C
                            (rising edge-triggered cell FDPE clocked by sys_clk_pin  {rise@0.000ns fall@5.000ns period=10.000ns})
  Destination:            r_fifo_sync_stage_reg[0]/D
                            (rising edge-triggered cell FDPE clocked by sys_clk_pin  {rise@0.000ns fall@5.000ns period=10.000ns})
  Path Group:             sys_clk_pin
  Path Type:              Hold (Min at Fast Process Corner)
  Requirement:            0.000ns  (sys_clk_pin rise@0.000ns - sys_clk_pin rise@0.000ns)
  Data Path Delay:        0.370ns  (logic 0.209ns (56.548%)  route 0.161ns (43.452%))
  Logic Levels:           1  (LUT2=1)
  Clock Path Skew:        0.017ns (DCD - SCD - CPR)
    Destination Clock Delay (DCD):    2.220ns
    Source Clock Delay      (SCD):    1.712ns
    Clock Pessimism Removal (CPR):    0.491ns

    Location             Delay type                Incr(ns)  Path(ns)    Netlist Resource(s)
  -------------------------------------------------------------------    -------------------
                         (clock sys_clk_pin rise edge)
                                                      0.000     0.000 r  
    H16                                               0.000     0.000 r  clk (IN)
                         net (fo=0)                   0.000     0.000    clk
    H16                  IBUF (Prop_ibuf_I_O)         0.225     0.225 r  clk_IBUF_inst/O
                         net (fo=1, estimated)        0.875     1.100    clk_IBUF
    BUFGCTRL_X0Y16       BUFG (Prop_bufg_I_O)         0.026     1.126 r  clk_IBUF_BUFG_inst/O
                         net (fo=63, estimated)       0.586     1.712    clk_IBUF_BUFG
    SLICE_X42Y59         FDPE                                         r  r_fifo_sync_stage_reg[0]/C
  -------------------------------------------------------------------    -------------------
    SLICE_X42Y59         FDPE (Prop_fdpe_C_Q)         0.164     1.876 f  r_fifo_sync_stage_reg[0]/Q
                         net (fo=5, estimated)        0.161     2.037    r_fifo_sync_stage[0]
    SLICE_X42Y59         LUT2 (Prop_lut2_I1_O)        0.045     2.082 r  r_fifo_sync_stage[0]_i_1/O
                         net (fo=1, routed)           0.000     2.082    r_fifo_sync_stage[0]_i_1_n_0
    SLICE_X42Y59         FDPE                                         r  r_fifo_sync_stage_reg[0]/D
  -------------------------------------------------------------------    -------------------

                         (clock sys_clk_pin rise edge)
                                                      0.000     0.000 r  
    H16                                               0.000     0.000 r  clk (IN)
                         net (fo=0)                   0.000     0.000    clk
    H16                  IBUF (Prop_ibuf_I_O)         0.413     0.413 r  clk_IBUF_inst/O
                         net (fo=1, estimated)        0.921     1.334    clk_IBUF
    BUFGCTRL_X0Y16       BUFG (Prop_bufg_I_O)         0.029     1.363 r  clk_IBUF_BUFG_inst/O
                         net (fo=63, estimated)       0.857     2.220    clk_IBUF_BUFG
    SLICE_X42Y59         FDPE                                         r  r_fifo_sync_stage_reg[0]/C
                         clock pessimism             -0.491     1.729    
    SLICE_X42Y59         FDPE (Hold_fdpe_C_D)         0.121     1.850    r_fifo_sync_stage_reg[0]
  -------------------------------------------------------------------
                         required time                         -1.850    
                         arrival time                           2.082    
  -------------------------------------------------------------------
                         slack                                  0.232    

Slack (MET) :             0.233ns  (arrival time - required time)
  Source:                 FIFO/U0/inst_fifo_gen/gconvfifo.rf/grf.rf/gntv_or_sync_fifo.gl1.lsshft/c1/count_reg[0]/C
                            (rising edge-triggered cell FDPE clocked by sys_clk_pin  {rise@0.000ns fall@5.000ns period=10.000ns})
  Destination:            FIFO/U0/inst_fifo_gen/gconvfifo.rf/grf.rf/gntv_or_sync_fifo.gl1.lsshft/c1/count_reg[0]/D
                            (rising edge-triggered cell FDPE clocked by sys_clk_pin  {rise@0.000ns fall@5.000ns period=10.000ns})
  Path Group:             sys_clk_pin
  Path Type:              Hold (Min at Fast Process Corner)
  Requirement:            0.000ns  (sys_clk_pin rise@0.000ns - sys_clk_pin rise@0.000ns)
  Data Path Delay:        0.370ns  (logic 0.209ns (56.548%)  route 0.161ns (43.452%))
  Logic Levels:           1  (LUT1=1)
  Clock Path Skew:        0.016ns (DCD - SCD - CPR)
    Destination Clock Delay (DCD):    2.216ns
    Source Clock Delay      (SCD):    1.709ns
    Clock Pessimism Removal (CPR):    0.491ns

    Location             Delay type                Incr(ns)  Path(ns)    Netlist Resource(s)
  -------------------------------------------------------------------    -------------------
                         (clock sys_clk_pin rise edge)
                                                      0.000     0.000 r  
    H16                                               0.000     0.000 r  clk (IN)
                         net (fo=0)                   0.000     0.000    clk
    H16                  IBUF (Prop_ibuf_I_O)         0.225     0.225 r  clk_IBUF_inst/O
                         net (fo=1, estimated)        0.875     1.100    clk_IBUF
    BUFGCTRL_X0Y16       BUFG (Prop_bufg_I_O)         0.026     1.126 r  clk_IBUF_BUFG_inst/O
                         net (fo=63, estimated)       0.583     1.709    FIFO/U0/inst_fifo_gen/gconvfifo.rf/grf.rf/gntv_or_sync_fifo.gl1.lsshft/c1/clk
    SLICE_X38Y61         FDPE                                         r  FIFO/U0/inst_fifo_gen/gconvfifo.rf/grf.rf/gntv_or_sync_fifo.gl1.lsshft/c1/count_reg[0]/C
  -------------------------------------------------------------------    -------------------
    SLICE_X38Y61         FDPE (Prop_fdpe_C_Q)         0.164     1.873 f  FIFO/U0/inst_fifo_gen/gconvfifo.rf/grf.rf/gntv_or_sync_fifo.gl1.lsshft/c1/count_reg[0]/Q
                         net (fo=5, estimated)        0.161     2.034    FIFO/U0/inst_fifo_gen/gconvfifo.rf/grf.rf/gntv_or_sync_fifo.gl1.lsshft/c1/pntr_plus1[0]
    SLICE_X38Y61         LUT1 (Prop_lut1_I0_O)        0.045     2.079 r  FIFO/U0/inst_fifo_gen/gconvfifo.rf/grf.rf/gntv_or_sync_fifo.gl1.lsshft/c1/count[0]_i_1__1/O
                         net (fo=1, routed)           0.000     2.079    FIFO/U0/inst_fifo_gen/gconvfifo.rf/grf.rf/gntv_or_sync_fifo.gl1.lsshft/c1/count[0]_i_1__1_n_0
    SLICE_X38Y61         FDPE                                         r  FIFO/U0/inst_fifo_gen/gconvfifo.rf/grf.rf/gntv_or_sync_fifo.gl1.lsshft/c1/count_reg[0]/D
  -------------------------------------------------------------------    -------------------

                         (clock sys_clk_pin rise edge)
                                                      0.000     0.000 r  
    H16                                               0.000     0.000 r  clk (IN)
                         net (fo=0)                   0.000     0.000    clk
    H16                  IBUF (Prop_ibuf_I_O)         0.413     0.413 r  clk_IBUF_inst/O
                         net (fo=1, estimated)        0.921     1.334    clk_IBUF
    BUFGCTRL_X0Y16       BUFG (Prop_bufg_I_O)         0.029     1.363 r  clk_IBUF_BUFG_inst/O
                         net (fo=63, estimated)       0.853     2.216    FIFO/U0/inst_fifo_gen/gconvfifo.rf/grf.rf/gntv_or_sync_fifo.gl1.lsshft/c1/clk
    SLICE_X38Y61         FDPE                                         r  FIFO/U0/inst_fifo_gen/gconvfifo.rf/grf.rf/gntv_or_sync_fifo.gl1.lsshft/c1/count_reg[0]/C
                         clock pessimism             -0.491     1.725    
    SLICE_X38Y61         FDPE (Hold_fdpe_C_D)         0.121     1.846    FIFO/U0/inst_fifo_gen/gconvfifo.rf/grf.rf/gntv_or_sync_fifo.gl1.lsshft/c1/count_reg[0]
  -------------------------------------------------------------------
                         required time                         -1.846    
                         arrival time                           2.079    
  -------------------------------------------------------------------
                         slack                                  0.233    

Slack (MET) :             0.239ns  (arrival time - required time)
  Source:                 FIFO/U0/inst_fifo_gen/gconvfifo.rf/grf.rf/gntv_or_sync_fifo.gl1.lsshft/crd/count_reg[0]/C
                            (rising edge-triggered cell FDPE clocked by sys_clk_pin  {rise@0.000ns fall@5.000ns period=10.000ns})
  Destination:            FIFO/U0/inst_fifo_gen/gconvfifo.rf/grf.rf/gntv_or_sync_fifo.gl1.lsshft/crd/count_reg[0]/D
                            (rising edge-triggered cell FDPE clocked by sys_clk_pin  {rise@0.000ns fall@5.000ns period=10.000ns})
  Path Group:             sys_clk_pin
  Path Type:              Hold (Min at Fast Process Corner)
  Requirement:            0.000ns  (sys_clk_pin rise@0.000ns - sys_clk_pin rise@0.000ns)
  Data Path Delay:        0.347ns  (logic 0.186ns (53.534%)  route 0.161ns (46.466%))
  Logic Levels:           1  (LUT1=1)
  Clock Path Skew:        0.016ns (DCD - SCD - CPR)
    Destination Clock Delay (DCD):    2.218ns
    Source Clock Delay      (SCD):    1.711ns
    Clock Pessimism Removal (CPR):    0.491ns

    Location             Delay type                Incr(ns)  Path(ns)    Netlist Resource(s)
  -------------------------------------------------------------------    -------------------
                         (clock sys_clk_pin rise edge)
                                                      0.000     0.000 r  
    H16                                               0.000     0.000 r  clk (IN)
                         net (fo=0)                   0.000     0.000    clk
    H16                  IBUF (Prop_ibuf_I_O)         0.225     0.225 r  clk_IBUF_inst/O
                         net (fo=1, estimated)        0.875     1.100    clk_IBUF
    BUFGCTRL_X0Y16       BUFG (Prop_bufg_I_O)         0.026     1.126 r  clk_IBUF_BUFG_inst/O
                         net (fo=63, estimated)       0.585     1.711    FIFO/U0/inst_fifo_gen/gconvfifo.rf/grf.rf/gntv_or_sync_fifo.gl1.lsshft/crd/clk
    SLICE_X40Y60         FDPE                                         r  FIFO/U0/inst_fifo_gen/gconvfifo.rf/grf.rf/gntv_or_sync_fifo.gl1.lsshft/crd/count_reg[0]/C
  -------------------------------------------------------------------    -------------------
    SLICE_X40Y60         FDPE (Prop_fdpe_C_Q)         0.141     1.852 f  FIFO/U0/inst_fifo_gen/gconvfifo.rf/grf.rf/gntv_or_sync_fifo.gl1.lsshft/crd/count_reg[0]/Q
                         net (fo=6, estimated)        0.161     2.014    FIFO/U0/inst_fifo_gen/gconvfifo.rf/grf.rf/gntv_or_sync_fifo.gl1.lsshft/crd/Q[0]
    SLICE_X40Y60         LUT1 (Prop_lut1_I0_O)        0.045     2.059 r  FIFO/U0/inst_fifo_gen/gconvfifo.rf/grf.rf/gntv_or_sync_fifo.gl1.lsshft/crd/count[0]_i_1/O
                         net (fo=1, routed)           0.000     2.059    FIFO/U0/inst_fifo_gen/gconvfifo.rf/grf.rf/gntv_or_sync_fifo.gl1.lsshft/crd/count[0]_i_1_n_0
    SLICE_X40Y60         FDPE                                         r  FIFO/U0/inst_fifo_gen/gconvfifo.rf/grf.rf/gntv_or_sync_fifo.gl1.lsshft/crd/count_reg[0]/D
  -------------------------------------------------------------------    -------------------

                         (clock sys_clk_pin rise edge)
                                                      0.000     0.000 r  
    H16                                               0.000     0.000 r  clk (IN)
                         net (fo=0)                   0.000     0.000    clk
    H16                  IBUF (Prop_ibuf_I_O)         0.413     0.413 r  clk_IBUF_inst/O
                         net (fo=1, estimated)        0.921     1.334    clk_IBUF
    BUFGCTRL_X0Y16       BUFG (Prop_bufg_I_O)         0.029     1.363 r  clk_IBUF_BUFG_inst/O
                         net (fo=63, estimated)       0.855     2.218    FIFO/U0/inst_fifo_gen/gconvfifo.rf/grf.rf/gntv_or_sync_fifo.gl1.lsshft/crd/clk
    SLICE_X40Y60         FDPE                                         r  FIFO/U0/inst_fifo_gen/gconvfifo.rf/grf.rf/gntv_or_sync_fifo.gl1.lsshft/crd/count_reg[0]/C
                         clock pessimism             -0.491     1.727    
    SLICE_X40Y60         FDPE (Hold_fdpe_C_D)         0.092     1.819    FIFO/U0/inst_fifo_gen/gconvfifo.rf/grf.rf/gntv_or_sync_fifo.gl1.lsshft/crd/count_reg[0]
  -------------------------------------------------------------------
                         required time                         -1.819    
                         arrival time                           2.059    
  -------------------------------------------------------------------
                         slack                                  0.239    

Slack (MET) :             0.242ns  (arrival time - required time)
  Source:                 FIFO/U0/inst_fifo_gen/gconvfifo.rf/grf.rf/gntv_or_sync_fifo.gl1.lsshft/crd/count_reg[2]/C
                            (rising edge-triggered cell FDPE clocked by sys_clk_pin  {rise@0.000ns fall@5.000ns period=10.000ns})
  Destination:            FIFO/U0/inst_fifo_gen/gconvfifo.rf/grf.rf/gntv_or_sync_fifo.gl1.lsshft/crd/count_reg[3]/D
                            (rising edge-triggered cell FDPE clocked by sys_clk_pin  {rise@0.000ns fall@5.000ns period=10.000ns})
  Path Group:             sys_clk_pin
  Path Type:              Hold (Min at Fast Process Corner)
  Requirement:            0.000ns  (sys_clk_pin rise@0.000ns - sys_clk_pin rise@0.000ns)
  Data Path Delay:        0.350ns  (logic 0.226ns (64.585%)  route 0.124ns (35.415%))
  Logic Levels:           1  (LUT6=1)
  Clock Path Skew:        0.016ns (DCD - SCD - CPR)
    Destination Clock Delay (DCD):    2.216ns
    Source Clock Delay      (SCD):    1.709ns
    Clock Pessimism Removal (CPR):    0.491ns

    Location             Delay type                Incr(ns)  Path(ns)    Netlist Resource(s)
  -------------------------------------------------------------------    -------------------
                         (clock sys_clk_pin rise edge)
                                                      0.000     0.000 r  
    H16                                               0.000     0.000 r  clk (IN)
                         net (fo=0)                   0.000     0.000    clk
    H16                  IBUF (Prop_ibuf_I_O)         0.225     0.225 r  clk_IBUF_inst/O
                         net (fo=1, estimated)        0.875     1.100    clk_IBUF
    BUFGCTRL_X0Y16       BUFG (Prop_bufg_I_O)         0.026     1.126 r  clk_IBUF_BUFG_inst/O
                         net (fo=63, estimated)       0.583     1.709    FIFO/U0/inst_fifo_gen/gconvfifo.rf/grf.rf/gntv_or_sync_fifo.gl1.lsshft/crd/clk
    SLICE_X39Y60         FDPE                                         r  FIFO/U0/inst_fifo_gen/gconvfifo.rf/grf.rf/gntv_or_sync_fifo.gl1.lsshft/crd/count_reg[2]/C
  -------------------------------------------------------------------    -------------------
    SLICE_X39Y60         FDPE (Prop_fdpe_C_Q)         0.128     1.837 r  FIFO/U0/inst_fifo_gen/gconvfifo.rf/grf.rf/gntv_or_sync_fifo.gl1.lsshft/crd/count_reg[2]/Q
                         net (fo=4, estimated)        0.124     1.961    FIFO/U0/inst_fifo_gen/gconvfifo.rf/grf.rf/gntv_or_sync_fifo.gl1.lsshft/crd/Q[2]
    SLICE_X39Y60         LUT6 (Prop_lut6_I5_O)        0.098     2.059 r  FIFO/U0/inst_fifo_gen/gconvfifo.rf/grf.rf/gntv_or_sync_fifo.gl1.lsshft/crd/count[3]_i_2/O
                         net (fo=1, routed)           0.000     2.059    FIFO/U0/inst_fifo_gen/gconvfifo.rf/grf.rf/gntv_or_sync_fifo.gl1.lsshft/crd/count[3]_i_2_n_0
    SLICE_X39Y60         FDPE                                         r  FIFO/U0/inst_fifo_gen/gconvfifo.rf/grf.rf/gntv_or_sync_fifo.gl1.lsshft/crd/count_reg[3]/D
  -------------------------------------------------------------------    -------------------

                         (clock sys_clk_pin rise edge)
                                                      0.000     0.000 r  
    H16                                               0.000     0.000 r  clk (IN)
                         net (fo=0)                   0.000     0.000    clk
    H16                  IBUF (Prop_ibuf_I_O)         0.413     0.413 r  clk_IBUF_inst/O
                         net (fo=1, estimated)        0.921     1.334    clk_IBUF
    BUFGCTRL_X0Y16       BUFG (Prop_bufg_I_O)         0.029     1.363 r  clk_IBUF_BUFG_inst/O
                         net (fo=63, estimated)       0.853     2.216    FIFO/U0/inst_fifo_gen/gconvfifo.rf/grf.rf/gntv_or_sync_fifo.gl1.lsshft/crd/clk
    SLICE_X39Y60         FDPE                                         r  FIFO/U0/inst_fifo_gen/gconvfifo.rf/grf.rf/gntv_or_sync_fifo.gl1.lsshft/crd/count_reg[3]/C
                         clock pessimism             -0.491     1.725    
    SLICE_X39Y60         FDPE (Hold_fdpe_C_D)         0.092     1.817    FIFO/U0/inst_fifo_gen/gconvfifo.rf/grf.rf/gntv_or_sync_fifo.gl1.lsshft/crd/count_reg[3]
  -------------------------------------------------------------------
                         required time                         -1.817    
                         arrival time                           2.059    
  -------------------------------------------------------------------
                         slack                                  0.242    

Slack (MET) :             0.250ns  (arrival time - required time)
  Source:                 FIFO/U0/inst_fifo_gen/gconvfifo.rf/grf.rf/rstblk/ngwrdrst.grst.g7serrst.gnsckt_wrst.gcc_rst.sckt_wr_rst_cc_reg[2]/C
                            (rising edge-triggered cell FDRE clocked by sys_clk_pin  {rise@0.000ns fall@5.000ns period=10.000ns})
  Destination:            FIFO/U0/inst_fifo_gen/gconvfifo.rf/grf.rf/rstblk/ngwrdrst.grst.g7serrst.gnsckt_wrst.gcc_rst.sckt_wr_rst_cc_reg[3]/D
                            (rising edge-triggered cell FDRE clocked by sys_clk_pin  {rise@0.000ns fall@5.000ns period=10.000ns})
  Path Group:             sys_clk_pin
  Path Type:              Hold (Min at Fast Process Corner)
  Requirement:            0.000ns  (sys_clk_pin rise@0.000ns - sys_clk_pin rise@0.000ns)
  Data Path Delay:        0.329ns  (logic 0.164ns (49.812%)  route 0.165ns (50.188%))
  Logic Levels:           0  
  Clock Path Skew:        0.016ns (DCD - SCD - CPR)
    Destination Clock Delay (DCD):    2.217ns
    Source Clock Delay      (SCD):    1.710ns
    Clock Pessimism Removal (CPR):    0.491ns

    Location             Delay type                Incr(ns)  Path(ns)    Netlist Resource(s)
  -------------------------------------------------------------------    -------------------
                         (clock sys_clk_pin rise edge)
                                                      0.000     0.000 r  
    H16                                               0.000     0.000 r  clk (IN)
                         net (fo=0)                   0.000     0.000    clk
    H16                  IBUF (Prop_ibuf_I_O)         0.225     0.225 r  clk_IBUF_inst/O
                         net (fo=1, estimated)        0.875     1.100    clk_IBUF
    BUFGCTRL_X0Y16       BUFG (Prop_bufg_I_O)         0.026     1.126 r  clk_IBUF_BUFG_inst/O
                         net (fo=63, estimated)       0.584     1.710    FIFO/U0/inst_fifo_gen/gconvfifo.rf/grf.rf/rstblk/clk
    SLICE_X38Y58         FDRE                                         r  FIFO/U0/inst_fifo_gen/gconvfifo.rf/grf.rf/rstblk/ngwrdrst.grst.g7serrst.gnsckt_wrst.gcc_rst.sckt_wr_rst_cc_reg[2]/C
  -------------------------------------------------------------------    -------------------
    SLICE_X38Y58         FDRE (Prop_fdre_C_Q)         0.164     1.874 r  FIFO/U0/inst_fifo_gen/gconvfifo.rf/grf.rf/rstblk/ngwrdrst.grst.g7serrst.gnsckt_wrst.gcc_rst.sckt_wr_rst_cc_reg[2]/Q
                         net (fo=2, estimated)        0.165     2.040    FIFO/U0/inst_fifo_gen/gconvfifo.rf/grf.rf/rstblk/p_0_in[3]
    SLICE_X38Y58         FDRE                                         r  FIFO/U0/inst_fifo_gen/gconvfifo.rf/grf.rf/rstblk/ngwrdrst.grst.g7serrst.gnsckt_wrst.gcc_rst.sckt_wr_rst_cc_reg[3]/D
  -------------------------------------------------------------------    -------------------

                         (clock sys_clk_pin rise edge)
                                                      0.000     0.000 r  
    H16                                               0.000     0.000 r  clk (IN)
                         net (fo=0)                   0.000     0.000    clk
    H16                  IBUF (Prop_ibuf_I_O)         0.413     0.413 r  clk_IBUF_inst/O
                         net (fo=1, estimated)        0.921     1.334    clk_IBUF
    BUFGCTRL_X0Y16       BUFG (Prop_bufg_I_O)         0.029     1.363 r  clk_IBUF_BUFG_inst/O
                         net (fo=63, estimated)       0.854     2.217    FIFO/U0/inst_fifo_gen/gconvfifo.rf/grf.rf/rstblk/clk
    SLICE_X38Y58         FDRE                                         r  FIFO/U0/inst_fifo_gen/gconvfifo.rf/grf.rf/rstblk/ngwrdrst.grst.g7serrst.gnsckt_wrst.gcc_rst.sckt_wr_rst_cc_reg[3]/C
                         clock pessimism             -0.491     1.726    
    SLICE_X38Y58         FDRE (Hold_fdre_C_D)         0.063     1.789    FIFO/U0/inst_fifo_gen/gconvfifo.rf/grf.rf/rstblk/ngwrdrst.grst.g7serrst.gnsckt_wrst.gcc_rst.sckt_wr_rst_cc_reg[3]
  -------------------------------------------------------------------
                         required time                         -1.789    
                         arrival time                           2.040    
  -------------------------------------------------------------------
                         slack                                  0.250    

Slack (MET) :             0.256ns  (arrival time - required time)
  Source:                 FIFO/U0/inst_fifo_gen/gconvfifo.rf/grf.rf/rstblk/ngwrdrst.grst.g7serrst.gnsckt_wrst.gcc_rst.sckt_wr_rst_cc_reg[1]/C
                            (rising edge-triggered cell FDRE clocked by sys_clk_pin  {rise@0.000ns fall@5.000ns period=10.000ns})
  Destination:            FIFO/U0/inst_fifo_gen/gconvfifo.rf/grf.rf/rstblk/ngwrdrst.grst.g7serrst.gnsckt_wrst.gcc_rst.sckt_wr_rst_cc_reg[2]/D
                            (rising edge-triggered cell FDRE clocked by sys_clk_pin  {rise@0.000ns fall@5.000ns period=10.000ns})
  Path Group:             sys_clk_pin
  Path Type:              Hold (Min at Fast Process Corner)
  Requirement:            0.000ns  (sys_clk_pin rise@0.000ns - sys_clk_pin rise@0.000ns)
  Data Path Delay:        0.335ns  (logic 0.164ns (48.997%)  route 0.171ns (51.003%))
  Logic Levels:           0  
  Clock Path Skew:        0.016ns (DCD - SCD - CPR)
    Destination Clock Delay (DCD):    2.217ns
    Source Clock Delay      (SCD):    1.710ns
    Clock Pessimism Removal (CPR):    0.491ns

    Location             Delay type                Incr(ns)  Path(ns)    Netlist Resource(s)
  -------------------------------------------------------------------    -------------------
                         (clock sys_clk_pin rise edge)
                                                      0.000     0.000 r  
    H16                                               0.000     0.000 r  clk (IN)
                         net (fo=0)                   0.000     0.000    clk
    H16                  IBUF (Prop_ibuf_I_O)         0.225     0.225 r  clk_IBUF_inst/O
                         net (fo=1, estimated)        0.875     1.100    clk_IBUF
    BUFGCTRL_X0Y16       BUFG (Prop_bufg_I_O)         0.026     1.126 r  clk_IBUF_BUFG_inst/O
                         net (fo=63, estimated)       0.584     1.710    FIFO/U0/inst_fifo_gen/gconvfifo.rf/grf.rf/rstblk/clk
    SLICE_X38Y58         FDRE                                         r  FIFO/U0/inst_fifo_gen/gconvfifo.rf/grf.rf/rstblk/ngwrdrst.grst.g7serrst.gnsckt_wrst.gcc_rst.sckt_wr_rst_cc_reg[1]/C
  -------------------------------------------------------------------    -------------------
    SLICE_X38Y58         FDRE (Prop_fdre_C_Q)         0.164     1.874 r  FIFO/U0/inst_fifo_gen/gconvfifo.rf/grf.rf/rstblk/ngwrdrst.grst.g7serrst.gnsckt_wrst.gcc_rst.sckt_wr_rst_cc_reg[1]/Q
                         net (fo=4, estimated)        0.171     2.045    FIFO/U0/inst_fifo_gen/gconvfifo.rf/grf.rf/rstblk/p_0_in[2]
    SLICE_X38Y58         FDRE                                         r  FIFO/U0/inst_fifo_gen/gconvfifo.rf/grf.rf/rstblk/ngwrdrst.grst.g7serrst.gnsckt_wrst.gcc_rst.sckt_wr_rst_cc_reg[2]/D
  -------------------------------------------------------------------    -------------------

                         (clock sys_clk_pin rise edge)
                                                      0.000     0.000 r  
    H16                                               0.000     0.000 r  clk (IN)
                         net (fo=0)                   0.000     0.000    clk
    H16                  IBUF (Prop_ibuf_I_O)         0.413     0.413 r  clk_IBUF_inst/O
                         net (fo=1, estimated)        0.921     1.334    clk_IBUF
    BUFGCTRL_X0Y16       BUFG (Prop_bufg_I_O)         0.029     1.363 r  clk_IBUF_BUFG_inst/O
                         net (fo=63, estimated)       0.854     2.217    FIFO/U0/inst_fifo_gen/gconvfifo.rf/grf.rf/rstblk/clk
    SLICE_X38Y58         FDRE                                         r  FIFO/U0/inst_fifo_gen/gconvfifo.rf/grf.rf/rstblk/ngwrdrst.grst.g7serrst.gnsckt_wrst.gcc_rst.sckt_wr_rst_cc_reg[2]/C
                         clock pessimism             -0.491     1.726    
    SLICE_X38Y58         FDRE (Hold_fdre_C_D)         0.063     1.789    FIFO/U0/inst_fifo_gen/gconvfifo.rf/grf.rf/rstblk/ngwrdrst.grst.g7serrst.gnsckt_wrst.gcc_rst.sckt_wr_rst_cc_reg[2]
  -------------------------------------------------------------------
                         required time                         -1.789    
                         arrival time                           2.045    
  -------------------------------------------------------------------
                         slack                                  0.256    

Slack (MET) :             0.257ns  (arrival time - required time)
  Source:                 DRV/CU/r_count_reg[11]/C
                            (rising edge-triggered cell FDCE clocked by sys_clk_pin  {rise@0.000ns fall@5.000ns period=10.000ns})
  Destination:            DRV/CU/r_count_reg[11]/D
                            (rising edge-triggered cell FDCE clocked by sys_clk_pin  {rise@0.000ns fall@5.000ns period=10.000ns})
  Path Group:             sys_clk_pin
  Path Type:              Hold (Min at Fast Process Corner)
  Requirement:            0.000ns  (sys_clk_pin rise@0.000ns - sys_clk_pin rise@0.000ns)
  Data Path Delay:        0.379ns  (logic 0.249ns (65.656%)  route 0.130ns (34.344%))
  Logic Levels:           1  (CARRY4=1)
  Clock Path Skew:        0.017ns (DCD - SCD - CPR)
    Destination Clock Delay (DCD):    2.220ns
    Source Clock Delay      (SCD):    1.712ns
    Clock Pessimism Removal (CPR):    0.491ns

    Location             Delay type                Incr(ns)  Path(ns)    Netlist Resource(s)
  -------------------------------------------------------------------    -------------------
                         (clock sys_clk_pin rise edge)
                                                      0.000     0.000 r  
    H16                                               0.000     0.000 r  clk (IN)
                         net (fo=0)                   0.000     0.000    clk
    H16                  IBUF (Prop_ibuf_I_O)         0.225     0.225 r  clk_IBUF_inst/O
                         net (fo=1, estimated)        0.875     1.100    clk_IBUF
    BUFGCTRL_X0Y16       BUFG (Prop_bufg_I_O)         0.026     1.126 r  clk_IBUF_BUFG_inst/O
                         net (fo=63, estimated)       0.586     1.712    DRV/CU/clk_IBUF_BUFG
    SLICE_X41Y58         FDCE                                         r  DRV/CU/r_count_reg[11]/C
  -------------------------------------------------------------------    -------------------
    SLICE_X41Y58         FDCE (Prop_fdce_C_Q)         0.141     1.853 r  DRV/CU/r_count_reg[11]/Q
                         net (fo=2, estimated)        0.130     1.984    DRV/CU/r_count_reg[11]
    SLICE_X41Y58         CARRY4 (Prop_carry4_S[3]_O[3])
                                                      0.108     2.092 r  DRV/CU/r_count_reg[8]_i_1/O[3]
                         net (fo=1, routed)           0.000     2.092    DRV/CU/r_count_reg[8]_i_1_n_4
    SLICE_X41Y58         FDCE                                         r  DRV/CU/r_count_reg[11]/D
  -------------------------------------------------------------------    -------------------

                         (clock sys_clk_pin rise edge)
                                                      0.000     0.000 r  
    H16                                               0.000     0.000 r  clk (IN)
                         net (fo=0)                   0.000     0.000    clk
    H16                  IBUF (Prop_ibuf_I_O)         0.413     0.413 r  clk_IBUF_inst/O
                         net (fo=1, estimated)        0.921     1.334    clk_IBUF
    BUFGCTRL_X0Y16       BUFG (Prop_bufg_I_O)         0.029     1.363 r  clk_IBUF_BUFG_inst/O
                         net (fo=63, estimated)       0.857     2.220    DRV/CU/clk_IBUF_BUFG
    SLICE_X41Y58         FDCE                                         r  DRV/CU/r_count_reg[11]/C
                         clock pessimism             -0.491     1.729    
    SLICE_X41Y58         FDCE (Hold_fdce_C_D)         0.105     1.834    DRV/CU/r_count_reg[11]
  -------------------------------------------------------------------
                         required time                         -1.834    
                         arrival time                           2.092    
  -------------------------------------------------------------------
                         slack                                  0.257    





Pulse Width Checks
--------------------------------------------------------------------------------------
Clock Name:         sys_clk_pin
Waveform(ns):       { 0.000 5.000 }
Period(ns):         10.000
Sources:            { clk }

Check Type        Corner  Lib Pin     Reference Pin  Required(ns)  Actual(ns)  Slack(ns)  Location        Pin
Min Period        n/a     BUFG/I      n/a            2.155         10.000      7.845      BUFGCTRL_X0Y16  clk_IBUF_BUFG_inst/I
Min Period        n/a     FDCE/C      n/a            1.000         10.000      9.000      SLICE_X41Y56    DRV/CU/r_count_reg[0]/C
Min Period        n/a     FDCE/C      n/a            1.000         10.000      9.000      SLICE_X41Y58    DRV/CU/r_count_reg[10]/C
Min Period        n/a     FDCE/C      n/a            1.000         10.000      9.000      SLICE_X41Y58    DRV/CU/r_count_reg[11]/C
Min Period        n/a     FDCE/C      n/a            1.000         10.000      9.000      SLICE_X41Y59    DRV/CU/r_count_reg[12]/C
Min Period        n/a     FDCE/C      n/a            1.000         10.000      9.000      SLICE_X41Y59    DRV/CU/r_count_reg[13]/C
Min Period        n/a     FDCE/C      n/a            1.000         10.000      9.000      SLICE_X41Y59    DRV/CU/r_count_reg[14]/C
Min Period        n/a     FDCE/C      n/a            1.000         10.000      9.000      SLICE_X41Y59    DRV/CU/r_count_reg[15]/C
Min Period        n/a     FDCE/C      n/a            1.000         10.000      9.000      SLICE_X41Y60    DRV/CU/r_count_reg[16]/C
Min Period        n/a     FDCE/C      n/a            1.000         10.000      9.000      SLICE_X41Y60    DRV/CU/r_count_reg[17]/C
Low Pulse Width   Slow    SRL16E/CLK  n/a            0.980         5.000       4.020      SLICE_X38Y60    FIFO/U0/inst_fifo_gen/gconvfifo.rf/grf.rf/gntv_or_sync_fifo.mem/gsm.sm/gsm1.sm1/gram.gsms[0].gv4.srl16/CLK
Low Pulse Width   Fast    SRL16E/CLK  n/a            0.980         5.000       4.020      SLICE_X38Y60    FIFO/U0/inst_fifo_gen/gconvfifo.rf/grf.rf/gntv_or_sync_fifo.mem/gsm.sm/gsm1.sm1/gram.gsms[0].gv4.srl16/CLK
Low Pulse Width   Slow    SRL16E/CLK  n/a            0.980         5.000       4.020      SLICE_X38Y60    FIFO/U0/inst_fifo_gen/gconvfifo.rf/grf.rf/gntv_or_sync_fifo.mem/gsm.sm/gsm1.sm1/gram.gsms[1].gv4.srl16/CLK
Low Pulse Width   Fast    SRL16E/CLK  n/a            0.980         5.000       4.020      SLICE_X38Y60    FIFO/U0/inst_fifo_gen/gconvfifo.rf/grf.rf/gntv_or_sync_fifo.mem/gsm.sm/gsm1.sm1/gram.gsms[1].gv4.srl16/CLK
Low Pulse Width   Fast    FDCE/C      n/a            0.500         5.000       4.500      SLICE_X38Y59    FIFO/U0/inst_fifo_gen/gconvfifo.rf/grf.rf/gntv_or_sync_fifo.gl1.lsshft/c0/count_reg[3]/C
Low Pulse Width   Fast    FDPE/C      n/a            0.500         5.000       4.500      SLICE_X39Y59    FIFO/U0/inst_fifo_gen/gconvfifo.rf/grf.rf/gntv_or_sync_fifo.gl1.lsshft/rsts/ram_empty_fb_i_reg/C
Low Pulse Width   Fast    FDPE/C      n/a            0.500         5.000       4.500      SLICE_X39Y58    FIFO/U0/inst_fifo_gen/gconvfifo.rf/grf.rf/rstblk/grstd1.grst_full.grst_f.rst_d1_reg/C
Low Pulse Width   Fast    FDPE/C      n/a            0.500         5.000       4.500      SLICE_X39Y58    FIFO/U0/inst_fifo_gen/gconvfifo.rf/grf.rf/rstblk/grstd1.grst_full.grst_f.rst_d2_reg/C
Low Pulse Width   Fast    FDPE/C      n/a            0.500         5.000       4.500      SLICE_X39Y58    FIFO/U0/inst_fifo_gen/gconvfifo.rf/grf.rf/rstblk/grstd1.grst_full.grst_f.rst_d3_reg/C
Low Pulse Width   Fast    FDRE/C      n/a            0.500         5.000       4.500      SLICE_X38Y58    FIFO/U0/inst_fifo_gen/gconvfifo.rf/grf.rf/rstblk/ngwrdrst.grst.g7serrst.gnsckt_wrst.gcc_rst.sckt_wr_rst_cc_reg[0]/C
High Pulse Width  Slow    SRL16E/CLK  n/a            0.980         5.000       4.020      SLICE_X38Y60    FIFO/U0/inst_fifo_gen/gconvfifo.rf/grf.rf/gntv_or_sync_fifo.mem/gsm.sm/gsm1.sm1/gram.gsms[0].gv4.srl16/CLK
High Pulse Width  Fast    SRL16E/CLK  n/a            0.980         5.000       4.020      SLICE_X38Y60    FIFO/U0/inst_fifo_gen/gconvfifo.rf/grf.rf/gntv_or_sync_fifo.mem/gsm.sm/gsm1.sm1/gram.gsms[0].gv4.srl16/CLK
High Pulse Width  Slow    SRL16E/CLK  n/a            0.980         5.000       4.020      SLICE_X38Y60    FIFO/U0/inst_fifo_gen/gconvfifo.rf/grf.rf/gntv_or_sync_fifo.mem/gsm.sm/gsm1.sm1/gram.gsms[1].gv4.srl16/CLK
High Pulse Width  Fast    SRL16E/CLK  n/a            0.980         5.000       4.020      SLICE_X38Y60    FIFO/U0/inst_fifo_gen/gconvfifo.rf/grf.rf/gntv_or_sync_fifo.mem/gsm.sm/gsm1.sm1/gram.gsms[1].gv4.srl16/CLK
High Pulse Width  Slow    FDPE/C      n/a            0.500         5.000       4.500      SLICE_X38Y61    FIFO/U0/inst_fifo_gen/gconvfifo.rf/grf.rf/gntv_or_sync_fifo.gl1.lsshft/c1/count_reg[0]/C
High Pulse Width  Slow    FDCE/C      n/a            0.500         5.000       4.500      SLICE_X38Y61    FIFO/U0/inst_fifo_gen/gconvfifo.rf/grf.rf/gntv_or_sync_fifo.gl1.lsshft/c1/count_reg[1]/C
High Pulse Width  Slow    FDCE/C      n/a            0.500         5.000       4.500      SLICE_X38Y61    FIFO/U0/inst_fifo_gen/gconvfifo.rf/grf.rf/gntv_or_sync_fifo.gl1.lsshft/c1/count_reg[2]/C
High Pulse Width  Slow    FDCE/C      n/a            0.500         5.000       4.500      SLICE_X38Y61    FIFO/U0/inst_fifo_gen/gconvfifo.rf/grf.rf/gntv_or_sync_fifo.gl1.lsshft/c1/count_reg[3]/C
High Pulse Width  Slow    FDCE/C      n/a            0.500         5.000       4.500      SLICE_X41Y56    DRV/CU/r_count_reg[0]/C
High Pulse Width  Fast    FDCE/C      n/a            0.500         5.000       4.500      SLICE_X41Y56    DRV/CU/r_count_reg[0]/C



---------------------------------------------------------------------------------------------------
Path Group:  **async_default**
From Clock:  sys_clk_pin
  To Clock:  sys_clk_pin

Setup :            0  Failing Endpoints,  Worst Slack        7.193ns,  Total Violation        0.000ns
Hold  :            0  Failing Endpoints,  Worst Slack        0.459ns,  Total Violation        0.000ns
---------------------------------------------------------------------------------------------------


Max Delay Paths
--------------------------------------------------------------------------------------
Slack (MET) :             7.193ns  (required time - arrival time)
  Source:                 FIFO/U0/inst_fifo_gen/gconvfifo.rf/grf.rf/rstblk/ngwrdrst.grst.g7serrst.gnsckt_wrst.gcc_rst.sckt_wr_rst_cc_reg[1]/C
                            (rising edge-triggered cell FDRE clocked by sys_clk_pin  {rise@0.000ns fall@5.000ns period=10.000ns})
  Destination:            FIFO/U0/inst_fifo_gen/gconvfifo.rf/grf.rf/gntv_or_sync_fifo.gl1.lsshft/c1/count_reg[0]/PRE
                            (recovery check against rising-edge clock sys_clk_pin  {rise@0.000ns fall@5.000ns period=10.000ns})
  Path Group:             **async_default**
  Path Type:              Recovery (Max at Slow Process Corner)
  Requirement:            10.000ns  (sys_clk_pin rise@10.000ns - sys_clk_pin rise@0.000ns)
  Data Path Delay:        2.384ns  (logic 0.642ns (26.930%)  route 1.742ns (73.070%))
  Logic Levels:           1  (LUT3=1)
  Clock Path Skew:        -0.027ns (DCD - SCD + CPR)
    Destination Clock Delay (DCD):    5.008ns = ( 15.008 - 10.000 ) 
    Source Clock Delay      (SCD):    5.370ns
    Clock Pessimism Removal (CPR):    0.335ns
  Clock Uncertainty:      0.035ns  ((TSJ^2 + TIJ^2)^1/2 + DJ) / 2 + PE
    Total System Jitter     (TSJ):    0.071ns
    Total Input Jitter      (TIJ):    0.000ns
    Discrete Jitter          (DJ):    0.000ns
    Phase Error              (PE):    0.000ns

    Location             Delay type                Incr(ns)  Path(ns)    Netlist Resource(s)
  -------------------------------------------------------------------    -------------------
                         (clock sys_clk_pin rise edge)
                                                      0.000     0.000 r  
    H16                                               0.000     0.000 r  clk (IN)
                         net (fo=0)                   0.000     0.000    clk
    H16                  IBUF (Prop_ibuf_I_O)         1.457     1.457 r  clk_IBUF_inst/O
                         net (fo=1, estimated)        2.076     3.533    clk_IBUF
    BUFGCTRL_X0Y16       BUFG (Prop_bufg_I_O)         0.101     3.634 r  clk_IBUF_BUFG_inst/O
                         net (fo=63, estimated)       1.736     5.370    FIFO/U0/inst_fifo_gen/gconvfifo.rf/grf.rf/rstblk/clk
    SLICE_X38Y58         FDRE                                         r  FIFO/U0/inst_fifo_gen/gconvfifo.rf/grf.rf/rstblk/ngwrdrst.grst.g7serrst.gnsckt_wrst.gcc_rst.sckt_wr_rst_cc_reg[1]/C
  -------------------------------------------------------------------    -------------------
    SLICE_X38Y58         FDRE (Prop_fdre_C_Q)         0.518     5.888 f  FIFO/U0/inst_fifo_gen/gconvfifo.rf/grf.rf/rstblk/ngwrdrst.grst.g7serrst.gnsckt_wrst.gcc_rst.sckt_wr_rst_cc_reg[1]/Q
                         net (fo=4, estimated)        0.807     6.695    FIFO/U0/inst_fifo_gen/gconvfifo.rf/grf.rf/rstblk/p_0_in[2]
    SLICE_X38Y58         LUT3 (Prop_lut3_I1_O)        0.124     6.819 f  FIFO/U0/inst_fifo_gen/gconvfifo.rf/grf.rf/rstblk/dout_i[1]_i_2/O
                         net (fo=16, estimated)       0.935     7.754    FIFO/U0/inst_fifo_gen/gconvfifo.rf/grf.rf/gntv_or_sync_fifo.gl1.lsshft/c1/count_reg[0]_0
    SLICE_X38Y61         FDPE                                         f  FIFO/U0/inst_fifo_gen/gconvfifo.rf/grf.rf/gntv_or_sync_fifo.gl1.lsshft/c1/count_reg[0]/PRE
  -------------------------------------------------------------------    -------------------

                         (clock sys_clk_pin rise edge)
                                                     10.000    10.000 r  
    H16                                               0.000    10.000 r  clk (IN)
                         net (fo=0)                   0.000    10.000    clk
    H16                  IBUF (Prop_ibuf_I_O)         1.387    11.387 r  clk_IBUF_inst/O
                         net (fo=1, estimated)        1.972    13.359    clk_IBUF
    BUFGCTRL_X0Y16       BUFG (Prop_bufg_I_O)         0.091    13.450 r  clk_IBUF_BUFG_inst/O
                         net (fo=63, estimated)       1.558    15.008    FIFO/U0/inst_fifo_gen/gconvfifo.rf/grf.rf/gntv_or_sync_fifo.gl1.lsshft/c1/clk
    SLICE_X38Y61         FDPE                                         r  FIFO/U0/inst_fifo_gen/gconvfifo.rf/grf.rf/gntv_or_sync_fifo.gl1.lsshft/c1/count_reg[0]/C
                         clock pessimism              0.335    15.343    
                         clock uncertainty           -0.035    15.308    
    SLICE_X38Y61         FDPE (Recov_fdpe_C_PRE)     -0.361    14.947    FIFO/U0/inst_fifo_gen/gconvfifo.rf/grf.rf/gntv_or_sync_fifo.gl1.lsshft/c1/count_reg[0]
  -------------------------------------------------------------------
                         required time                         14.947    
                         arrival time                          -7.754    
  -------------------------------------------------------------------
                         slack                                  7.193    

Slack (MET) :             7.193ns  (required time - arrival time)
  Source:                 FIFO/U0/inst_fifo_gen/gconvfifo.rf/grf.rf/rstblk/ngwrdrst.grst.g7serrst.gnsckt_wrst.gcc_rst.sckt_wr_rst_cc_reg[1]/C
                            (rising edge-triggered cell FDRE clocked by sys_clk_pin  {rise@0.000ns fall@5.000ns period=10.000ns})
  Destination:            FIFO/U0/inst_fifo_gen/gconvfifo.rf/grf.rf/gntv_or_sync_fifo.gl1.lsshft/c1/count_reg[2]/CLR
                            (recovery check against rising-edge clock sys_clk_pin  {rise@0.000ns fall@5.000ns period=10.000ns})
  Path Group:             **async_default**
  Path Type:              Recovery (Max at Slow Process Corner)
  Requirement:            10.000ns  (sys_clk_pin rise@10.000ns - sys_clk_pin rise@0.000ns)
  Data Path Delay:        2.384ns  (logic 0.642ns (26.930%)  route 1.742ns (73.070%))
  Logic Levels:           1  (LUT3=1)
  Clock Path Skew:        -0.027ns (DCD - SCD + CPR)
    Destination Clock Delay (DCD):    5.008ns = ( 15.008 - 10.000 ) 
    Source Clock Delay      (SCD):    5.370ns
    Clock Pessimism Removal (CPR):    0.335ns
  Clock Uncertainty:      0.035ns  ((TSJ^2 + TIJ^2)^1/2 + DJ) / 2 + PE
    Total System Jitter     (TSJ):    0.071ns
    Total Input Jitter      (TIJ):    0.000ns
    Discrete Jitter          (DJ):    0.000ns
    Phase Error              (PE):    0.000ns

    Location             Delay type                Incr(ns)  Path(ns)    Netlist Resource(s)
  -------------------------------------------------------------------    -------------------
                         (clock sys_clk_pin rise edge)
                                                      0.000     0.000 r  
    H16                                               0.000     0.000 r  clk (IN)
                         net (fo=0)                   0.000     0.000    clk
    H16                  IBUF (Prop_ibuf_I_O)         1.457     1.457 r  clk_IBUF_inst/O
                         net (fo=1, estimated)        2.076     3.533    clk_IBUF
    BUFGCTRL_X0Y16       BUFG (Prop_bufg_I_O)         0.101     3.634 r  clk_IBUF_BUFG_inst/O
                         net (fo=63, estimated)       1.736     5.370    FIFO/U0/inst_fifo_gen/gconvfifo.rf/grf.rf/rstblk/clk
    SLICE_X38Y58         FDRE                                         r  FIFO/U0/inst_fifo_gen/gconvfifo.rf/grf.rf/rstblk/ngwrdrst.grst.g7serrst.gnsckt_wrst.gcc_rst.sckt_wr_rst_cc_reg[1]/C
  -------------------------------------------------------------------    -------------------
    SLICE_X38Y58         FDRE (Prop_fdre_C_Q)         0.518     5.888 f  FIFO/U0/inst_fifo_gen/gconvfifo.rf/grf.rf/rstblk/ngwrdrst.grst.g7serrst.gnsckt_wrst.gcc_rst.sckt_wr_rst_cc_reg[1]/Q
                         net (fo=4, estimated)        0.807     6.695    FIFO/U0/inst_fifo_gen/gconvfifo.rf/grf.rf/rstblk/p_0_in[2]
    SLICE_X38Y58         LUT3 (Prop_lut3_I1_O)        0.124     6.819 f  FIFO/U0/inst_fifo_gen/gconvfifo.rf/grf.rf/rstblk/dout_i[1]_i_2/O
                         net (fo=16, estimated)       0.935     7.754    FIFO/U0/inst_fifo_gen/gconvfifo.rf/grf.rf/gntv_or_sync_fifo.gl1.lsshft/c1/count_reg[0]_0
    SLICE_X38Y61         FDCE                                         f  FIFO/U0/inst_fifo_gen/gconvfifo.rf/grf.rf/gntv_or_sync_fifo.gl1.lsshft/c1/count_reg[2]/CLR
  -------------------------------------------------------------------    -------------------

                         (clock sys_clk_pin rise edge)
                                                     10.000    10.000 r  
    H16                                               0.000    10.000 r  clk (IN)
                         net (fo=0)                   0.000    10.000    clk
    H16                  IBUF (Prop_ibuf_I_O)         1.387    11.387 r  clk_IBUF_inst/O
                         net (fo=1, estimated)        1.972    13.359    clk_IBUF
    BUFGCTRL_X0Y16       BUFG (Prop_bufg_I_O)         0.091    13.450 r  clk_IBUF_BUFG_inst/O
                         net (fo=63, estimated)       1.558    15.008    FIFO/U0/inst_fifo_gen/gconvfifo.rf/grf.rf/gntv_or_sync_fifo.gl1.lsshft/c1/clk
    SLICE_X38Y61         FDCE                                         r  FIFO/U0/inst_fifo_gen/gconvfifo.rf/grf.rf/gntv_or_sync_fifo.gl1.lsshft/c1/count_reg[2]/C
                         clock pessimism              0.335    15.343    
                         clock uncertainty           -0.035    15.308    
    SLICE_X38Y61         FDCE (Recov_fdce_C_CLR)     -0.361    14.947    FIFO/U0/inst_fifo_gen/gconvfifo.rf/grf.rf/gntv_or_sync_fifo.gl1.lsshft/c1/count_reg[2]
  -------------------------------------------------------------------
                         required time                         14.947    
                         arrival time                          -7.754    
  -------------------------------------------------------------------
                         slack                                  7.193    

Slack (MET) :             7.229ns  (required time - arrival time)
  Source:                 FIFO/U0/inst_fifo_gen/gconvfifo.rf/grf.rf/rstblk/ngwrdrst.grst.g7serrst.gnsckt_wrst.gcc_rst.sckt_wr_rst_cc_reg[1]/C
                            (rising edge-triggered cell FDRE clocked by sys_clk_pin  {rise@0.000ns fall@5.000ns period=10.000ns})
  Destination:            FIFO/U0/inst_fifo_gen/gconvfifo.rf/grf.rf/gntv_or_sync_fifo.gl1.lsshft/c0/count_reg[0]/CLR
                            (recovery check against rising-edge clock sys_clk_pin  {rise@0.000ns fall@5.000ns period=10.000ns})
  Path Group:             **async_default**
  Path Type:              Recovery (Max at Slow Process Corner)
  Requirement:            10.000ns  (sys_clk_pin rise@10.000ns - sys_clk_pin rise@0.000ns)
  Data Path Delay:        2.270ns  (logic 0.642ns (28.282%)  route 1.628ns (71.718%))
  Logic Levels:           1  (LUT3=1)
  Clock Path Skew:        -0.061ns (DCD - SCD + CPR)
    Destination Clock Delay (DCD):    5.010ns = ( 15.010 - 10.000 ) 
    Source Clock Delay      (SCD):    5.370ns
    Clock Pessimism Removal (CPR):    0.299ns
  Clock Uncertainty:      0.035ns  ((TSJ^2 + TIJ^2)^1/2 + DJ) / 2 + PE
    Total System Jitter     (TSJ):    0.071ns
    Total Input Jitter      (TIJ):    0.000ns
    Discrete Jitter          (DJ):    0.000ns
    Phase Error              (PE):    0.000ns

    Location             Delay type                Incr(ns)  Path(ns)    Netlist Resource(s)
  -------------------------------------------------------------------    -------------------
                         (clock sys_clk_pin rise edge)
                                                      0.000     0.000 r  
    H16                                               0.000     0.000 r  clk (IN)
                         net (fo=0)                   0.000     0.000    clk
    H16                  IBUF (Prop_ibuf_I_O)         1.457     1.457 r  clk_IBUF_inst/O
                         net (fo=1, estimated)        2.076     3.533    clk_IBUF
    BUFGCTRL_X0Y16       BUFG (Prop_bufg_I_O)         0.101     3.634 r  clk_IBUF_BUFG_inst/O
                         net (fo=63, estimated)       1.736     5.370    FIFO/U0/inst_fifo_gen/gconvfifo.rf/grf.rf/rstblk/clk
    SLICE_X38Y58         FDRE                                         r  FIFO/U0/inst_fifo_gen/gconvfifo.rf/grf.rf/rstblk/ngwrdrst.grst.g7serrst.gnsckt_wrst.gcc_rst.sckt_wr_rst_cc_reg[1]/C
  -------------------------------------------------------------------    -------------------
    SLICE_X38Y58         FDRE (Prop_fdre_C_Q)         0.518     5.888 f  FIFO/U0/inst_fifo_gen/gconvfifo.rf/grf.rf/rstblk/ngwrdrst.grst.g7serrst.gnsckt_wrst.gcc_rst.sckt_wr_rst_cc_reg[1]/Q
                         net (fo=4, estimated)        0.807     6.695    FIFO/U0/inst_fifo_gen/gconvfifo.rf/grf.rf/rstblk/p_0_in[2]
    SLICE_X38Y58         LUT3 (Prop_lut3_I1_O)        0.124     6.819 f  FIFO/U0/inst_fifo_gen/gconvfifo.rf/grf.rf/rstblk/dout_i[1]_i_2/O
                         net (fo=16, estimated)       0.821     7.640    FIFO/U0/inst_fifo_gen/gconvfifo.rf/grf.rf/gntv_or_sync_fifo.gl1.lsshft/c0/count_reg[0]_0
    SLICE_X40Y60         FDCE                                         f  FIFO/U0/inst_fifo_gen/gconvfifo.rf/grf.rf/gntv_or_sync_fifo.gl1.lsshft/c0/count_reg[0]/CLR
  -------------------------------------------------------------------    -------------------

                         (clock sys_clk_pin rise edge)
                                                     10.000    10.000 r  
    H16                                               0.000    10.000 r  clk (IN)
                         net (fo=0)                   0.000    10.000    clk
    H16                  IBUF (Prop_ibuf_I_O)         1.387    11.387 r  clk_IBUF_inst/O
                         net (fo=1, estimated)        1.972    13.359    clk_IBUF
    BUFGCTRL_X0Y16       BUFG (Prop_bufg_I_O)         0.091    13.450 r  clk_IBUF_BUFG_inst/O
                         net (fo=63, estimated)       1.560    15.010    FIFO/U0/inst_fifo_gen/gconvfifo.rf/grf.rf/gntv_or_sync_fifo.gl1.lsshft/c0/clk
    SLICE_X40Y60         FDCE                                         r  FIFO/U0/inst_fifo_gen/gconvfifo.rf/grf.rf/gntv_or_sync_fifo.gl1.lsshft/c0/count_reg[0]/C
                         clock pessimism              0.299    15.309    
                         clock uncertainty           -0.035    15.274    
    SLICE_X40Y60         FDCE (Recov_fdce_C_CLR)     -0.405    14.869    FIFO/U0/inst_fifo_gen/gconvfifo.rf/grf.rf/gntv_or_sync_fifo.gl1.lsshft/c0/count_reg[0]
  -------------------------------------------------------------------
                         required time                         14.869    
                         arrival time                          -7.640    
  -------------------------------------------------------------------
                         slack                                  7.229    

Slack (MET) :             7.235ns  (required time - arrival time)
  Source:                 FIFO/U0/inst_fifo_gen/gconvfifo.rf/grf.rf/rstblk/ngwrdrst.grst.g7serrst.gnsckt_wrst.gcc_rst.sckt_wr_rst_cc_reg[1]/C
                            (rising edge-triggered cell FDRE clocked by sys_clk_pin  {rise@0.000ns fall@5.000ns period=10.000ns})
  Destination:            FIFO/U0/inst_fifo_gen/gconvfifo.rf/grf.rf/gntv_or_sync_fifo.gl1.lsshft/c1/count_reg[1]/CLR
                            (recovery check against rising-edge clock sys_clk_pin  {rise@0.000ns fall@5.000ns period=10.000ns})
  Path Group:             **async_default**
  Path Type:              Recovery (Max at Slow Process Corner)
  Requirement:            10.000ns  (sys_clk_pin rise@10.000ns - sys_clk_pin rise@0.000ns)
  Data Path Delay:        2.384ns  (logic 0.642ns (26.930%)  route 1.742ns (73.070%))
  Logic Levels:           1  (LUT3=1)
  Clock Path Skew:        -0.027ns (DCD - SCD + CPR)
    Destination Clock Delay (DCD):    5.008ns = ( 15.008 - 10.000 ) 
    Source Clock Delay      (SCD):    5.370ns
    Clock Pessimism Removal (CPR):    0.335ns
  Clock Uncertainty:      0.035ns  ((TSJ^2 + TIJ^2)^1/2 + DJ) / 2 + PE
    Total System Jitter     (TSJ):    0.071ns
    Total Input Jitter      (TIJ):    0.000ns
    Discrete Jitter          (DJ):    0.000ns
    Phase Error              (PE):    0.000ns

    Location             Delay type                Incr(ns)  Path(ns)    Netlist Resource(s)
  -------------------------------------------------------------------    -------------------
                         (clock sys_clk_pin rise edge)
                                                      0.000     0.000 r  
    H16                                               0.000     0.000 r  clk (IN)
                         net (fo=0)                   0.000     0.000    clk
    H16                  IBUF (Prop_ibuf_I_O)         1.457     1.457 r  clk_IBUF_inst/O
                         net (fo=1, estimated)        2.076     3.533    clk_IBUF
    BUFGCTRL_X0Y16       BUFG (Prop_bufg_I_O)         0.101     3.634 r  clk_IBUF_BUFG_inst/O
                         net (fo=63, estimated)       1.736     5.370    FIFO/U0/inst_fifo_gen/gconvfifo.rf/grf.rf/rstblk/clk
    SLICE_X38Y58         FDRE                                         r  FIFO/U0/inst_fifo_gen/gconvfifo.rf/grf.rf/rstblk/ngwrdrst.grst.g7serrst.gnsckt_wrst.gcc_rst.sckt_wr_rst_cc_reg[1]/C
  -------------------------------------------------------------------    -------------------
    SLICE_X38Y58         FDRE (Prop_fdre_C_Q)         0.518     5.888 f  FIFO/U0/inst_fifo_gen/gconvfifo.rf/grf.rf/rstblk/ngwrdrst.grst.g7serrst.gnsckt_wrst.gcc_rst.sckt_wr_rst_cc_reg[1]/Q
                         net (fo=4, estimated)        0.807     6.695    FIFO/U0/inst_fifo_gen/gconvfifo.rf/grf.rf/rstblk/p_0_in[2]
    SLICE_X38Y58         LUT3 (Prop_lut3_I1_O)        0.124     6.819 f  FIFO/U0/inst_fifo_gen/gconvfifo.rf/grf.rf/rstblk/dout_i[1]_i_2/O
                         net (fo=16, estimated)       0.935     7.754    FIFO/U0/inst_fifo_gen/gconvfifo.rf/grf.rf/gntv_or_sync_fifo.gl1.lsshft/c1/count_reg[0]_0
    SLICE_X38Y61         FDCE                                         f  FIFO/U0/inst_fifo_gen/gconvfifo.rf/grf.rf/gntv_or_sync_fifo.gl1.lsshft/c1/count_reg[1]/CLR
  -------------------------------------------------------------------    -------------------

                         (clock sys_clk_pin rise edge)
                                                     10.000    10.000 r  
    H16                                               0.000    10.000 r  clk (IN)
                         net (fo=0)                   0.000    10.000    clk
    H16                  IBUF (Prop_ibuf_I_O)         1.387    11.387 r  clk_IBUF_inst/O
                         net (fo=1, estimated)        1.972    13.359    clk_IBUF
    BUFGCTRL_X0Y16       BUFG (Prop_bufg_I_O)         0.091    13.450 r  clk_IBUF_BUFG_inst/O
                         net (fo=63, estimated)       1.558    15.008    FIFO/U0/inst_fifo_gen/gconvfifo.rf/grf.rf/gntv_or_sync_fifo.gl1.lsshft/c1/clk
    SLICE_X38Y61         FDCE                                         r  FIFO/U0/inst_fifo_gen/gconvfifo.rf/grf.rf/gntv_or_sync_fifo.gl1.lsshft/c1/count_reg[1]/C
                         clock pessimism              0.335    15.343    
                         clock uncertainty           -0.035    15.308    
    SLICE_X38Y61         FDCE (Recov_fdce_C_CLR)     -0.319    14.989    FIFO/U0/inst_fifo_gen/gconvfifo.rf/grf.rf/gntv_or_sync_fifo.gl1.lsshft/c1/count_reg[1]
  -------------------------------------------------------------------
                         required time                         14.989    
                         arrival time                          -7.754    
  -------------------------------------------------------------------
                         slack                                  7.235    

Slack (MET) :             7.235ns  (required time - arrival time)
  Source:                 FIFO/U0/inst_fifo_gen/gconvfifo.rf/grf.rf/rstblk/ngwrdrst.grst.g7serrst.gnsckt_wrst.gcc_rst.sckt_wr_rst_cc_reg[1]/C
                            (rising edge-triggered cell FDRE clocked by sys_clk_pin  {rise@0.000ns fall@5.000ns period=10.000ns})
  Destination:            FIFO/U0/inst_fifo_gen/gconvfifo.rf/grf.rf/gntv_or_sync_fifo.gl1.lsshft/c1/count_reg[3]/CLR
                            (recovery check against rising-edge clock sys_clk_pin  {rise@0.000ns fall@5.000ns period=10.000ns})
  Path Group:             **async_default**
  Path Type:              Recovery (Max at Slow Process Corner)
  Requirement:            10.000ns  (sys_clk_pin rise@10.000ns - sys_clk_pin rise@0.000ns)
  Data Path Delay:        2.384ns  (logic 0.642ns (26.930%)  route 1.742ns (73.070%))
  Logic Levels:           1  (LUT3=1)
  Clock Path Skew:        -0.027ns (DCD - SCD + CPR)
    Destination Clock Delay (DCD):    5.008ns = ( 15.008 - 10.000 ) 
    Source Clock Delay      (SCD):    5.370ns
    Clock Pessimism Removal (CPR):    0.335ns
  Clock Uncertainty:      0.035ns  ((TSJ^2 + TIJ^2)^1/2 + DJ) / 2 + PE
    Total System Jitter     (TSJ):    0.071ns
    Total Input Jitter      (TIJ):    0.000ns
    Discrete Jitter          (DJ):    0.000ns
    Phase Error              (PE):    0.000ns

    Location             Delay type                Incr(ns)  Path(ns)    Netlist Resource(s)
  -------------------------------------------------------------------    -------------------
                         (clock sys_clk_pin rise edge)
                                                      0.000     0.000 r  
    H16                                               0.000     0.000 r  clk (IN)
                         net (fo=0)                   0.000     0.000    clk
    H16                  IBUF (Prop_ibuf_I_O)         1.457     1.457 r  clk_IBUF_inst/O
                         net (fo=1, estimated)        2.076     3.533    clk_IBUF
    BUFGCTRL_X0Y16       BUFG (Prop_bufg_I_O)         0.101     3.634 r  clk_IBUF_BUFG_inst/O
                         net (fo=63, estimated)       1.736     5.370    FIFO/U0/inst_fifo_gen/gconvfifo.rf/grf.rf/rstblk/clk
    SLICE_X38Y58         FDRE                                         r  FIFO/U0/inst_fifo_gen/gconvfifo.rf/grf.rf/rstblk/ngwrdrst.grst.g7serrst.gnsckt_wrst.gcc_rst.sckt_wr_rst_cc_reg[1]/C
  -------------------------------------------------------------------    -------------------
    SLICE_X38Y58         FDRE (Prop_fdre_C_Q)         0.518     5.888 f  FIFO/U0/inst_fifo_gen/gconvfifo.rf/grf.rf/rstblk/ngwrdrst.grst.g7serrst.gnsckt_wrst.gcc_rst.sckt_wr_rst_cc_reg[1]/Q
                         net (fo=4, estimated)        0.807     6.695    FIFO/U0/inst_fifo_gen/gconvfifo.rf/grf.rf/rstblk/p_0_in[2]
    SLICE_X38Y58         LUT3 (Prop_lut3_I1_O)        0.124     6.819 f  FIFO/U0/inst_fifo_gen/gconvfifo.rf/grf.rf/rstblk/dout_i[1]_i_2/O
                         net (fo=16, estimated)       0.935     7.754    FIFO/U0/inst_fifo_gen/gconvfifo.rf/grf.rf/gntv_or_sync_fifo.gl1.lsshft/c1/count_reg[0]_0
    SLICE_X38Y61         FDCE                                         f  FIFO/U0/inst_fifo_gen/gconvfifo.rf/grf.rf/gntv_or_sync_fifo.gl1.lsshft/c1/count_reg[3]/CLR
  -------------------------------------------------------------------    -------------------

                         (clock sys_clk_pin rise edge)
                                                     10.000    10.000 r  
    H16                                               0.000    10.000 r  clk (IN)
                         net (fo=0)                   0.000    10.000    clk
    H16                  IBUF (Prop_ibuf_I_O)         1.387    11.387 r  clk_IBUF_inst/O
                         net (fo=1, estimated)        1.972    13.359    clk_IBUF
    BUFGCTRL_X0Y16       BUFG (Prop_bufg_I_O)         0.091    13.450 r  clk_IBUF_BUFG_inst/O
                         net (fo=63, estimated)       1.558    15.008    FIFO/U0/inst_fifo_gen/gconvfifo.rf/grf.rf/gntv_or_sync_fifo.gl1.lsshft/c1/clk
    SLICE_X38Y61         FDCE                                         r  FIFO/U0/inst_fifo_gen/gconvfifo.rf/grf.rf/gntv_or_sync_fifo.gl1.lsshft/c1/count_reg[3]/C
                         clock pessimism              0.335    15.343    
                         clock uncertainty           -0.035    15.308    
    SLICE_X38Y61         FDCE (Recov_fdce_C_CLR)     -0.319    14.989    FIFO/U0/inst_fifo_gen/gconvfifo.rf/grf.rf/gntv_or_sync_fifo.gl1.lsshft/c1/count_reg[3]
  -------------------------------------------------------------------
                         required time                         14.989    
                         arrival time                          -7.754    
  -------------------------------------------------------------------
                         slack                                  7.235    

Slack (MET) :             7.275ns  (required time - arrival time)
  Source:                 FIFO/U0/inst_fifo_gen/gconvfifo.rf/grf.rf/rstblk/ngwrdrst.grst.g7serrst.gnsckt_wrst.gcc_rst.sckt_wr_rst_cc_reg[1]/C
                            (rising edge-triggered cell FDRE clocked by sys_clk_pin  {rise@0.000ns fall@5.000ns period=10.000ns})
  Destination:            FIFO/U0/inst_fifo_gen/gconvfifo.rf/grf.rf/gntv_or_sync_fifo.gl1.lsshft/crd/count_reg[0]/PRE
                            (recovery check against rising-edge clock sys_clk_pin  {rise@0.000ns fall@5.000ns period=10.000ns})
  Path Group:             **async_default**
  Path Type:              Recovery (Max at Slow Process Corner)
  Requirement:            10.000ns  (sys_clk_pin rise@10.000ns - sys_clk_pin rise@0.000ns)
  Data Path Delay:        2.270ns  (logic 0.642ns (28.282%)  route 1.628ns (71.718%))
  Logic Levels:           1  (LUT3=1)
  Clock Path Skew:        -0.061ns (DCD - SCD + CPR)
    Destination Clock Delay (DCD):    5.010ns = ( 15.010 - 10.000 ) 
    Source Clock Delay      (SCD):    5.370ns
    Clock Pessimism Removal (CPR):    0.299ns
  Clock Uncertainty:      0.035ns  ((TSJ^2 + TIJ^2)^1/2 + DJ) / 2 + PE
    Total System Jitter     (TSJ):    0.071ns
    Total Input Jitter      (TIJ):    0.000ns
    Discrete Jitter          (DJ):    0.000ns
    Phase Error              (PE):    0.000ns

    Location             Delay type                Incr(ns)  Path(ns)    Netlist Resource(s)
  -------------------------------------------------------------------    -------------------
                         (clock sys_clk_pin rise edge)
                                                      0.000     0.000 r  
    H16                                               0.000     0.000 r  clk (IN)
                         net (fo=0)                   0.000     0.000    clk
    H16                  IBUF (Prop_ibuf_I_O)         1.457     1.457 r  clk_IBUF_inst/O
                         net (fo=1, estimated)        2.076     3.533    clk_IBUF
    BUFGCTRL_X0Y16       BUFG (Prop_bufg_I_O)         0.101     3.634 r  clk_IBUF_BUFG_inst/O
                         net (fo=63, estimated)       1.736     5.370    FIFO/U0/inst_fifo_gen/gconvfifo.rf/grf.rf/rstblk/clk
    SLICE_X38Y58         FDRE                                         r  FIFO/U0/inst_fifo_gen/gconvfifo.rf/grf.rf/rstblk/ngwrdrst.grst.g7serrst.gnsckt_wrst.gcc_rst.sckt_wr_rst_cc_reg[1]/C
  -------------------------------------------------------------------    -------------------
    SLICE_X38Y58         FDRE (Prop_fdre_C_Q)         0.518     5.888 f  FIFO/U0/inst_fifo_gen/gconvfifo.rf/grf.rf/rstblk/ngwrdrst.grst.g7serrst.gnsckt_wrst.gcc_rst.sckt_wr_rst_cc_reg[1]/Q
                         net (fo=4, estimated)        0.807     6.695    FIFO/U0/inst_fifo_gen/gconvfifo.rf/grf.rf/rstblk/p_0_in[2]
    SLICE_X38Y58         LUT3 (Prop_lut3_I1_O)        0.124     6.819 f  FIFO/U0/inst_fifo_gen/gconvfifo.rf/grf.rf/rstblk/dout_i[1]_i_2/O
                         net (fo=16, estimated)       0.821     7.640    FIFO/U0/inst_fifo_gen/gconvfifo.rf/grf.rf/gntv_or_sync_fifo.gl1.lsshft/crd/count_reg[3]_0
    SLICE_X40Y60         FDPE                                         f  FIFO/U0/inst_fifo_gen/gconvfifo.rf/grf.rf/gntv_or_sync_fifo.gl1.lsshft/crd/count_reg[0]/PRE
  -------------------------------------------------------------------    -------------------

                         (clock sys_clk_pin rise edge)
                                                     10.000    10.000 r  
    H16                                               0.000    10.000 r  clk (IN)
                         net (fo=0)                   0.000    10.000    clk
    H16                  IBUF (Prop_ibuf_I_O)         1.387    11.387 r  clk_IBUF_inst/O
                         net (fo=1, estimated)        1.972    13.359    clk_IBUF
    BUFGCTRL_X0Y16       BUFG (Prop_bufg_I_O)         0.091    13.450 r  clk_IBUF_BUFG_inst/O
                         net (fo=63, estimated)       1.560    15.010    FIFO/U0/inst_fifo_gen/gconvfifo.rf/grf.rf/gntv_or_sync_fifo.gl1.lsshft/crd/clk
    SLICE_X40Y60         FDPE                                         r  FIFO/U0/inst_fifo_gen/gconvfifo.rf/grf.rf/gntv_or_sync_fifo.gl1.lsshft/crd/count_reg[0]/C
                         clock pessimism              0.299    15.309    
                         clock uncertainty           -0.035    15.274    
    SLICE_X40Y60         FDPE (Recov_fdpe_C_PRE)     -0.359    14.915    FIFO/U0/inst_fifo_gen/gconvfifo.rf/grf.rf/gntv_or_sync_fifo.gl1.lsshft/crd/count_reg[0]
  -------------------------------------------------------------------
                         required time                         14.915    
                         arrival time                          -7.640    
  -------------------------------------------------------------------
                         slack                                  7.275    

Slack (MET) :             7.324ns  (required time - arrival time)
  Source:                 FIFO/U0/inst_fifo_gen/gconvfifo.rf/grf.rf/rstblk/ngwrdrst.grst.g7serrst.gnsckt_wrst.gcc_rst.sckt_wr_rst_cc_reg[1]/C
                            (rising edge-triggered cell FDRE clocked by sys_clk_pin  {rise@0.000ns fall@5.000ns period=10.000ns})
  Destination:            FIFO/U0/inst_fifo_gen/gconvfifo.rf/grf.rf/gntv_or_sync_fifo.mem/gsm.sm/dout_i_reg[0]/CLR
                            (recovery check against rising-edge clock sys_clk_pin  {rise@0.000ns fall@5.000ns period=10.000ns})
  Path Group:             **async_default**
  Path Type:              Recovery (Max at Slow Process Corner)
  Requirement:            10.000ns  (sys_clk_pin rise@10.000ns - sys_clk_pin rise@0.000ns)
  Data Path Delay:        2.261ns  (logic 0.642ns (28.395%)  route 1.619ns (71.606%))
  Logic Levels:           1  (LUT3=1)
  Clock Path Skew:        -0.061ns (DCD - SCD + CPR)
    Destination Clock Delay (DCD):    5.010ns = ( 15.010 - 10.000 ) 
    Source Clock Delay      (SCD):    5.370ns
    Clock Pessimism Removal (CPR):    0.299ns
  Clock Uncertainty:      0.035ns  ((TSJ^2 + TIJ^2)^1/2 + DJ) / 2 + PE
    Total System Jitter     (TSJ):    0.071ns
    Total Input Jitter      (TIJ):    0.000ns
    Discrete Jitter          (DJ):    0.000ns
    Phase Error              (PE):    0.000ns

    Location             Delay type                Incr(ns)  Path(ns)    Netlist Resource(s)
  -------------------------------------------------------------------    -------------------
                         (clock sys_clk_pin rise edge)
                                                      0.000     0.000 r  
    H16                                               0.000     0.000 r  clk (IN)
                         net (fo=0)                   0.000     0.000    clk
    H16                  IBUF (Prop_ibuf_I_O)         1.457     1.457 r  clk_IBUF_inst/O
                         net (fo=1, estimated)        2.076     3.533    clk_IBUF
    BUFGCTRL_X0Y16       BUFG (Prop_bufg_I_O)         0.101     3.634 r  clk_IBUF_BUFG_inst/O
                         net (fo=63, estimated)       1.736     5.370    FIFO/U0/inst_fifo_gen/gconvfifo.rf/grf.rf/rstblk/clk
    SLICE_X38Y58         FDRE                                         r  FIFO/U0/inst_fifo_gen/gconvfifo.rf/grf.rf/rstblk/ngwrdrst.grst.g7serrst.gnsckt_wrst.gcc_rst.sckt_wr_rst_cc_reg[1]/C
  -------------------------------------------------------------------    -------------------
    SLICE_X38Y58         FDRE (Prop_fdre_C_Q)         0.518     5.888 f  FIFO/U0/inst_fifo_gen/gconvfifo.rf/grf.rf/rstblk/ngwrdrst.grst.g7serrst.gnsckt_wrst.gcc_rst.sckt_wr_rst_cc_reg[1]/Q
                         net (fo=4, estimated)        0.807     6.695    FIFO/U0/inst_fifo_gen/gconvfifo.rf/grf.rf/rstblk/p_0_in[2]
    SLICE_X38Y58         LUT3 (Prop_lut3_I1_O)        0.124     6.819 f  FIFO/U0/inst_fifo_gen/gconvfifo.rf/grf.rf/rstblk/dout_i[1]_i_2/O
                         net (fo=16, estimated)       0.812     7.631    FIFO/U0/inst_fifo_gen/gconvfifo.rf/grf.rf/gntv_or_sync_fifo.mem/gsm.sm/dout_i_reg[0]_0
    SLICE_X42Y60         FDCE                                         f  FIFO/U0/inst_fifo_gen/gconvfifo.rf/grf.rf/gntv_or_sync_fifo.mem/gsm.sm/dout_i_reg[0]/CLR
  -------------------------------------------------------------------    -------------------

                         (clock sys_clk_pin rise edge)
                                                     10.000    10.000 r  
    H16                                               0.000    10.000 r  clk (IN)
                         net (fo=0)                   0.000    10.000    clk
    H16                  IBUF (Prop_ibuf_I_O)         1.387    11.387 r  clk_IBUF_inst/O
                         net (fo=1, estimated)        1.972    13.359    clk_IBUF
    BUFGCTRL_X0Y16       BUFG (Prop_bufg_I_O)         0.091    13.450 r  clk_IBUF_BUFG_inst/O
                         net (fo=63, estimated)       1.560    15.010    FIFO/U0/inst_fifo_gen/gconvfifo.rf/grf.rf/gntv_or_sync_fifo.mem/gsm.sm/clk
    SLICE_X42Y60         FDCE                                         r  FIFO/U0/inst_fifo_gen/gconvfifo.rf/grf.rf/gntv_or_sync_fifo.mem/gsm.sm/dout_i_reg[0]/C
                         clock pessimism              0.299    15.309    
                         clock uncertainty           -0.035    15.274    
    SLICE_X42Y60         FDCE (Recov_fdce_C_CLR)     -0.319    14.955    FIFO/U0/inst_fifo_gen/gconvfifo.rf/grf.rf/gntv_or_sync_fifo.mem/gsm.sm/dout_i_reg[0]
  -------------------------------------------------------------------
                         required time                         14.955    
                         arrival time                          -7.631    
  -------------------------------------------------------------------
                         slack                                  7.324    

Slack (MET) :             7.324ns  (required time - arrival time)
  Source:                 FIFO/U0/inst_fifo_gen/gconvfifo.rf/grf.rf/rstblk/ngwrdrst.grst.g7serrst.gnsckt_wrst.gcc_rst.sckt_wr_rst_cc_reg[1]/C
                            (rising edge-triggered cell FDRE clocked by sys_clk_pin  {rise@0.000ns fall@5.000ns period=10.000ns})
  Destination:            FIFO/U0/inst_fifo_gen/gconvfifo.rf/grf.rf/gntv_or_sync_fifo.mem/gsm.sm/dout_i_reg[1]/CLR
                            (recovery check against rising-edge clock sys_clk_pin  {rise@0.000ns fall@5.000ns period=10.000ns})
  Path Group:             **async_default**
  Path Type:              Recovery (Max at Slow Process Corner)
  Requirement:            10.000ns  (sys_clk_pin rise@10.000ns - sys_clk_pin rise@0.000ns)
  Data Path Delay:        2.261ns  (logic 0.642ns (28.395%)  route 1.619ns (71.606%))
  Logic Levels:           1  (LUT3=1)
  Clock Path Skew:        -0.061ns (DCD - SCD + CPR)
    Destination Clock Delay (DCD):    5.010ns = ( 15.010 - 10.000 ) 
    Source Clock Delay      (SCD):    5.370ns
    Clock Pessimism Removal (CPR):    0.299ns
  Clock Uncertainty:      0.035ns  ((TSJ^2 + TIJ^2)^1/2 + DJ) / 2 + PE
    Total System Jitter     (TSJ):    0.071ns
    Total Input Jitter      (TIJ):    0.000ns
    Discrete Jitter          (DJ):    0.000ns
    Phase Error              (PE):    0.000ns

    Location             Delay type                Incr(ns)  Path(ns)    Netlist Resource(s)
  -------------------------------------------------------------------    -------------------
                         (clock sys_clk_pin rise edge)
                                                      0.000     0.000 r  
    H16                                               0.000     0.000 r  clk (IN)
                         net (fo=0)                   0.000     0.000    clk
    H16                  IBUF (Prop_ibuf_I_O)         1.457     1.457 r  clk_IBUF_inst/O
                         net (fo=1, estimated)        2.076     3.533    clk_IBUF
    BUFGCTRL_X0Y16       BUFG (Prop_bufg_I_O)         0.101     3.634 r  clk_IBUF_BUFG_inst/O
                         net (fo=63, estimated)       1.736     5.370    FIFO/U0/inst_fifo_gen/gconvfifo.rf/grf.rf/rstblk/clk
    SLICE_X38Y58         FDRE                                         r  FIFO/U0/inst_fifo_gen/gconvfifo.rf/grf.rf/rstblk/ngwrdrst.grst.g7serrst.gnsckt_wrst.gcc_rst.sckt_wr_rst_cc_reg[1]/C
  -------------------------------------------------------------------    -------------------
    SLICE_X38Y58         FDRE (Prop_fdre_C_Q)         0.518     5.888 f  FIFO/U0/inst_fifo_gen/gconvfifo.rf/grf.rf/rstblk/ngwrdrst.grst.g7serrst.gnsckt_wrst.gcc_rst.sckt_wr_rst_cc_reg[1]/Q
                         net (fo=4, estimated)        0.807     6.695    FIFO/U0/inst_fifo_gen/gconvfifo.rf/grf.rf/rstblk/p_0_in[2]
    SLICE_X38Y58         LUT3 (Prop_lut3_I1_O)        0.124     6.819 f  FIFO/U0/inst_fifo_gen/gconvfifo.rf/grf.rf/rstblk/dout_i[1]_i_2/O
                         net (fo=16, estimated)       0.812     7.631    FIFO/U0/inst_fifo_gen/gconvfifo.rf/grf.rf/gntv_or_sync_fifo.mem/gsm.sm/dout_i_reg[0]_0
    SLICE_X42Y60         FDCE                                         f  FIFO/U0/inst_fifo_gen/gconvfifo.rf/grf.rf/gntv_or_sync_fifo.mem/gsm.sm/dout_i_reg[1]/CLR
  -------------------------------------------------------------------    -------------------

                         (clock sys_clk_pin rise edge)
                                                     10.000    10.000 r  
    H16                                               0.000    10.000 r  clk (IN)
                         net (fo=0)                   0.000    10.000    clk
    H16                  IBUF (Prop_ibuf_I_O)         1.387    11.387 r  clk_IBUF_inst/O
                         net (fo=1, estimated)        1.972    13.359    clk_IBUF
    BUFGCTRL_X0Y16       BUFG (Prop_bufg_I_O)         0.091    13.450 r  clk_IBUF_BUFG_inst/O
                         net (fo=63, estimated)       1.560    15.010    FIFO/U0/inst_fifo_gen/gconvfifo.rf/grf.rf/gntv_or_sync_fifo.mem/gsm.sm/clk
    SLICE_X42Y60         FDCE                                         r  FIFO/U0/inst_fifo_gen/gconvfifo.rf/grf.rf/gntv_or_sync_fifo.mem/gsm.sm/dout_i_reg[1]/C
                         clock pessimism              0.299    15.309    
                         clock uncertainty           -0.035    15.274    
    SLICE_X42Y60         FDCE (Recov_fdce_C_CLR)     -0.319    14.955    FIFO/U0/inst_fifo_gen/gconvfifo.rf/grf.rf/gntv_or_sync_fifo.mem/gsm.sm/dout_i_reg[1]
  -------------------------------------------------------------------
                         required time                         14.955    
                         arrival time                          -7.631    
  -------------------------------------------------------------------
                         slack                                  7.324    

Slack (MET) :             7.409ns  (required time - arrival time)
  Source:                 FIFO/U0/inst_fifo_gen/gconvfifo.rf/grf.rf/rstblk/ngwrdrst.grst.g7serrst.gnsckt_wrst.gcc_rst.sckt_wr_rst_cc_reg[1]/C
                            (rising edge-triggered cell FDRE clocked by sys_clk_pin  {rise@0.000ns fall@5.000ns period=10.000ns})
  Destination:            FIFO/U0/inst_fifo_gen/gconvfifo.rf/grf.rf/gntv_or_sync_fifo.gl1.lsshft/c0/count_reg[1]/CLR
                            (recovery check against rising-edge clock sys_clk_pin  {rise@0.000ns fall@5.000ns period=10.000ns})
  Path Group:             **async_default**
  Path Type:              Recovery (Max at Slow Process Corner)
  Requirement:            10.000ns  (sys_clk_pin rise@10.000ns - sys_clk_pin rise@0.000ns)
  Data Path Delay:        2.125ns  (logic 0.642ns (30.212%)  route 1.483ns (69.788%))
  Logic Levels:           1  (LUT3=1)
  Clock Path Skew:        -0.026ns (DCD - SCD + CPR)
    Destination Clock Delay (DCD):    5.009ns = ( 15.009 - 10.000 ) 
    Source Clock Delay      (SCD):    5.370ns
    Clock Pessimism Removal (CPR):    0.335ns
  Clock Uncertainty:      0.035ns  ((TSJ^2 + TIJ^2)^1/2 + DJ) / 2 + PE
    Total System Jitter     (TSJ):    0.071ns
    Total Input Jitter      (TIJ):    0.000ns
    Discrete Jitter          (DJ):    0.000ns
    Phase Error              (PE):    0.000ns

    Location             Delay type                Incr(ns)  Path(ns)    Netlist Resource(s)
  -------------------------------------------------------------------    -------------------
                         (clock sys_clk_pin rise edge)
                                                      0.000     0.000 r  
    H16                                               0.000     0.000 r  clk (IN)
                         net (fo=0)                   0.000     0.000    clk
    H16                  IBUF (Prop_ibuf_I_O)         1.457     1.457 r  clk_IBUF_inst/O
                         net (fo=1, estimated)        2.076     3.533    clk_IBUF
    BUFGCTRL_X0Y16       BUFG (Prop_bufg_I_O)         0.101     3.634 r  clk_IBUF_BUFG_inst/O
                         net (fo=63, estimated)       1.736     5.370    FIFO/U0/inst_fifo_gen/gconvfifo.rf/grf.rf/rstblk/clk
    SLICE_X38Y58         FDRE                                         r  FIFO/U0/inst_fifo_gen/gconvfifo.rf/grf.rf/rstblk/ngwrdrst.grst.g7serrst.gnsckt_wrst.gcc_rst.sckt_wr_rst_cc_reg[1]/C
  -------------------------------------------------------------------    -------------------
    SLICE_X38Y58         FDRE (Prop_fdre_C_Q)         0.518     5.888 f  FIFO/U0/inst_fifo_gen/gconvfifo.rf/grf.rf/rstblk/ngwrdrst.grst.g7serrst.gnsckt_wrst.gcc_rst.sckt_wr_rst_cc_reg[1]/Q
                         net (fo=4, estimated)        0.807     6.695    FIFO/U0/inst_fifo_gen/gconvfifo.rf/grf.rf/rstblk/p_0_in[2]
    SLICE_X38Y58         LUT3 (Prop_lut3_I1_O)        0.124     6.819 f  FIFO/U0/inst_fifo_gen/gconvfifo.rf/grf.rf/rstblk/dout_i[1]_i_2/O
                         net (fo=16, estimated)       0.676     7.495    FIFO/U0/inst_fifo_gen/gconvfifo.rf/grf.rf/gntv_or_sync_fifo.gl1.lsshft/c0/count_reg[0]_0
    SLICE_X39Y60         FDCE                                         f  FIFO/U0/inst_fifo_gen/gconvfifo.rf/grf.rf/gntv_or_sync_fifo.gl1.lsshft/c0/count_reg[1]/CLR
  -------------------------------------------------------------------    -------------------

                         (clock sys_clk_pin rise edge)
                                                     10.000    10.000 r  
    H16                                               0.000    10.000 r  clk (IN)
                         net (fo=0)                   0.000    10.000    clk
    H16                  IBUF (Prop_ibuf_I_O)         1.387    11.387 r  clk_IBUF_inst/O
                         net (fo=1, estimated)        1.972    13.359    clk_IBUF
    BUFGCTRL_X0Y16       BUFG (Prop_bufg_I_O)         0.091    13.450 r  clk_IBUF_BUFG_inst/O
                         net (fo=63, estimated)       1.559    15.009    FIFO/U0/inst_fifo_gen/gconvfifo.rf/grf.rf/gntv_or_sync_fifo.gl1.lsshft/c0/clk
    SLICE_X39Y60         FDCE                                         r  FIFO/U0/inst_fifo_gen/gconvfifo.rf/grf.rf/gntv_or_sync_fifo.gl1.lsshft/c0/count_reg[1]/C
                         clock pessimism              0.335    15.344    
                         clock uncertainty           -0.035    15.309    
    SLICE_X39Y60         FDCE (Recov_fdce_C_CLR)     -0.405    14.904    FIFO/U0/inst_fifo_gen/gconvfifo.rf/grf.rf/gntv_or_sync_fifo.gl1.lsshft/c0/count_reg[1]
  -------------------------------------------------------------------
                         required time                         14.904    
                         arrival time                          -7.495    
  -------------------------------------------------------------------
                         slack                                  7.409    

Slack (MET) :             7.409ns  (required time - arrival time)
  Source:                 FIFO/U0/inst_fifo_gen/gconvfifo.rf/grf.rf/rstblk/ngwrdrst.grst.g7serrst.gnsckt_wrst.gcc_rst.sckt_wr_rst_cc_reg[1]/C
                            (rising edge-triggered cell FDRE clocked by sys_clk_pin  {rise@0.000ns fall@5.000ns period=10.000ns})
  Destination:            FIFO/U0/inst_fifo_gen/gconvfifo.rf/grf.rf/gntv_or_sync_fifo.gl1.lsshft/c0/count_reg[2]/CLR
                            (recovery check against rising-edge clock sys_clk_pin  {rise@0.000ns fall@5.000ns period=10.000ns})
  Path Group:             **async_default**
  Path Type:              Recovery (Max at Slow Process Corner)
  Requirement:            10.000ns  (sys_clk_pin rise@10.000ns - sys_clk_pin rise@0.000ns)
  Data Path Delay:        2.125ns  (logic 0.642ns (30.212%)  route 1.483ns (69.788%))
  Logic Levels:           1  (LUT3=1)
  Clock Path Skew:        -0.026ns (DCD - SCD + CPR)
    Destination Clock Delay (DCD):    5.009ns = ( 15.009 - 10.000 ) 
    Source Clock Delay      (SCD):    5.370ns
    Clock Pessimism Removal (CPR):    0.335ns
  Clock Uncertainty:      0.035ns  ((TSJ^2 + TIJ^2)^1/2 + DJ) / 2 + PE
    Total System Jitter     (TSJ):    0.071ns
    Total Input Jitter      (TIJ):    0.000ns
    Discrete Jitter          (DJ):    0.000ns
    Phase Error              (PE):    0.000ns

    Location             Delay type                Incr(ns)  Path(ns)    Netlist Resource(s)
  -------------------------------------------------------------------    -------------------
                         (clock sys_clk_pin rise edge)
                                                      0.000     0.000 r  
    H16                                               0.000     0.000 r  clk (IN)
                         net (fo=0)                   0.000     0.000    clk
    H16                  IBUF (Prop_ibuf_I_O)         1.457     1.457 r  clk_IBUF_inst/O
                         net (fo=1, estimated)        2.076     3.533    clk_IBUF
    BUFGCTRL_X0Y16       BUFG (Prop_bufg_I_O)         0.101     3.634 r  clk_IBUF_BUFG_inst/O
                         net (fo=63, estimated)       1.736     5.370    FIFO/U0/inst_fifo_gen/gconvfifo.rf/grf.rf/rstblk/clk
    SLICE_X38Y58         FDRE                                         r  FIFO/U0/inst_fifo_gen/gconvfifo.rf/grf.rf/rstblk/ngwrdrst.grst.g7serrst.gnsckt_wrst.gcc_rst.sckt_wr_rst_cc_reg[1]/C
  -------------------------------------------------------------------    -------------------
    SLICE_X38Y58         FDRE (Prop_fdre_C_Q)         0.518     5.888 f  FIFO/U0/inst_fifo_gen/gconvfifo.rf/grf.rf/rstblk/ngwrdrst.grst.g7serrst.gnsckt_wrst.gcc_rst.sckt_wr_rst_cc_reg[1]/Q
                         net (fo=4, estimated)        0.807     6.695    FIFO/U0/inst_fifo_gen/gconvfifo.rf/grf.rf/rstblk/p_0_in[2]
    SLICE_X38Y58         LUT3 (Prop_lut3_I1_O)        0.124     6.819 f  FIFO/U0/inst_fifo_gen/gconvfifo.rf/grf.rf/rstblk/dout_i[1]_i_2/O
                         net (fo=16, estimated)       0.676     7.495    FIFO/U0/inst_fifo_gen/gconvfifo.rf/grf.rf/gntv_or_sync_fifo.gl1.lsshft/c0/count_reg[0]_0
    SLICE_X39Y60         FDCE                                         f  FIFO/U0/inst_fifo_gen/gconvfifo.rf/grf.rf/gntv_or_sync_fifo.gl1.lsshft/c0/count_reg[2]/CLR
  -------------------------------------------------------------------    -------------------

                         (clock sys_clk_pin rise edge)
                                                     10.000    10.000 r  
    H16                                               0.000    10.000 r  clk (IN)
                         net (fo=0)                   0.000    10.000    clk
    H16                  IBUF (Prop_ibuf_I_O)         1.387    11.387 r  clk_IBUF_inst/O
                         net (fo=1, estimated)        1.972    13.359    clk_IBUF
    BUFGCTRL_X0Y16       BUFG (Prop_bufg_I_O)         0.091    13.450 r  clk_IBUF_BUFG_inst/O
                         net (fo=63, estimated)       1.559    15.009    FIFO/U0/inst_fifo_gen/gconvfifo.rf/grf.rf/gntv_or_sync_fifo.gl1.lsshft/c0/clk
    SLICE_X39Y60         FDCE                                         r  FIFO/U0/inst_fifo_gen/gconvfifo.rf/grf.rf/gntv_or_sync_fifo.gl1.lsshft/c0/count_reg[2]/C
                         clock pessimism              0.335    15.344    
                         clock uncertainty           -0.035    15.309    
    SLICE_X39Y60         FDCE (Recov_fdce_C_CLR)     -0.405    14.904    FIFO/U0/inst_fifo_gen/gconvfifo.rf/grf.rf/gntv_or_sync_fifo.gl1.lsshft/c0/count_reg[2]
  -------------------------------------------------------------------
                         required time                         14.904    
                         arrival time                          -7.495    
  -------------------------------------------------------------------
                         slack                                  7.409    





Min Delay Paths
--------------------------------------------------------------------------------------
Slack (MET) :             0.459ns  (arrival time - required time)
  Source:                 FIFO/U0/inst_fifo_gen/gconvfifo.rf/grf.rf/rstblk/grstd1.grst_full.grst_f.rst_d2_reg/C
                            (rising edge-triggered cell FDPE clocked by sys_clk_pin  {rise@0.000ns fall@5.000ns period=10.000ns})
  Destination:            FIFO/U0/inst_fifo_gen/gconvfifo.rf/grf.rf/gntv_or_sync_fifo.gl1.lsshft/wsts/ram_full_fb_i_reg/PRE
                            (removal check against rising-edge clock sys_clk_pin  {rise@0.000ns fall@5.000ns period=10.000ns})
  Path Group:             **async_default**
  Path Type:              Removal (Min at Fast Process Corner)
  Requirement:            0.000ns  (sys_clk_pin rise@0.000ns - sys_clk_pin rise@0.000ns)
  Data Path Delay:        0.349ns  (logic 0.128ns (36.645%)  route 0.221ns (63.355%))
  Logic Levels:           0  
  Clock Path Skew:        0.039ns (DCD - SCD - CPR)
    Destination Clock Delay (DCD):    2.220ns
    Source Clock Delay      (SCD):    1.710ns
    Clock Pessimism Removal (CPR):    0.471ns

    Location             Delay type                Incr(ns)  Path(ns)    Netlist Resource(s)
  -------------------------------------------------------------------    -------------------
                         (clock sys_clk_pin rise edge)
                                                      0.000     0.000 r  
    H16                                               0.000     0.000 r  clk (IN)
                         net (fo=0)                   0.000     0.000    clk
    H16                  IBUF (Prop_ibuf_I_O)         0.225     0.225 r  clk_IBUF_inst/O
                         net (fo=1, estimated)        0.875     1.100    clk_IBUF
    BUFGCTRL_X0Y16       BUFG (Prop_bufg_I_O)         0.026     1.126 r  clk_IBUF_BUFG_inst/O
                         net (fo=63, estimated)       0.584     1.710    FIFO/U0/inst_fifo_gen/gconvfifo.rf/grf.rf/rstblk/clk
    SLICE_X39Y58         FDPE                                         r  FIFO/U0/inst_fifo_gen/gconvfifo.rf/grf.rf/rstblk/grstd1.grst_full.grst_f.rst_d2_reg/C
  -------------------------------------------------------------------    -------------------
    SLICE_X39Y58         FDPE (Prop_fdpe_C_Q)         0.128     1.838 f  FIFO/U0/inst_fifo_gen/gconvfifo.rf/grf.rf/rstblk/grstd1.grst_full.grst_f.rst_d2_reg/Q
                         net (fo=3, estimated)        0.221     2.060    FIFO/U0/inst_fifo_gen/gconvfifo.rf/grf.rf/gntv_or_sync_fifo.gl1.lsshft/wsts/ram_full_i_reg_0
    SLICE_X40Y58         FDPE                                         f  FIFO/U0/inst_fifo_gen/gconvfifo.rf/grf.rf/gntv_or_sync_fifo.gl1.lsshft/wsts/ram_full_fb_i_reg/PRE
  -------------------------------------------------------------------    -------------------

                         (clock sys_clk_pin rise edge)
                                                      0.000     0.000 r  
    H16                                               0.000     0.000 r  clk (IN)
                         net (fo=0)                   0.000     0.000    clk
    H16                  IBUF (Prop_ibuf_I_O)         0.413     0.413 r  clk_IBUF_inst/O
                         net (fo=1, estimated)        0.921     1.334    clk_IBUF
    BUFGCTRL_X0Y16       BUFG (Prop_bufg_I_O)         0.029     1.363 r  clk_IBUF_BUFG_inst/O
                         net (fo=63, estimated)       0.857     2.220    FIFO/U0/inst_fifo_gen/gconvfifo.rf/grf.rf/gntv_or_sync_fifo.gl1.lsshft/wsts/clk
    SLICE_X40Y58         FDPE                                         r  FIFO/U0/inst_fifo_gen/gconvfifo.rf/grf.rf/gntv_or_sync_fifo.gl1.lsshft/wsts/ram_full_fb_i_reg/C
                         clock pessimism             -0.471     1.749    
    SLICE_X40Y58         FDPE (Remov_fdpe_C_PRE)     -0.149     1.600    FIFO/U0/inst_fifo_gen/gconvfifo.rf/grf.rf/gntv_or_sync_fifo.gl1.lsshft/wsts/ram_full_fb_i_reg
  -------------------------------------------------------------------
                         required time                         -1.600    
                         arrival time                           2.060    
  -------------------------------------------------------------------
                         slack                                  0.459    

Slack (MET) :             0.459ns  (arrival time - required time)
  Source:                 FIFO/U0/inst_fifo_gen/gconvfifo.rf/grf.rf/rstblk/grstd1.grst_full.grst_f.rst_d2_reg/C
                            (rising edge-triggered cell FDPE clocked by sys_clk_pin  {rise@0.000ns fall@5.000ns period=10.000ns})
  Destination:            FIFO/U0/inst_fifo_gen/gconvfifo.rf/grf.rf/gntv_or_sync_fifo.gl1.lsshft/wsts/ram_full_i_reg/PRE
                            (removal check against rising-edge clock sys_clk_pin  {rise@0.000ns fall@5.000ns period=10.000ns})
  Path Group:             **async_default**
  Path Type:              Removal (Min at Fast Process Corner)
  Requirement:            0.000ns  (sys_clk_pin rise@0.000ns - sys_clk_pin rise@0.000ns)
  Data Path Delay:        0.349ns  (logic 0.128ns (36.645%)  route 0.221ns (63.355%))
  Logic Levels:           0  
  Clock Path Skew:        0.039ns (DCD - SCD - CPR)
    Destination Clock Delay (DCD):    2.220ns
    Source Clock Delay      (SCD):    1.710ns
    Clock Pessimism Removal (CPR):    0.471ns

    Location             Delay type                Incr(ns)  Path(ns)    Netlist Resource(s)
  -------------------------------------------------------------------    -------------------
                         (clock sys_clk_pin rise edge)
                                                      0.000     0.000 r  
    H16                                               0.000     0.000 r  clk (IN)
                         net (fo=0)                   0.000     0.000    clk
    H16                  IBUF (Prop_ibuf_I_O)         0.225     0.225 r  clk_IBUF_inst/O
                         net (fo=1, estimated)        0.875     1.100    clk_IBUF
    BUFGCTRL_X0Y16       BUFG (Prop_bufg_I_O)         0.026     1.126 r  clk_IBUF_BUFG_inst/O
                         net (fo=63, estimated)       0.584     1.710    FIFO/U0/inst_fifo_gen/gconvfifo.rf/grf.rf/rstblk/clk
    SLICE_X39Y58         FDPE                                         r  FIFO/U0/inst_fifo_gen/gconvfifo.rf/grf.rf/rstblk/grstd1.grst_full.grst_f.rst_d2_reg/C
  -------------------------------------------------------------------    -------------------
    SLICE_X39Y58         FDPE (Prop_fdpe_C_Q)         0.128     1.838 f  FIFO/U0/inst_fifo_gen/gconvfifo.rf/grf.rf/rstblk/grstd1.grst_full.grst_f.rst_d2_reg/Q
                         net (fo=3, estimated)        0.221     2.060    FIFO/U0/inst_fifo_gen/gconvfifo.rf/grf.rf/gntv_or_sync_fifo.gl1.lsshft/wsts/ram_full_i_reg_0
    SLICE_X40Y58         FDPE                                         f  FIFO/U0/inst_fifo_gen/gconvfifo.rf/grf.rf/gntv_or_sync_fifo.gl1.lsshft/wsts/ram_full_i_reg/PRE
  -------------------------------------------------------------------    -------------------

                         (clock sys_clk_pin rise edge)
                                                      0.000     0.000 r  
    H16                                               0.000     0.000 r  clk (IN)
                         net (fo=0)                   0.000     0.000    clk
    H16                  IBUF (Prop_ibuf_I_O)         0.413     0.413 r  clk_IBUF_inst/O
                         net (fo=1, estimated)        0.921     1.334    clk_IBUF
    BUFGCTRL_X0Y16       BUFG (Prop_bufg_I_O)         0.029     1.363 r  clk_IBUF_BUFG_inst/O
                         net (fo=63, estimated)       0.857     2.220    FIFO/U0/inst_fifo_gen/gconvfifo.rf/grf.rf/gntv_or_sync_fifo.gl1.lsshft/wsts/clk
    SLICE_X40Y58         FDPE                                         r  FIFO/U0/inst_fifo_gen/gconvfifo.rf/grf.rf/gntv_or_sync_fifo.gl1.lsshft/wsts/ram_full_i_reg/C
                         clock pessimism             -0.471     1.749    
    SLICE_X40Y58         FDPE (Remov_fdpe_C_PRE)     -0.149     1.600    FIFO/U0/inst_fifo_gen/gconvfifo.rf/grf.rf/gntv_or_sync_fifo.gl1.lsshft/wsts/ram_full_i_reg
  -------------------------------------------------------------------
                         required time                         -1.600    
                         arrival time                           2.060    
  -------------------------------------------------------------------
                         slack                                  0.459    

Slack (MET) :             0.543ns  (arrival time - required time)
  Source:                 FIFO/U0/inst_fifo_gen/gconvfifo.rf/grf.rf/rstblk/ngwrdrst.grst.g7serrst.gnsckt_wrst.rst_wr_reg2_inst/arststages_ff_reg[1]/C
                            (rising edge-triggered cell FDPE clocked by sys_clk_pin  {rise@0.000ns fall@5.000ns period=10.000ns})
  Destination:            FIFO/U0/inst_fifo_gen/gconvfifo.rf/grf.rf/rstblk/grstd1.grst_full.grst_f.rst_d1_reg/PRE
                            (removal check against rising-edge clock sys_clk_pin  {rise@0.000ns fall@5.000ns period=10.000ns})
  Path Group:             **async_default**
  Path Type:              Removal (Min at Fast Process Corner)
  Requirement:            0.000ns  (sys_clk_pin rise@0.000ns - sys_clk_pin rise@0.000ns)
  Data Path Delay:        0.410ns  (logic 0.128ns (31.252%)  route 0.282ns (68.748%))
  Logic Levels:           0  
  Clock Path Skew:        0.016ns (DCD - SCD - CPR)
    Destination Clock Delay (DCD):    2.217ns
    Source Clock Delay      (SCD):    1.710ns
    Clock Pessimism Removal (CPR):    0.491ns

    Location             Delay type                Incr(ns)  Path(ns)    Netlist Resource(s)
  -------------------------------------------------------------------    -------------------
                         (clock sys_clk_pin rise edge)
                                                      0.000     0.000 r  
    H16                                               0.000     0.000 r  clk (IN)
                         net (fo=0)                   0.000     0.000    clk
    H16                  IBUF (Prop_ibuf_I_O)         0.225     0.225 r  clk_IBUF_inst/O
                         net (fo=1, estimated)        0.875     1.100    clk_IBUF
    BUFGCTRL_X0Y16       BUFG (Prop_bufg_I_O)         0.026     1.126 r  clk_IBUF_BUFG_inst/O
                         net (fo=63, estimated)       0.584     1.710    FIFO/U0/inst_fifo_gen/gconvfifo.rf/grf.rf/rstblk/ngwrdrst.grst.g7serrst.gnsckt_wrst.rst_wr_reg2_inst/dest_clk
    SLICE_X37Y59         FDPE                                         r  FIFO/U0/inst_fifo_gen/gconvfifo.rf/grf.rf/rstblk/ngwrdrst.grst.g7serrst.gnsckt_wrst.rst_wr_reg2_inst/arststages_ff_reg[1]/C
  -------------------------------------------------------------------    -------------------
    SLICE_X37Y59         FDPE (Prop_fdpe_C_Q)         0.128     1.838 f  FIFO/U0/inst_fifo_gen/gconvfifo.rf/grf.rf/rstblk/ngwrdrst.grst.g7serrst.gnsckt_wrst.rst_wr_reg2_inst/arststages_ff_reg[1]/Q
                         net (fo=7, estimated)        0.282     2.120    FIFO/U0/inst_fifo_gen/gconvfifo.rf/grf.rf/rstblk/rst_wr_reg2
    SLICE_X39Y58         FDPE                                         f  FIFO/U0/inst_fifo_gen/gconvfifo.rf/grf.rf/rstblk/grstd1.grst_full.grst_f.rst_d1_reg/PRE
  -------------------------------------------------------------------    -------------------

                         (clock sys_clk_pin rise edge)
                                                      0.000     0.000 r  
    H16                                               0.000     0.000 r  clk (IN)
                         net (fo=0)                   0.000     0.000    clk
    H16                  IBUF (Prop_ibuf_I_O)         0.413     0.413 r  clk_IBUF_inst/O
                         net (fo=1, estimated)        0.921     1.334    clk_IBUF
    BUFGCTRL_X0Y16       BUFG (Prop_bufg_I_O)         0.029     1.363 r  clk_IBUF_BUFG_inst/O
                         net (fo=63, estimated)       0.854     2.217    FIFO/U0/inst_fifo_gen/gconvfifo.rf/grf.rf/rstblk/clk
    SLICE_X39Y58         FDPE                                         r  FIFO/U0/inst_fifo_gen/gconvfifo.rf/grf.rf/rstblk/grstd1.grst_full.grst_f.rst_d1_reg/C
                         clock pessimism             -0.491     1.726    
    SLICE_X39Y58         FDPE (Remov_fdpe_C_PRE)     -0.149     1.577    FIFO/U0/inst_fifo_gen/gconvfifo.rf/grf.rf/rstblk/grstd1.grst_full.grst_f.rst_d1_reg
  -------------------------------------------------------------------
                         required time                         -1.577    
                         arrival time                           2.120    
  -------------------------------------------------------------------
                         slack                                  0.543    

Slack (MET) :             0.543ns  (arrival time - required time)
  Source:                 FIFO/U0/inst_fifo_gen/gconvfifo.rf/grf.rf/rstblk/ngwrdrst.grst.g7serrst.gnsckt_wrst.rst_wr_reg2_inst/arststages_ff_reg[1]/C
                            (rising edge-triggered cell FDPE clocked by sys_clk_pin  {rise@0.000ns fall@5.000ns period=10.000ns})
  Destination:            FIFO/U0/inst_fifo_gen/gconvfifo.rf/grf.rf/rstblk/grstd1.grst_full.grst_f.rst_d2_reg/PRE
                            (removal check against rising-edge clock sys_clk_pin  {rise@0.000ns fall@5.000ns period=10.000ns})
  Path Group:             **async_default**
  Path Type:              Removal (Min at Fast Process Corner)
  Requirement:            0.000ns  (sys_clk_pin rise@0.000ns - sys_clk_pin rise@0.000ns)
  Data Path Delay:        0.410ns  (logic 0.128ns (31.252%)  route 0.282ns (68.748%))
  Logic Levels:           0  
  Clock Path Skew:        0.016ns (DCD - SCD - CPR)
    Destination Clock Delay (DCD):    2.217ns
    Source Clock Delay      (SCD):    1.710ns
    Clock Pessimism Removal (CPR):    0.491ns

    Location             Delay type                Incr(ns)  Path(ns)    Netlist Resource(s)
  -------------------------------------------------------------------    -------------------
                         (clock sys_clk_pin rise edge)
                                                      0.000     0.000 r  
    H16                                               0.000     0.000 r  clk (IN)
                         net (fo=0)                   0.000     0.000    clk
    H16                  IBUF (Prop_ibuf_I_O)         0.225     0.225 r  clk_IBUF_inst/O
                         net (fo=1, estimated)        0.875     1.100    clk_IBUF
    BUFGCTRL_X0Y16       BUFG (Prop_bufg_I_O)         0.026     1.126 r  clk_IBUF_BUFG_inst/O
                         net (fo=63, estimated)       0.584     1.710    FIFO/U0/inst_fifo_gen/gconvfifo.rf/grf.rf/rstblk/ngwrdrst.grst.g7serrst.gnsckt_wrst.rst_wr_reg2_inst/dest_clk
    SLICE_X37Y59         FDPE                                         r  FIFO/U0/inst_fifo_gen/gconvfifo.rf/grf.rf/rstblk/ngwrdrst.grst.g7serrst.gnsckt_wrst.rst_wr_reg2_inst/arststages_ff_reg[1]/C
  -------------------------------------------------------------------    -------------------
    SLICE_X37Y59         FDPE (Prop_fdpe_C_Q)         0.128     1.838 f  FIFO/U0/inst_fifo_gen/gconvfifo.rf/grf.rf/rstblk/ngwrdrst.grst.g7serrst.gnsckt_wrst.rst_wr_reg2_inst/arststages_ff_reg[1]/Q
                         net (fo=7, estimated)        0.282     2.120    FIFO/U0/inst_fifo_gen/gconvfifo.rf/grf.rf/rstblk/rst_wr_reg2
    SLICE_X39Y58         FDPE                                         f  FIFO/U0/inst_fifo_gen/gconvfifo.rf/grf.rf/rstblk/grstd1.grst_full.grst_f.rst_d2_reg/PRE
  -------------------------------------------------------------------    -------------------

                         (clock sys_clk_pin rise edge)
                                                      0.000     0.000 r  
    H16                                               0.000     0.000 r  clk (IN)
                         net (fo=0)                   0.000     0.000    clk
    H16                  IBUF (Prop_ibuf_I_O)         0.413     0.413 r  clk_IBUF_inst/O
                         net (fo=1, estimated)        0.921     1.334    clk_IBUF
    BUFGCTRL_X0Y16       BUFG (Prop_bufg_I_O)         0.029     1.363 r  clk_IBUF_BUFG_inst/O
                         net (fo=63, estimated)       0.854     2.217    FIFO/U0/inst_fifo_gen/gconvfifo.rf/grf.rf/rstblk/clk
    SLICE_X39Y58         FDPE                                         r  FIFO/U0/inst_fifo_gen/gconvfifo.rf/grf.rf/rstblk/grstd1.grst_full.grst_f.rst_d2_reg/C
                         clock pessimism             -0.491     1.726    
    SLICE_X39Y58         FDPE (Remov_fdpe_C_PRE)     -0.149     1.577    FIFO/U0/inst_fifo_gen/gconvfifo.rf/grf.rf/rstblk/grstd1.grst_full.grst_f.rst_d2_reg
  -------------------------------------------------------------------
                         required time                         -1.577    
                         arrival time                           2.120    
  -------------------------------------------------------------------
                         slack                                  0.543    

Slack (MET) :             0.543ns  (arrival time - required time)
  Source:                 FIFO/U0/inst_fifo_gen/gconvfifo.rf/grf.rf/rstblk/ngwrdrst.grst.g7serrst.gnsckt_wrst.rst_wr_reg2_inst/arststages_ff_reg[1]/C
                            (rising edge-triggered cell FDPE clocked by sys_clk_pin  {rise@0.000ns fall@5.000ns period=10.000ns})
  Destination:            FIFO/U0/inst_fifo_gen/gconvfifo.rf/grf.rf/rstblk/grstd1.grst_full.grst_f.rst_d3_reg/PRE
                            (removal check against rising-edge clock sys_clk_pin  {rise@0.000ns fall@5.000ns period=10.000ns})
  Path Group:             **async_default**
  Path Type:              Removal (Min at Fast Process Corner)
  Requirement:            0.000ns  (sys_clk_pin rise@0.000ns - sys_clk_pin rise@0.000ns)
  Data Path Delay:        0.410ns  (logic 0.128ns (31.252%)  route 0.282ns (68.748%))
  Logic Levels:           0  
  Clock Path Skew:        0.016ns (DCD - SCD - CPR)
    Destination Clock Delay (DCD):    2.217ns
    Source Clock Delay      (SCD):    1.710ns
    Clock Pessimism Removal (CPR):    0.491ns

    Location             Delay type                Incr(ns)  Path(ns)    Netlist Resource(s)
  -------------------------------------------------------------------    -------------------
                         (clock sys_clk_pin rise edge)
                                                      0.000     0.000 r  
    H16                                               0.000     0.000 r  clk (IN)
                         net (fo=0)                   0.000     0.000    clk
    H16                  IBUF (Prop_ibuf_I_O)         0.225     0.225 r  clk_IBUF_inst/O
                         net (fo=1, estimated)        0.875     1.100    clk_IBUF
    BUFGCTRL_X0Y16       BUFG (Prop_bufg_I_O)         0.026     1.126 r  clk_IBUF_BUFG_inst/O
                         net (fo=63, estimated)       0.584     1.710    FIFO/U0/inst_fifo_gen/gconvfifo.rf/grf.rf/rstblk/ngwrdrst.grst.g7serrst.gnsckt_wrst.rst_wr_reg2_inst/dest_clk
    SLICE_X37Y59         FDPE                                         r  FIFO/U0/inst_fifo_gen/gconvfifo.rf/grf.rf/rstblk/ngwrdrst.grst.g7serrst.gnsckt_wrst.rst_wr_reg2_inst/arststages_ff_reg[1]/C
  -------------------------------------------------------------------    -------------------
    SLICE_X37Y59         FDPE (Prop_fdpe_C_Q)         0.128     1.838 f  FIFO/U0/inst_fifo_gen/gconvfifo.rf/grf.rf/rstblk/ngwrdrst.grst.g7serrst.gnsckt_wrst.rst_wr_reg2_inst/arststages_ff_reg[1]/Q
                         net (fo=7, estimated)        0.282     2.120    FIFO/U0/inst_fifo_gen/gconvfifo.rf/grf.rf/rstblk/rst_wr_reg2
    SLICE_X39Y58         FDPE                                         f  FIFO/U0/inst_fifo_gen/gconvfifo.rf/grf.rf/rstblk/grstd1.grst_full.grst_f.rst_d3_reg/PRE
  -------------------------------------------------------------------    -------------------

                         (clock sys_clk_pin rise edge)
                                                      0.000     0.000 r  
    H16                                               0.000     0.000 r  clk (IN)
                         net (fo=0)                   0.000     0.000    clk
    H16                  IBUF (Prop_ibuf_I_O)         0.413     0.413 r  clk_IBUF_inst/O
                         net (fo=1, estimated)        0.921     1.334    clk_IBUF
    BUFGCTRL_X0Y16       BUFG (Prop_bufg_I_O)         0.029     1.363 r  clk_IBUF_BUFG_inst/O
                         net (fo=63, estimated)       0.854     2.217    FIFO/U0/inst_fifo_gen/gconvfifo.rf/grf.rf/rstblk/clk
    SLICE_X39Y58         FDPE                                         r  FIFO/U0/inst_fifo_gen/gconvfifo.rf/grf.rf/rstblk/grstd1.grst_full.grst_f.rst_d3_reg/C
                         clock pessimism             -0.491     1.726    
    SLICE_X39Y58         FDPE (Remov_fdpe_C_PRE)     -0.149     1.577    FIFO/U0/inst_fifo_gen/gconvfifo.rf/grf.rf/rstblk/grstd1.grst_full.grst_f.rst_d3_reg
  -------------------------------------------------------------------
                         required time                         -1.577    
                         arrival time                           2.120    
  -------------------------------------------------------------------
                         slack                                  0.543    

Slack (MET) :             0.779ns  (arrival time - required time)
  Source:                 FIFO/U0/inst_fifo_gen/gconvfifo.rf/grf.rf/rstblk/ngwrdrst.grst.g7serrst.gnsckt_wrst.gcc_rst.sckt_wr_rst_cc_reg[0]/C
                            (rising edge-triggered cell FDRE clocked by sys_clk_pin  {rise@0.000ns fall@5.000ns period=10.000ns})
  Destination:            FIFO/U0/inst_fifo_gen/gconvfifo.rf/grf.rf/gntv_or_sync_fifo.gl1.lsshft/c0/count_reg[3]/CLR
                            (removal check against rising-edge clock sys_clk_pin  {rise@0.000ns fall@5.000ns period=10.000ns})
  Path Group:             **async_default**
  Path Type:              Removal (Min at Fast Process Corner)
  Requirement:            0.000ns  (sys_clk_pin rise@0.000ns - sys_clk_pin rise@0.000ns)
  Data Path Delay:        0.728ns  (logic 0.209ns (28.696%)  route 0.519ns (71.304%))
  Logic Levels:           1  (LUT3=1)
  Clock Path Skew:        0.016ns (DCD - SCD - CPR)
    Destination Clock Delay (DCD):    2.217ns
    Source Clock Delay      (SCD):    1.710ns
    Clock Pessimism Removal (CPR):    0.491ns

    Location             Delay type                Incr(ns)  Path(ns)    Netlist Resource(s)
  -------------------------------------------------------------------    -------------------
                         (clock sys_clk_pin rise edge)
                                                      0.000     0.000 r  
    H16                                               0.000     0.000 r  clk (IN)
                         net (fo=0)                   0.000     0.000    clk
    H16                  IBUF (Prop_ibuf_I_O)         0.225     0.225 r  clk_IBUF_inst/O
                         net (fo=1, estimated)        0.875     1.100    clk_IBUF
    BUFGCTRL_X0Y16       BUFG (Prop_bufg_I_O)         0.026     1.126 r  clk_IBUF_BUFG_inst/O
                         net (fo=63, estimated)       0.584     1.710    FIFO/U0/inst_fifo_gen/gconvfifo.rf/grf.rf/rstblk/clk
    SLICE_X38Y58         FDRE                                         r  FIFO/U0/inst_fifo_gen/gconvfifo.rf/grf.rf/rstblk/ngwrdrst.grst.g7serrst.gnsckt_wrst.gcc_rst.sckt_wr_rst_cc_reg[0]/C
  -------------------------------------------------------------------    -------------------
    SLICE_X38Y58         FDRE (Prop_fdre_C_Q)         0.164     1.874 f  FIFO/U0/inst_fifo_gen/gconvfifo.rf/grf.rf/rstblk/ngwrdrst.grst.g7serrst.gnsckt_wrst.gcc_rst.sckt_wr_rst_cc_reg[0]/Q
                         net (fo=4, estimated)        0.231     2.105    FIFO/U0/inst_fifo_gen/gconvfifo.rf/grf.rf/rstblk/p_0_in[1]
    SLICE_X38Y58         LUT3 (Prop_lut3_I0_O)        0.045     2.150 f  FIFO/U0/inst_fifo_gen/gconvfifo.rf/grf.rf/rstblk/dout_i[1]_i_2/O
                         net (fo=16, estimated)       0.288     2.439    FIFO/U0/inst_fifo_gen/gconvfifo.rf/grf.rf/gntv_or_sync_fifo.gl1.lsshft/c0/count_reg[0]_0
    SLICE_X38Y59         FDCE                                         f  FIFO/U0/inst_fifo_gen/gconvfifo.rf/grf.rf/gntv_or_sync_fifo.gl1.lsshft/c0/count_reg[3]/CLR
  -------------------------------------------------------------------    -------------------

                         (clock sys_clk_pin rise edge)
                                                      0.000     0.000 r  
    H16                                               0.000     0.000 r  clk (IN)
                         net (fo=0)                   0.000     0.000    clk
    H16                  IBUF (Prop_ibuf_I_O)         0.413     0.413 r  clk_IBUF_inst/O
                         net (fo=1, estimated)        0.921     1.334    clk_IBUF
    BUFGCTRL_X0Y16       BUFG (Prop_bufg_I_O)         0.029     1.363 r  clk_IBUF_BUFG_inst/O
                         net (fo=63, estimated)       0.854     2.217    FIFO/U0/inst_fifo_gen/gconvfifo.rf/grf.rf/gntv_or_sync_fifo.gl1.lsshft/c0/clk
    SLICE_X38Y59         FDCE                                         r  FIFO/U0/inst_fifo_gen/gconvfifo.rf/grf.rf/gntv_or_sync_fifo.gl1.lsshft/c0/count_reg[3]/C
                         clock pessimism             -0.491     1.726    
    SLICE_X38Y59         FDCE (Remov_fdce_C_CLR)     -0.067     1.659    FIFO/U0/inst_fifo_gen/gconvfifo.rf/grf.rf/gntv_or_sync_fifo.gl1.lsshft/c0/count_reg[3]
  -------------------------------------------------------------------
                         required time                         -1.659    
                         arrival time                           2.439    
  -------------------------------------------------------------------
                         slack                                  0.779    

Slack (MET) :             0.782ns  (arrival time - required time)
  Source:                 FIFO/U0/inst_fifo_gen/gconvfifo.rf/grf.rf/rstblk/ngwrdrst.grst.g7serrst.gnsckt_wrst.gcc_rst.sckt_wr_rst_cc_reg[0]/C
                            (rising edge-triggered cell FDRE clocked by sys_clk_pin  {rise@0.000ns fall@5.000ns period=10.000ns})
  Destination:            FIFO/U0/inst_fifo_gen/gconvfifo.rf/grf.rf/gntv_or_sync_fifo.gl1.lsshft/rsts/ram_empty_i_reg/PRE
                            (removal check against rising-edge clock sys_clk_pin  {rise@0.000ns fall@5.000ns period=10.000ns})
  Path Group:             **async_default**
  Path Type:              Removal (Min at Fast Process Corner)
  Requirement:            0.000ns  (sys_clk_pin rise@0.000ns - sys_clk_pin rise@0.000ns)
  Data Path Delay:        0.726ns  (logic 0.209ns (28.780%)  route 0.517ns (71.220%))
  Logic Levels:           1  (LUT3=1)
  Clock Path Skew:        0.039ns (DCD - SCD - CPR)
    Destination Clock Delay (DCD):    2.220ns
    Source Clock Delay      (SCD):    1.710ns
    Clock Pessimism Removal (CPR):    0.471ns

    Location             Delay type                Incr(ns)  Path(ns)    Netlist Resource(s)
  -------------------------------------------------------------------    -------------------
                         (clock sys_clk_pin rise edge)
                                                      0.000     0.000 r  
    H16                                               0.000     0.000 r  clk (IN)
                         net (fo=0)                   0.000     0.000    clk
    H16                  IBUF (Prop_ibuf_I_O)         0.225     0.225 r  clk_IBUF_inst/O
                         net (fo=1, estimated)        0.875     1.100    clk_IBUF
    BUFGCTRL_X0Y16       BUFG (Prop_bufg_I_O)         0.026     1.126 r  clk_IBUF_BUFG_inst/O
                         net (fo=63, estimated)       0.584     1.710    FIFO/U0/inst_fifo_gen/gconvfifo.rf/grf.rf/rstblk/clk
    SLICE_X38Y58         FDRE                                         r  FIFO/U0/inst_fifo_gen/gconvfifo.rf/grf.rf/rstblk/ngwrdrst.grst.g7serrst.gnsckt_wrst.gcc_rst.sckt_wr_rst_cc_reg[0]/C
  -------------------------------------------------------------------    -------------------
    SLICE_X38Y58         FDRE (Prop_fdre_C_Q)         0.164     1.874 f  FIFO/U0/inst_fifo_gen/gconvfifo.rf/grf.rf/rstblk/ngwrdrst.grst.g7serrst.gnsckt_wrst.gcc_rst.sckt_wr_rst_cc_reg[0]/Q
                         net (fo=4, estimated)        0.231     2.105    FIFO/U0/inst_fifo_gen/gconvfifo.rf/grf.rf/rstblk/p_0_in[1]
    SLICE_X38Y58         LUT3 (Prop_lut3_I0_O)        0.045     2.150 f  FIFO/U0/inst_fifo_gen/gconvfifo.rf/grf.rf/rstblk/dout_i[1]_i_2/O
                         net (fo=16, estimated)       0.286     2.437    FIFO/U0/inst_fifo_gen/gconvfifo.rf/grf.rf/gntv_or_sync_fifo.gl1.lsshft/rsts/ram_empty_i_reg_0
    SLICE_X40Y59         FDPE                                         f  FIFO/U0/inst_fifo_gen/gconvfifo.rf/grf.rf/gntv_or_sync_fifo.gl1.lsshft/rsts/ram_empty_i_reg/PRE
  -------------------------------------------------------------------    -------------------

                         (clock sys_clk_pin rise edge)
                                                      0.000     0.000 r  
    H16                                               0.000     0.000 r  clk (IN)
                         net (fo=0)                   0.000     0.000    clk
    H16                  IBUF (Prop_ibuf_I_O)         0.413     0.413 r  clk_IBUF_inst/O
                         net (fo=1, estimated)        0.921     1.334    clk_IBUF
    BUFGCTRL_X0Y16       BUFG (Prop_bufg_I_O)         0.029     1.363 r  clk_IBUF_BUFG_inst/O
                         net (fo=63, estimated)       0.857     2.220    FIFO/U0/inst_fifo_gen/gconvfifo.rf/grf.rf/gntv_or_sync_fifo.gl1.lsshft/rsts/clk
    SLICE_X40Y59         FDPE                                         r  FIFO/U0/inst_fifo_gen/gconvfifo.rf/grf.rf/gntv_or_sync_fifo.gl1.lsshft/rsts/ram_empty_i_reg/C
                         clock pessimism             -0.471     1.749    
    SLICE_X40Y59         FDPE (Remov_fdpe_C_PRE)     -0.095     1.654    FIFO/U0/inst_fifo_gen/gconvfifo.rf/grf.rf/gntv_or_sync_fifo.gl1.lsshft/rsts/ram_empty_i_reg
  -------------------------------------------------------------------
                         required time                         -1.654    
                         arrival time                           2.437    
  -------------------------------------------------------------------
                         slack                                  0.782    

Slack (MET) :             0.802ns  (arrival time - required time)
  Source:                 FIFO/U0/inst_fifo_gen/gconvfifo.rf/grf.rf/rstblk/ngwrdrst.grst.g7serrst.gnsckt_wrst.gcc_rst.sckt_wr_rst_cc_reg[0]/C
                            (rising edge-triggered cell FDRE clocked by sys_clk_pin  {rise@0.000ns fall@5.000ns period=10.000ns})
  Destination:            FIFO/U0/inst_fifo_gen/gconvfifo.rf/grf.rf/gntv_or_sync_fifo.gl1.lsshft/c0/count_reg[1]/CLR
                            (removal check against rising-edge clock sys_clk_pin  {rise@0.000ns fall@5.000ns period=10.000ns})
  Path Group:             **async_default**
  Path Type:              Removal (Min at Fast Process Corner)
  Requirement:            0.000ns  (sys_clk_pin rise@0.000ns - sys_clk_pin rise@0.000ns)
  Data Path Delay:        0.725ns  (logic 0.209ns (28.830%)  route 0.516ns (71.170%))
  Logic Levels:           1  (LUT3=1)
  Clock Path Skew:        0.015ns (DCD - SCD - CPR)
    Destination Clock Delay (DCD):    2.216ns
    Source Clock Delay      (SCD):    1.710ns
    Clock Pessimism Removal (CPR):    0.491ns

    Location             Delay type                Incr(ns)  Path(ns)    Netlist Resource(s)
  -------------------------------------------------------------------    -------------------
                         (clock sys_clk_pin rise edge)
                                                      0.000     0.000 r  
    H16                                               0.000     0.000 r  clk (IN)
                         net (fo=0)                   0.000     0.000    clk
    H16                  IBUF (Prop_ibuf_I_O)         0.225     0.225 r  clk_IBUF_inst/O
                         net (fo=1, estimated)        0.875     1.100    clk_IBUF
    BUFGCTRL_X0Y16       BUFG (Prop_bufg_I_O)         0.026     1.126 r  clk_IBUF_BUFG_inst/O
                         net (fo=63, estimated)       0.584     1.710    FIFO/U0/inst_fifo_gen/gconvfifo.rf/grf.rf/rstblk/clk
    SLICE_X38Y58         FDRE                                         r  FIFO/U0/inst_fifo_gen/gconvfifo.rf/grf.rf/rstblk/ngwrdrst.grst.g7serrst.gnsckt_wrst.gcc_rst.sckt_wr_rst_cc_reg[0]/C
  -------------------------------------------------------------------    -------------------
    SLICE_X38Y58         FDRE (Prop_fdre_C_Q)         0.164     1.874 f  FIFO/U0/inst_fifo_gen/gconvfifo.rf/grf.rf/rstblk/ngwrdrst.grst.g7serrst.gnsckt_wrst.gcc_rst.sckt_wr_rst_cc_reg[0]/Q
                         net (fo=4, estimated)        0.231     2.105    FIFO/U0/inst_fifo_gen/gconvfifo.rf/grf.rf/rstblk/p_0_in[1]
    SLICE_X38Y58         LUT3 (Prop_lut3_I0_O)        0.045     2.150 f  FIFO/U0/inst_fifo_gen/gconvfifo.rf/grf.rf/rstblk/dout_i[1]_i_2/O
                         net (fo=16, estimated)       0.285     2.435    FIFO/U0/inst_fifo_gen/gconvfifo.rf/grf.rf/gntv_or_sync_fifo.gl1.lsshft/c0/count_reg[0]_0
    SLICE_X39Y60         FDCE                                         f  FIFO/U0/inst_fifo_gen/gconvfifo.rf/grf.rf/gntv_or_sync_fifo.gl1.lsshft/c0/count_reg[1]/CLR
  -------------------------------------------------------------------    -------------------

                         (clock sys_clk_pin rise edge)
                                                      0.000     0.000 r  
    H16                                               0.000     0.000 r  clk (IN)
                         net (fo=0)                   0.000     0.000    clk
    H16                  IBUF (Prop_ibuf_I_O)         0.413     0.413 r  clk_IBUF_inst/O
                         net (fo=1, estimated)        0.921     1.334    clk_IBUF
    BUFGCTRL_X0Y16       BUFG (Prop_bufg_I_O)         0.029     1.363 r  clk_IBUF_BUFG_inst/O
                         net (fo=63, estimated)       0.853     2.216    FIFO/U0/inst_fifo_gen/gconvfifo.rf/grf.rf/gntv_or_sync_fifo.gl1.lsshft/c0/clk
    SLICE_X39Y60         FDCE                                         r  FIFO/U0/inst_fifo_gen/gconvfifo.rf/grf.rf/gntv_or_sync_fifo.gl1.lsshft/c0/count_reg[1]/C
                         clock pessimism             -0.491     1.725    
    SLICE_X39Y60         FDCE (Remov_fdce_C_CLR)     -0.092     1.633    FIFO/U0/inst_fifo_gen/gconvfifo.rf/grf.rf/gntv_or_sync_fifo.gl1.lsshft/c0/count_reg[1]
  -------------------------------------------------------------------
                         required time                         -1.633    
                         arrival time                           2.435    
  -------------------------------------------------------------------
                         slack                                  0.802    

Slack (MET) :             0.802ns  (arrival time - required time)
  Source:                 FIFO/U0/inst_fifo_gen/gconvfifo.rf/grf.rf/rstblk/ngwrdrst.grst.g7serrst.gnsckt_wrst.gcc_rst.sckt_wr_rst_cc_reg[0]/C
                            (rising edge-triggered cell FDRE clocked by sys_clk_pin  {rise@0.000ns fall@5.000ns period=10.000ns})
  Destination:            FIFO/U0/inst_fifo_gen/gconvfifo.rf/grf.rf/gntv_or_sync_fifo.gl1.lsshft/c0/count_reg[2]/CLR
                            (removal check against rising-edge clock sys_clk_pin  {rise@0.000ns fall@5.000ns period=10.000ns})
  Path Group:             **async_default**
  Path Type:              Removal (Min at Fast Process Corner)
  Requirement:            0.000ns  (sys_clk_pin rise@0.000ns - sys_clk_pin rise@0.000ns)
  Data Path Delay:        0.725ns  (logic 0.209ns (28.830%)  route 0.516ns (71.170%))
  Logic Levels:           1  (LUT3=1)
  Clock Path Skew:        0.015ns (DCD - SCD - CPR)
    Destination Clock Delay (DCD):    2.216ns
    Source Clock Delay      (SCD):    1.710ns
    Clock Pessimism Removal (CPR):    0.491ns

    Location             Delay type                Incr(ns)  Path(ns)    Netlist Resource(s)
  -------------------------------------------------------------------    -------------------
                         (clock sys_clk_pin rise edge)
                                                      0.000     0.000 r  
    H16                                               0.000     0.000 r  clk (IN)
                         net (fo=0)                   0.000     0.000    clk
    H16                  IBUF (Prop_ibuf_I_O)         0.225     0.225 r  clk_IBUF_inst/O
                         net (fo=1, estimated)        0.875     1.100    clk_IBUF
    BUFGCTRL_X0Y16       BUFG (Prop_bufg_I_O)         0.026     1.126 r  clk_IBUF_BUFG_inst/O
                         net (fo=63, estimated)       0.584     1.710    FIFO/U0/inst_fifo_gen/gconvfifo.rf/grf.rf/rstblk/clk
    SLICE_X38Y58         FDRE                                         r  FIFO/U0/inst_fifo_gen/gconvfifo.rf/grf.rf/rstblk/ngwrdrst.grst.g7serrst.gnsckt_wrst.gcc_rst.sckt_wr_rst_cc_reg[0]/C
  -------------------------------------------------------------------    -------------------
    SLICE_X38Y58         FDRE (Prop_fdre_C_Q)         0.164     1.874 f  FIFO/U0/inst_fifo_gen/gconvfifo.rf/grf.rf/rstblk/ngwrdrst.grst.g7serrst.gnsckt_wrst.gcc_rst.sckt_wr_rst_cc_reg[0]/Q
                         net (fo=4, estimated)        0.231     2.105    FIFO/U0/inst_fifo_gen/gconvfifo.rf/grf.rf/rstblk/p_0_in[1]
    SLICE_X38Y58         LUT3 (Prop_lut3_I0_O)        0.045     2.150 f  FIFO/U0/inst_fifo_gen/gconvfifo.rf/grf.rf/rstblk/dout_i[1]_i_2/O
                         net (fo=16, estimated)       0.285     2.435    FIFO/U0/inst_fifo_gen/gconvfifo.rf/grf.rf/gntv_or_sync_fifo.gl1.lsshft/c0/count_reg[0]_0
    SLICE_X39Y60         FDCE                                         f  FIFO/U0/inst_fifo_gen/gconvfifo.rf/grf.rf/gntv_or_sync_fifo.gl1.lsshft/c0/count_reg[2]/CLR
  -------------------------------------------------------------------    -------------------

                         (clock sys_clk_pin rise edge)
                                                      0.000     0.000 r  
    H16                                               0.000     0.000 r  clk (IN)
                         net (fo=0)                   0.000     0.000    clk
    H16                  IBUF (Prop_ibuf_I_O)         0.413     0.413 r  clk_IBUF_inst/O
                         net (fo=1, estimated)        0.921     1.334    clk_IBUF
    BUFGCTRL_X0Y16       BUFG (Prop_bufg_I_O)         0.029     1.363 r  clk_IBUF_BUFG_inst/O
                         net (fo=63, estimated)       0.853     2.216    FIFO/U0/inst_fifo_gen/gconvfifo.rf/grf.rf/gntv_or_sync_fifo.gl1.lsshft/c0/clk
    SLICE_X39Y60         FDCE                                         r  FIFO/U0/inst_fifo_gen/gconvfifo.rf/grf.rf/gntv_or_sync_fifo.gl1.lsshft/c0/count_reg[2]/C
                         clock pessimism             -0.491     1.725    
    SLICE_X39Y60         FDCE (Remov_fdce_C_CLR)     -0.092     1.633    FIFO/U0/inst_fifo_gen/gconvfifo.rf/grf.rf/gntv_or_sync_fifo.gl1.lsshft/c0/count_reg[2]
  -------------------------------------------------------------------
                         required time                         -1.633    
                         arrival time                           2.435    
  -------------------------------------------------------------------
                         slack                                  0.802    

Slack (MET) :             0.805ns  (arrival time - required time)
  Source:                 FIFO/U0/inst_fifo_gen/gconvfifo.rf/grf.rf/rstblk/ngwrdrst.grst.g7serrst.gnsckt_wrst.gcc_rst.sckt_wr_rst_cc_reg[0]/C
                            (rising edge-triggered cell FDRE clocked by sys_clk_pin  {rise@0.000ns fall@5.000ns period=10.000ns})
  Destination:            FIFO/U0/inst_fifo_gen/gconvfifo.rf/grf.rf/gntv_or_sync_fifo.gl1.lsshft/crd/count_reg[1]/PRE
                            (removal check against rising-edge clock sys_clk_pin  {rise@0.000ns fall@5.000ns period=10.000ns})
  Path Group:             **async_default**
  Path Type:              Removal (Min at Fast Process Corner)
  Requirement:            0.000ns  (sys_clk_pin rise@0.000ns - sys_clk_pin rise@0.000ns)
  Data Path Delay:        0.725ns  (logic 0.209ns (28.830%)  route 0.516ns (71.170%))
  Logic Levels:           1  (LUT3=1)
  Clock Path Skew:        0.015ns (DCD - SCD - CPR)
    Destination Clock Delay (DCD):    2.216ns
    Source Clock Delay      (SCD):    1.710ns
    Clock Pessimism Removal (CPR):    0.491ns

    Location             Delay type                Incr(ns)  Path(ns)    Netlist Resource(s)
  -------------------------------------------------------------------    -------------------
                         (clock sys_clk_pin rise edge)
                                                      0.000     0.000 r  
    H16                                               0.000     0.000 r  clk (IN)
                         net (fo=0)                   0.000     0.000    clk
    H16                  IBUF (Prop_ibuf_I_O)         0.225     0.225 r  clk_IBUF_inst/O
                         net (fo=1, estimated)        0.875     1.100    clk_IBUF
    BUFGCTRL_X0Y16       BUFG (Prop_bufg_I_O)         0.026     1.126 r  clk_IBUF_BUFG_inst/O
                         net (fo=63, estimated)       0.584     1.710    FIFO/U0/inst_fifo_gen/gconvfifo.rf/grf.rf/rstblk/clk
    SLICE_X38Y58         FDRE                                         r  FIFO/U0/inst_fifo_gen/gconvfifo.rf/grf.rf/rstblk/ngwrdrst.grst.g7serrst.gnsckt_wrst.gcc_rst.sckt_wr_rst_cc_reg[0]/C
  -------------------------------------------------------------------    -------------------
    SLICE_X38Y58         FDRE (Prop_fdre_C_Q)         0.164     1.874 f  FIFO/U0/inst_fifo_gen/gconvfifo.rf/grf.rf/rstblk/ngwrdrst.grst.g7serrst.gnsckt_wrst.gcc_rst.sckt_wr_rst_cc_reg[0]/Q
                         net (fo=4, estimated)        0.231     2.105    FIFO/U0/inst_fifo_gen/gconvfifo.rf/grf.rf/rstblk/p_0_in[1]
    SLICE_X38Y58         LUT3 (Prop_lut3_I0_O)        0.045     2.150 f  FIFO/U0/inst_fifo_gen/gconvfifo.rf/grf.rf/rstblk/dout_i[1]_i_2/O
                         net (fo=16, estimated)       0.285     2.435    FIFO/U0/inst_fifo_gen/gconvfifo.rf/grf.rf/gntv_or_sync_fifo.gl1.lsshft/crd/count_reg[3]_0
    SLICE_X39Y60         FDPE                                         f  FIFO/U0/inst_fifo_gen/gconvfifo.rf/grf.rf/gntv_or_sync_fifo.gl1.lsshft/crd/count_reg[1]/PRE
  -------------------------------------------------------------------    -------------------

                         (clock sys_clk_pin rise edge)
                                                      0.000     0.000 r  
    H16                                               0.000     0.000 r  clk (IN)
                         net (fo=0)                   0.000     0.000    clk
    H16                  IBUF (Prop_ibuf_I_O)         0.413     0.413 r  clk_IBUF_inst/O
                         net (fo=1, estimated)        0.921     1.334    clk_IBUF
    BUFGCTRL_X0Y16       BUFG (Prop_bufg_I_O)         0.029     1.363 r  clk_IBUF_BUFG_inst/O
                         net (fo=63, estimated)       0.853     2.216    FIFO/U0/inst_fifo_gen/gconvfifo.rf/grf.rf/gntv_or_sync_fifo.gl1.lsshft/crd/clk
    SLICE_X39Y60         FDPE                                         r  FIFO/U0/inst_fifo_gen/gconvfifo.rf/grf.rf/gntv_or_sync_fifo.gl1.lsshft/crd/count_reg[1]/C
                         clock pessimism             -0.491     1.725    
    SLICE_X39Y60         FDPE (Remov_fdpe_C_PRE)     -0.095     1.630    FIFO/U0/inst_fifo_gen/gconvfifo.rf/grf.rf/gntv_or_sync_fifo.gl1.lsshft/crd/count_reg[1]
  -------------------------------------------------------------------
                         required time                         -1.630    
                         arrival time                           2.435    
  -------------------------------------------------------------------
                         slack                                  0.805    





