Copyright 1986-2020 Xilinx, Inc. All Rights Reserved.
--------------------------------------------------------------------------------------------------------------------------------------------------------------------------------------------------------
| Tool Version : Vivado v.2020.2 (lin64) Build 3064766 Wed Nov 18 09:12:47 MST 2020
| Date         : Sun Aug 30 19:07:38 2026
| Host         : galileo running 64-bit Ubuntu 20.04.6 LTS
| Command      : report_timing_summary -max_paths 10 -file led_jukebox_timing_summary_routed.rpt -pb led_jukebox_timing_summary_routed.pb -rpx led_jukebox_timing_summary_routed.rpx -warn_on_violation
| Design       : led_jukebox
| Device       : 7z010-clg400
| Speed File   : -1  PRODUCTION 1.12 2019-11-22
--------------------------------------------------------------------------------------------------------------------------------------------------------------------------------------------------------

Timing Summary Report

------------------------------------------------------------------------------------------------
| Timer Settings
| --------------
------------------------------------------------------------------------------------------------

  Enable Multi Corner Analysis               :  Yes
  Enable Pessimism Removal                   :  Yes
  Pessimism Removal Resolution               :  Nearest Common Node
  Enable Input Delay Default Clock           :  No
  Enable Preset / Clear Arcs                 :  No
  Disable Flight Delays                      :  No
  Ignore I/O Paths                           :  No
  Timing Early Launch at Borrowing Latches   :  No
  Borrow Time for Max Delay Exceptions       :  Yes
  Merge Timing Exceptions                    :  Yes

  Corner  Analyze    Analyze    
  Name    Max Paths  Min Paths  
  ------  ---------  ---------  
  Slow    Yes        Yes        
  Fast    Yes        Yes        



check_timing report

Table of Contents
-----------------
1. checking no_clock (0)
2. checking constant_clock (0)
3. checking pulse_width_clock (0)
4. checking unconstrained_internal_endpoints (0)
5. checking no_input_delay (3)
6. checking no_output_delay (3)
7. checking multiple_clock (0)
8. checking generated_clocks (0)
9. checking loops (0)
10. checking partial_input_delay (0)
11. checking partial_output_delay (0)
12. checking latch_loops (0)

1. checking no_clock (0)
------------------------
 There are 0 register/latch pins with no clock.


2. checking constant_clock (0)
------------------------------
 There are 0 register/latch pins with constant_clock.


3. checking pulse_width_clock (0)
---------------------------------
 There are 0 register/latch pins which need pulse_width check


4. checking unconstrained_internal_endpoints (0)
------------------------------------------------
 There are 0 pins that are not constrained for maximum delay.

 There are 0 pins that are not constrained for maximum delay due to constant clock.


5. checking no_input_delay (3)
------------------------------
 There is 1 input port with no input delay specified. (HIGH)

 There are 2 input ports with no input delay but user has a false path constraint. (MEDIUM)


6. checking no_output_delay (3)
-------------------------------
 There are 0 ports with no output delay specified.

 There are 3 ports with no output delay but user has a false path constraint (MEDIUM)

 There are 0 ports with no output delay but with a timing clock defined on it or propagating through it


7. checking multiple_clock (0)
------------------------------
 There are 0 register/latch pins with multiple clocks.


8. checking generated_clocks (0)
--------------------------------
 There are 0 generated clocks that are not connected to a clock source.


9. checking loops (0)
---------------------
 There are 0 combinational loops in the design.


10. checking partial_input_delay (0)
------------------------------------
 There are 0 input ports with partial input delay specified.


11. checking partial_output_delay (0)
-------------------------------------
 There are 0 ports with partial output delay specified.


12. checking latch_loops (0)
----------------------------
 There are 0 combinational latch loops in the design through latch input



------------------------------------------------------------------------------------------------
| Design Timing Summary
| ---------------------
------------------------------------------------------------------------------------------------

    WNS(ns)      TNS(ns)  TNS Failing Endpoints  TNS Total Endpoints      WHS(ns)      THS(ns)  THS Failing Endpoints  THS Total Endpoints     WPWS(ns)     TPWS(ns)  TPWS Failing Endpoints  TPWS Total Endpoints  
    -------      -------  ---------------------  -------------------      -------      -------  ---------------------  -------------------     --------     --------  ----------------------  --------------------  
      4.354        0.000                      0                   95        0.122        0.000                      0                   95        4.020        0.000                       0                    64  


All user specified timing constraints are met.


------------------------------------------------------------------------------------------------
| Clock Summary
| -------------
------------------------------------------------------------------------------------------------

Clock        Waveform(ns)       Period(ns)      Frequency(MHz)
-----        ------------       ----------      --------------
sys_clk_pin  {0.000 5.000}      10.000          100.000         


------------------------------------------------------------------------------------------------
| Intra Clock Table
| -----------------
------------------------------------------------------------------------------------------------

Clock             WNS(ns)      TNS(ns)  TNS Failing Endpoints  TNS Total Endpoints      WHS(ns)      THS(ns)  THS Failing Endpoints  THS Total Endpoints     WPWS(ns)     TPWS(ns)  TPWS Failing Endpoints  TPWS Total Endpoints  
-----             -------      -------  ---------------------  -------------------      -------      -------  ---------------------  -------------------     --------     --------  ----------------------  --------------------  
sys_clk_pin         4.354        0.000                      0                   74        0.122        0.000                      0                   74        4.020        0.000                       0                    64  


------------------------------------------------------------------------------------------------
| Inter Clock Table
| -----------------
------------------------------------------------------------------------------------------------

From Clock    To Clock          WNS(ns)      TNS(ns)  TNS Failing Endpoints  TNS Total Endpoints      WHS(ns)      THS(ns)  THS Failing Endpoints  THS Total Endpoints  
----------    --------          -------      -------  ---------------------  -------------------      -------      -------  ---------------------  -------------------  


------------------------------------------------------------------------------------------------
| Other Path Groups Table
| -----------------------
------------------------------------------------------------------------------------------------

Path Group         From Clock         To Clock               WNS(ns)      TNS(ns)  TNS Failing Endpoints  TNS Total Endpoints      WHS(ns)      THS(ns)  THS Failing Endpoints  THS Total Endpoints  
----------         ----------         --------               -------      -------  ---------------------  -------------------      -------      -------  ---------------------  -------------------  
**async_default**  sys_clk_pin        sys_clk_pin              7.041        0.000                      0                   21        0.435        0.000                      0                   21  


------------------------------------------------------------------------------------------------
| Timing Details
| --------------
------------------------------------------------------------------------------------------------


---------------------------------------------------------------------------------------------------
From Clock:  sys_clk_pin
  To Clock:  sys_clk_pin

Setup :            0  Failing Endpoints,  Worst Slack        4.354ns,  Total Violation        0.000ns
Hold  :            0  Failing Endpoints,  Worst Slack        0.122ns,  Total Violation        0.000ns
PW    :            0  Failing Endpoints,  Worst Slack        4.020ns,  Total Violation        0.000ns
---------------------------------------------------------------------------------------------------


Max Delay Paths
--------------------------------------------------------------------------------------
Slack (MET) :             4.354ns  (required time - arrival time)
  Source:                 DRV/CU/r_count_reg[22]/C
                            (rising edge-triggered cell FDCE clocked by sys_clk_pin  {rise@0.000ns fall@5.000ns period=10.000ns})
  Destination:            FIFO/U0/inst_fifo_gen/gconvfifo.rf/grf.rf/gntv_or_sync_fifo.gl1.lsshft/c0/count_reg[1]/CE
                            (rising edge-triggered cell FDCE clocked by sys_clk_pin  {rise@0.000ns fall@5.000ns period=10.000ns})
  Path Group:             sys_clk_pin
  Path Type:              Setup (Max at Slow Process Corner)
  Requirement:            10.000ns  (sys_clk_pin rise@10.000ns - sys_clk_pin rise@0.000ns)
  Data Path Delay:        5.135ns  (logic 1.205ns (23.468%)  route 3.930ns (76.532%))
  Logic Levels:           4  (LUT4=2 LUT5=2)
  Clock Path Skew:        -0.063ns (DCD - SCD + CPR)
    Destination Clock Delay (DCD):    4.918ns = ( 14.918 - 10.000 ) 
    Source Clock Delay      (SCD):    5.371ns
    Clock Pessimism Removal (CPR):    0.391ns
  Clock Uncertainty:      0.035ns  ((TSJ^2 + TIJ^2)^1/2 + DJ) / 2 + PE
    Total System Jitter     (TSJ):    0.071ns
    Total Input Jitter      (TIJ):    0.000ns
    Discrete Jitter          (DJ):    0.000ns
    Phase Error              (PE):    0.000ns

    Location             Delay type                Incr(ns)  Path(ns)    Netlist Resource(s)
  -------------------------------------------------------------------    -------------------
                         (clock sys_clk_pin rise edge)
                                                      0.000     0.000 r  
    H16                                               0.000     0.000 r  clk (IN)
                         net (fo=0)                   0.000     0.000    clk
    H16                  IBUF (Prop_ibuf_I_O)         1.457     1.457 r  clk_IBUF_inst/O
                         net (fo=1, routed)           2.076     3.533    clk_IBUF
    BUFGCTRL_X0Y16       BUFG (Prop_bufg_I_O)         0.101     3.634 r  clk_IBUF_BUFG_inst/O
                         net (fo=63, routed)          1.737     5.371    DRV/CU/clk_IBUF_BUFG
    SLICE_X41Y61         FDCE                                         r  DRV/CU/r_count_reg[22]/C
  -------------------------------------------------------------------    -------------------
    SLICE_X41Y61         FDCE (Prop_fdce_C_Q)         0.456     5.827 r  DRV/CU/r_count_reg[22]/Q
                         net (fo=2, routed)           0.969     6.797    DRV/CU/r_count_reg[22]
    SLICE_X40Y58         LUT4 (Prop_lut4_I1_O)        0.124     6.921 f  DRV/CU/FIFO_i_10/O
                         net (fo=2, routed)           0.583     7.503    DRV/CU/FIFO_i_10_n_0
    SLICE_X40Y57         LUT5 (Prop_lut5_I3_O)        0.124     7.627 r  DRV/CU/FIFO_i_7/O
                         net (fo=19, routed)          0.658     8.286    DRV/CU/FIFO_i_7_n_0
    SLICE_X40Y59         LUT5 (Prop_lut5_I2_O)        0.150     8.436 r  DRV/CU/FIFO_i_4/O
                         net (fo=14, routed)          1.061     9.496    FIFO/U0/inst_fifo_gen/gconvfifo.rf/grf.rf/gntv_or_sync_fifo.gl1.lsshft/wsts/rd_en
    SLICE_X39Y60         LUT4 (Prop_lut4_I2_O)        0.351     9.847 r  FIFO/U0/inst_fifo_gen/gconvfifo.rf/grf.rf/gntv_or_sync_fifo.gl1.lsshft/wsts/count[3]_i_1/O
                         net (fo=12, routed)          0.658    10.506    FIFO/U0/inst_fifo_gen/gconvfifo.rf/grf.rf/gntv_or_sync_fifo.gl1.lsshft/c0/E[0]
    SLICE_X39Y60         FDCE                                         r  FIFO/U0/inst_fifo_gen/gconvfifo.rf/grf.rf/gntv_or_sync_fifo.gl1.lsshft/c0/count_reg[1]/CE
  -------------------------------------------------------------------    -------------------

                         (clock sys_clk_pin rise edge)
                                                     10.000    10.000 r  
    H16                                               0.000    10.000 r  clk (IN)
                         net (fo=0)                   0.000    10.000    clk
    H16                  IBUF (Prop_ibuf_I_O)         1.387    11.387 r  clk_IBUF_inst/O
                         net (fo=1, routed)           1.880    13.267    clk_IBUF
    BUFGCTRL_X0Y16       BUFG (Prop_bufg_I_O)         0.091    13.358 r  clk_IBUF_BUFG_inst/O
                         net (fo=63, routed)          1.560    14.918    FIFO/U0/inst_fifo_gen/gconvfifo.rf/grf.rf/gntv_or_sync_fifo.gl1.lsshft/c0/clk
    SLICE_X39Y60         FDCE                                         r  FIFO/U0/inst_fifo_gen/gconvfifo.rf/grf.rf/gntv_or_sync_fifo.gl1.lsshft/c0/count_reg[1]/C
                         clock pessimism              0.391    15.308    
                         clock uncertainty           -0.035    15.273    
    SLICE_X39Y60         FDCE (Setup_fdce_C_CE)      -0.413    14.860    FIFO/U0/inst_fifo_gen/gconvfifo.rf/grf.rf/gntv_or_sync_fifo.gl1.lsshft/c0/count_reg[1]
  -------------------------------------------------------------------
                         required time                         14.860    
                         arrival time                         -10.506    
  -------------------------------------------------------------------
                         slack                                  4.354    

Slack (MET) :             4.354ns  (required time - arrival time)
  Source:                 DRV/CU/r_count_reg[22]/C
                            (rising edge-triggered cell FDCE clocked by sys_clk_pin  {rise@0.000ns fall@5.000ns period=10.000ns})
  Destination:            FIFO/U0/inst_fifo_gen/gconvfifo.rf/grf.rf/gntv_or_sync_fifo.gl1.lsshft/c0/count_reg[2]/CE
                            (rising edge-triggered cell FDCE clocked by sys_clk_pin  {rise@0.000ns fall@5.000ns period=10.000ns})
  Path Group:             sys_clk_pin
  Path Type:              Setup (Max at Slow Process Corner)
  Requirement:            10.000ns  (sys_clk_pin rise@10.000ns - sys_clk_pin rise@0.000ns)
  Data Path Delay:        5.135ns  (logic 1.205ns (23.468%)  route 3.930ns (76.532%))
  Logic Levels:           4  (LUT4=2 LUT5=2)
  Clock Path Skew:        -0.063ns (DCD - SCD + CPR)
    Destination Clock Delay (DCD):    4.918ns = ( 14.918 - 10.000 ) 
    Source Clock Delay      (SCD):    5.371ns
    Clock Pessimism Removal (CPR):    0.391ns
  Clock Uncertainty:      0.035ns  ((TSJ^2 + TIJ^2)^1/2 + DJ) / 2 + PE
    Total System Jitter     (TSJ):    0.071ns
    Total Input Jitter      (TIJ):    0.000ns
    Discrete Jitter          (DJ):    0.000ns
    Phase Error              (PE):    0.000ns

    Location             Delay type                Incr(ns)  Path(ns)    Netlist Resource(s)
  -------------------------------------------------------------------    -------------------
                         (clock sys_clk_pin rise edge)
                                                      0.000     0.000 r  
    H16                                               0.000     0.000 r  clk (IN)
                         net (fo=0)                   0.000     0.000    clk
    H16                  IBUF (Prop_ibuf_I_O)         1.457     1.457 r  clk_IBUF_inst/O
                         net (fo=1, routed)           2.076     3.533    clk_IBUF
    BUFGCTRL_X0Y16       BUFG (Prop_bufg_I_O)         0.101     3.634 r  clk_IBUF_BUFG_inst/O
                         net (fo=63, routed)          1.737     5.371    DRV/CU/clk_IBUF_BUFG
    SLICE_X41Y61         FDCE                                         r  DRV/CU/r_count_reg[22]/C
  -------------------------------------------------------------------    -------------------
    SLICE_X41Y61         FDCE (Prop_fdce_C_Q)         0.456     5.827 r  DRV/CU/r_count_reg[22]/Q
                         net (fo=2, routed)           0.969     6.797    DRV/CU/r_count_reg[22]
    SLICE_X40Y58         LUT4 (Prop_lut4_I1_O)        0.124     6.921 f  DRV/CU/FIFO_i_10/O
                         net (fo=2, routed)           0.583     7.503    DRV/CU/FIFO_i_10_n_0
    SLICE_X40Y57         LUT5 (Prop_lut5_I3_O)        0.124     7.627 r  DRV/CU/FIFO_i_7/O
                         net (fo=19, routed)          0.658     8.286    DRV/CU/FIFO_i_7_n_0
    SLICE_X40Y59         LUT5 (Prop_lut5_I2_O)        0.150     8.436 r  DRV/CU/FIFO_i_4/O
                         net (fo=14, routed)          1.061     9.496    FIFO/U0/inst_fifo_gen/gconvfifo.rf/grf.rf/gntv_or_sync_fifo.gl1.lsshft/wsts/rd_en
    SLICE_X39Y60         LUT4 (Prop_lut4_I2_O)        0.351     9.847 r  FIFO/U0/inst_fifo_gen/gconvfifo.rf/grf.rf/gntv_or_sync_fifo.gl1.lsshft/wsts/count[3]_i_1/O
                         net (fo=12, routed)          0.658    10.506    FIFO/U0/inst_fifo_gen/gconvfifo.rf/grf.rf/gntv_or_sync_fifo.gl1.lsshft/c0/E[0]
    SLICE_X39Y60         FDCE                                         r  FIFO/U0/inst_fifo_gen/gconvfifo.rf/grf.rf/gntv_or_sync_fifo.gl1.lsshft/c0/count_reg[2]/CE
  -------------------------------------------------------------------    -------------------

                         (clock sys_clk_pin rise edge)
                                                     10.000    10.000 r  
    H16                                               0.000    10.000 r  clk (IN)
                         net (fo=0)                   0.000    10.000    clk
    H16                  IBUF (Prop_ibuf_I_O)         1.387    11.387 r  clk_IBUF_inst/O
                         net (fo=1, routed)           1.880    13.267    clk_IBUF
    BUFGCTRL_X0Y16       BUFG (Prop_bufg_I_O)         0.091    13.358 r  clk_IBUF_BUFG_inst/O
                         net (fo=63, routed)          1.560    14.918    FIFO/U0/inst_fifo_gen/gconvfifo.rf/grf.rf/gntv_or_sync_fifo.gl1.lsshft/c0/clk
    SLICE_X39Y60         FDCE                                         r  FIFO/U0/inst_fifo_gen/gconvfifo.rf/grf.rf/gntv_or_sync_fifo.gl1.lsshft/c0/count_reg[2]/C
                         clock pessimism              0.391    15.308    
                         clock uncertainty           -0.035    15.273    
    SLICE_X39Y60         FDCE (Setup_fdce_C_CE)      -0.413    14.860    FIFO/U0/inst_fifo_gen/gconvfifo.rf/grf.rf/gntv_or_sync_fifo.gl1.lsshft/c0/count_reg[2]
  -------------------------------------------------------------------
                         required time                         14.860    
                         arrival time                         -10.506    
  -------------------------------------------------------------------
                         slack                                  4.354    

Slack (MET) :             4.354ns  (required time - arrival time)
  Source:                 DRV/CU/r_count_reg[22]/C
                            (rising edge-triggered cell FDCE clocked by sys_clk_pin  {rise@0.000ns fall@5.000ns period=10.000ns})
  Destination:            FIFO/U0/inst_fifo_gen/gconvfifo.rf/grf.rf/gntv_or_sync_fifo.gl1.lsshft/crd/count_reg[1]/CE
                            (rising edge-triggered cell FDPE clocked by sys_clk_pin  {rise@0.000ns fall@5.000ns period=10.000ns})
  Path Group:             sys_clk_pin
  Path Type:              Setup (Max at Slow Process Corner)
  Requirement:            10.000ns  (sys_clk_pin rise@10.000ns - sys_clk_pin rise@0.000ns)
  Data Path Delay:        5.135ns  (logic 1.205ns (23.468%)  route 3.930ns (76.532%))
  Logic Levels:           4  (LUT4=2 LUT5=2)
  Clock Path Skew:        -0.063ns (DCD - SCD + CPR)
    Destination Clock Delay (DCD):    4.918ns = ( 14.918 - 10.000 ) 
    Source Clock Delay      (SCD):    5.371ns
    Clock Pessimism Removal (CPR):    0.391ns
  Clock Uncertainty:      0.035ns  ((TSJ^2 + TIJ^2)^1/2 + DJ) / 2 + PE
    Total System Jitter     (TSJ):    0.071ns
    Total Input Jitter      (TIJ):    0.000ns
    Discrete Jitter          (DJ):    0.000ns
    Phase Error              (PE):    0.000ns

    Location             Delay type                Incr(ns)  Path(ns)    Netlist Resource(s)
  -------------------------------------------------------------------    -------------------
                         (clock sys_clk_pin rise edge)
                                                      0.000     0.000 r  
    H16                                               0.000     0.000 r  clk (IN)
                         net (fo=0)                   0.000     0.000    clk
    H16                  IBUF (Prop_ibuf_I_O)         1.457     1.457 r  clk_IBUF_inst/O
                         net (fo=1, routed)           2.076     3.533    clk_IBUF
    BUFGCTRL_X0Y16       BUFG (Prop_bufg_I_O)         0.101     3.634 r  clk_IBUF_BUFG_inst/O
                         net (fo=63, routed)          1.737     5.371    DRV/CU/clk_IBUF_BUFG
    SLICE_X41Y61         FDCE                                         r  DRV/CU/r_count_reg[22]/C
  -------------------------------------------------------------------    -------------------
    SLICE_X41Y61         FDCE (Prop_fdce_C_Q)         0.456     5.827 r  DRV/CU/r_count_reg[22]/Q
                         net (fo=2, routed)           0.969     6.797    DRV/CU/r_count_reg[22]
    SLICE_X40Y58         LUT4 (Prop_lut4_I1_O)        0.124     6.921 f  DRV/CU/FIFO_i_10/O
                         net (fo=2, routed)           0.583     7.503    DRV/CU/FIFO_i_10_n_0
    SLICE_X40Y57         LUT5 (Prop_lut5_I3_O)        0.124     7.627 r  DRV/CU/FIFO_i_7/O
                         net (fo=19, routed)          0.658     8.286    DRV/CU/FIFO_i_7_n_0
    SLICE_X40Y59         LUT5 (Prop_lut5_I2_O)        0.150     8.436 r  DRV/CU/FIFO_i_4/O
                         net (fo=14, routed)          1.061     9.496    FIFO/U0/inst_fifo_gen/gconvfifo.rf/grf.rf/gntv_or_sync_fifo.gl1.lsshft/wsts/rd_en
    SLICE_X39Y60         LUT4 (Prop_lut4_I2_O)        0.351     9.847 r  FIFO/U0/inst_fifo_gen/gconvfifo.rf/grf.rf/gntv_or_sync_fifo.gl1.lsshft/wsts/count[3]_i_1/O
                         net (fo=12, routed)          0.658    10.506    FIFO/U0/inst_fifo_gen/gconvfifo.rf/grf.rf/gntv_or_sync_fifo.gl1.lsshft/crd/E[0]
    SLICE_X39Y60         FDPE                                         r  FIFO/U0/inst_fifo_gen/gconvfifo.rf/grf.rf/gntv_or_sync_fifo.gl1.lsshft/crd/count_reg[1]/CE
  -------------------------------------------------------------------    -------------------

                         (clock sys_clk_pin rise edge)
                                                     10.000    10.000 r  
    H16                                               0.000    10.000 r  clk (IN)
                         net (fo=0)                   0.000    10.000    clk
    H16                  IBUF (Prop_ibuf_I_O)         1.387    11.387 r  clk_IBUF_inst/O
                         net (fo=1, routed)           1.880    13.267    clk_IBUF
    BUFGCTRL_X0Y16       BUFG (Prop_bufg_I_O)         0.091    13.358 r  clk_IBUF_BUFG_inst/O
                         net (fo=63, routed)          1.560    14.918    FIFO/U0/inst_fifo_gen/gconvfifo.rf/grf.rf/gntv_or_sync_fifo.gl1.lsshft/crd/clk
    SLICE_X39Y60         FDPE                                         r  FIFO/U0/inst_fifo_gen/gconvfifo.rf/grf.rf/gntv_or_sync_fifo.gl1.lsshft/crd/count_reg[1]/C
                         clock pessimism              0.391    15.308    
                         clock uncertainty           -0.035    15.273    
    SLICE_X39Y60         FDPE (Setup_fdpe_C_CE)      -0.413    14.860    FIFO/U0/inst_fifo_gen/gconvfifo.rf/grf.rf/gntv_or_sync_fifo.gl1.lsshft/crd/count_reg[1]
  -------------------------------------------------------------------
                         required time                         14.860    
                         arrival time                         -10.506    
  -------------------------------------------------------------------
                         slack                                  4.354    

Slack (MET) :             4.354ns  (required time - arrival time)
  Source:                 DRV/CU/r_count_reg[22]/C
                            (rising edge-triggered cell FDCE clocked by sys_clk_pin  {rise@0.000ns fall@5.000ns period=10.000ns})
  Destination:            FIFO/U0/inst_fifo_gen/gconvfifo.rf/grf.rf/gntv_or_sync_fifo.gl1.lsshft/crd/count_reg[2]/CE
                            (rising edge-triggered cell FDPE clocked by sys_clk_pin  {rise@0.000ns fall@5.000ns period=10.000ns})
  Path Group:             sys_clk_pin
  Path Type:              Setup (Max at Slow Process Corner)
  Requirement:            10.000ns  (sys_clk_pin rise@10.000ns - sys_clk_pin rise@0.000ns)
  Data Path Delay:        5.135ns  (logic 1.205ns (23.468%)  route 3.930ns (76.532%))
  Logic Levels:           4  (LUT4=2 LUT5=2)
  Clock Path Skew:        -0.063ns (DCD - SCD + CPR)
    Destination Clock Delay (DCD):    4.918ns = ( 14.918 - 10.000 ) 
    Source Clock Delay      (SCD):    5.371ns
    Clock Pessimism Removal (CPR):    0.391ns
  Clock Uncertainty:      0.035ns  ((TSJ^2 + TIJ^2)^1/2 + DJ) / 2 + PE
    Total System Jitter     (TSJ):    0.071ns
    Total Input Jitter      (TIJ):    0.000ns
    Discrete Jitter          (DJ):    0.000ns
    Phase Error              (PE):    0.000ns

    Location             Delay type                Incr(ns)  Path(ns)    Netlist Resource(s)
  -------------------------------------------------------------------    -------------------
                         (clock sys_clk_pin rise edge)
                                                      0.000     0.000 r  
    H16                                               0.000     0.000 r  clk (IN)
                         net (fo=0)                   0.000     0.000    clk
    H16                  IBUF (Prop_ibuf_I_O)         1.457     1.457 r  clk_IBUF_inst/O
                         net (fo=1, routed)           2.076     3.533    clk_IBUF
    BUFGCTRL_X0Y16       BUFG (Prop_bufg_I_O)         0.101     3.634 r  clk_IBUF_BUFG_inst/O
                         net (fo=63, routed)          1.737     5.371    DRV/CU/clk_IBUF_BUFG
    SLICE_X41Y61         FDCE                                         r  DRV/CU/r_count_reg[22]/C
  -------------------------------------------------------------------    -------------------
    SLICE_X41Y61         FDCE (Prop_fdce_C_Q)         0.456     5.827 r  DRV/CU/r_count_reg[22]/Q
                         net (fo=2, routed)           0.969     6.797    DRV/CU/r_count_reg[22]
    SLICE_X40Y58         LUT4 (Prop_lut4_I1_O)        0.124     6.921 f  DRV/CU/FIFO_i_10/O
                         net (fo=2, routed)           0.583     7.503    DRV/CU/FIFO_i_10_n_0
    SLICE_X40Y57         LUT5 (Prop_lut5_I3_O)        0.124     7.627 r  DRV/CU/FIFO_i_7/O
                         net (fo=19, routed)          0.658     8.286    DRV/CU/FIFO_i_7_n_0
    SLICE_X40Y59         LUT5 (Prop_lut5_I2_O)        0.150     8.436 r  DRV/CU/FIFO_i_4/O
                         net (fo=14, routed)          1.061     9.496    FIFO/U0/inst_fifo_gen/gconvfifo.rf/grf.rf/gntv_or_sync_fifo.gl1.lsshft/wsts/rd_en
    SLICE_X39Y60         LUT4 (Prop_lut4_I2_O)        0.351     9.847 r  FIFO/U0/inst_fifo_gen/gconvfifo.rf/grf.rf/gntv_or_sync_fifo.gl1.lsshft/wsts/count[3]_i_1/O
                         net (fo=12, routed)          0.658    10.506    FIFO/U0/inst_fifo_gen/gconvfifo.rf/grf.rf/gntv_or_sync_fifo.gl1.lsshft/crd/E[0]
    SLICE_X39Y60         FDPE                                         r  FIFO/U0/inst_fifo_gen/gconvfifo.rf/grf.rf/gntv_or_sync_fifo.gl1.lsshft/crd/count_reg[2]/CE
  -------------------------------------------------------------------    -------------------

                         (clock sys_clk_pin rise edge)
                                                     10.000    10.000 r  
    H16                                               0.000    10.000 r  clk (IN)
                         net (fo=0)                   0.000    10.000    clk
    H16                  IBUF (Prop_ibuf_I_O)         1.387    11.387 r  clk_IBUF_inst/O
                         net (fo=1, routed)           1.880    13.267    clk_IBUF
    BUFGCTRL_X0Y16       BUFG (Prop_bufg_I_O)         0.091    13.358 r  clk_IBUF_BUFG_inst/O
                         net (fo=63, routed)          1.560    14.918    FIFO/U0/inst_fifo_gen/gconvfifo.rf/grf.rf/gntv_or_sync_fifo.gl1.lsshft/crd/clk
    SLICE_X39Y60         FDPE                                         r  FIFO/U0/inst_fifo_gen/gconvfifo.rf/grf.rf/gntv_or_sync_fifo.gl1.lsshft/crd/count_reg[2]/C
                         clock pessimism              0.391    15.308    
                         clock uncertainty           -0.035    15.273    
    SLICE_X39Y60         FDPE (Setup_fdpe_C_CE)      -0.413    14.860    FIFO/U0/inst_fifo_gen/gconvfifo.rf/grf.rf/gntv_or_sync_fifo.gl1.lsshft/crd/count_reg[2]
  -------------------------------------------------------------------
                         required time                         14.860    
                         arrival time                         -10.506    
  -------------------------------------------------------------------
                         slack                                  4.354    

Slack (MET) :             4.354ns  (required time - arrival time)
  Source:                 DRV/CU/r_count_reg[22]/C
                            (rising edge-triggered cell FDCE clocked by sys_clk_pin  {rise@0.000ns fall@5.000ns period=10.000ns})
  Destination:            FIFO/U0/inst_fifo_gen/gconvfifo.rf/grf.rf/gntv_or_sync_fifo.gl1.lsshft/crd/count_reg[3]/CE
                            (rising edge-triggered cell FDPE clocked by sys_clk_pin  {rise@0.000ns fall@5.000ns period=10.000ns})
  Path Group:             sys_clk_pin
  Path Type:              Setup (Max at Slow Process Corner)
  Requirement:            10.000ns  (sys_clk_pin rise@10.000ns - sys_clk_pin rise@0.000ns)
  Data Path Delay:        5.135ns  (logic 1.205ns (23.468%)  route 3.930ns (76.532%))
  Logic Levels:           4  (LUT4=2 LUT5=2)
  Clock Path Skew:        -0.063ns (DCD - SCD + CPR)
    Destination Clock Delay (DCD):    4.918ns = ( 14.918 - 10.000 ) 
    Source Clock Delay      (SCD):    5.371ns
    Clock Pessimism Removal (CPR):    0.391ns
  Clock Uncertainty:      0.035ns  ((TSJ^2 + TIJ^2)^1/2 + DJ) / 2 + PE
    Total System Jitter     (TSJ):    0.071ns
    Total Input Jitter      (TIJ):    0.000ns
    Discrete Jitter          (DJ):    0.000ns
    Phase Error              (PE):    0.000ns

    Location             Delay type                Incr(ns)  Path(ns)    Netlist Resource(s)
  -------------------------------------------------------------------    -------------------
                         (clock sys_clk_pin rise edge)
                                                      0.000     0.000 r  
    H16                                               0.000     0.000 r  clk (IN)
                         net (fo=0)                   0.000     0.000    clk
    H16                  IBUF (Prop_ibuf_I_O)         1.457     1.457 r  clk_IBUF_inst/O
                         net (fo=1, routed)           2.076     3.533    clk_IBUF
    BUFGCTRL_X0Y16       BUFG (Prop_bufg_I_O)         0.101     3.634 r  clk_IBUF_BUFG_inst/O
                         net (fo=63, routed)          1.737     5.371    DRV/CU/clk_IBUF_BUFG
    SLICE_X41Y61         FDCE                                         r  DRV/CU/r_count_reg[22]/C
  -------------------------------------------------------------------    -------------------
    SLICE_X41Y61         FDCE (Prop_fdce_C_Q)         0.456     5.827 r  DRV/CU/r_count_reg[22]/Q
                         net (fo=2, routed)           0.969     6.797    DRV/CU/r_count_reg[22]
    SLICE_X40Y58         LUT4 (Prop_lut4_I1_O)        0.124     6.921 f  DRV/CU/FIFO_i_10/O
                         net (fo=2, routed)           0.583     7.503    DRV/CU/FIFO_i_10_n_0
    SLICE_X40Y57         LUT5 (Prop_lut5_I3_O)        0.124     7.627 r  DRV/CU/FIFO_i_7/O
                         net (fo=19, routed)          0.658     8.286    DRV/CU/FIFO_i_7_n_0
    SLICE_X40Y59         LUT5 (Prop_lut5_I2_O)        0.150     8.436 r  DRV/CU/FIFO_i_4/O
                         net (fo=14, routed)          1.061     9.496    FIFO/U0/inst_fifo_gen/gconvfifo.rf/grf.rf/gntv_or_sync_fifo.gl1.lsshft/wsts/rd_en
    SLICE_X39Y60         LUT4 (Prop_lut4_I2_O)        0.351     9.847 r  FIFO/U0/inst_fifo_gen/gconvfifo.rf/grf.rf/gntv_or_sync_fifo.gl1.lsshft/wsts/count[3]_i_1/O
                         net (fo=12, routed)          0.658    10.506    FIFO/U0/inst_fifo_gen/gconvfifo.rf/grf.rf/gntv_or_sync_fifo.gl1.lsshft/crd/E[0]
    SLICE_X39Y60         FDPE                                         r  FIFO/U0/inst_fifo_gen/gconvfifo.rf/grf.rf/gntv_or_sync_fifo.gl1.lsshft/crd/count_reg[3]/CE
  -------------------------------------------------------------------    -------------------

                         (clock sys_clk_pin rise edge)
                                                     10.000    10.000 r  
    H16                                               0.000    10.000 r  clk (IN)
                         net (fo=0)                   0.000    10.000    clk
    H16                  IBUF (Prop_ibuf_I_O)         1.387    11.387 r  clk_IBUF_inst/O
                         net (fo=1, routed)           1.880    13.267    clk_IBUF
    BUFGCTRL_X0Y16       BUFG (Prop_bufg_I_O)         0.091    13.358 r  clk_IBUF_BUFG_inst/O
                         net (fo=63, routed)          1.560    14.918    FIFO/U0/inst_fifo_gen/gconvfifo.rf/grf.rf/gntv_or_sync_fifo.gl1.lsshft/crd/clk
    SLICE_X39Y60         FDPE                                         r  FIFO/U0/inst_fifo_gen/gconvfifo.rf/grf.rf/gntv_or_sync_fifo.gl1.lsshft/crd/count_reg[3]/C
                         clock pessimism              0.391    15.308    
                         clock uncertainty           -0.035    15.273    
    SLICE_X39Y60         FDPE (Setup_fdpe_C_CE)      -0.413    14.860    FIFO/U0/inst_fifo_gen/gconvfifo.rf/grf.rf/gntv_or_sync_fifo.gl1.lsshft/crd/count_reg[3]
  -------------------------------------------------------------------
                         required time                         14.860    
                         arrival time                         -10.506    
  -------------------------------------------------------------------
                         slack                                  4.354    

Slack (MET) :             4.491ns  (required time - arrival time)
  Source:                 DRV/CU/r_count_reg[22]/C
                            (rising edge-triggered cell FDCE clocked by sys_clk_pin  {rise@0.000ns fall@5.000ns period=10.000ns})
  Destination:            FIFO/U0/inst_fifo_gen/gconvfifo.rf/grf.rf/gntv_or_sync_fifo.gl1.lsshft/c0/count_reg[0]/CE
                            (rising edge-triggered cell FDCE clocked by sys_clk_pin  {rise@0.000ns fall@5.000ns period=10.000ns})
  Path Group:             sys_clk_pin
  Path Type:              Setup (Max at Slow Process Corner)
  Requirement:            10.000ns  (sys_clk_pin rise@10.000ns - sys_clk_pin rise@0.000ns)
  Data Path Delay:        5.037ns  (logic 1.205ns (23.924%)  route 3.832ns (76.076%))
  Logic Levels:           4  (LUT4=2 LUT5=2)
  Clock Path Skew:        -0.024ns (DCD - SCD + CPR)
    Destination Clock Delay (DCD):    4.919ns = ( 14.919 - 10.000 ) 
    Source Clock Delay      (SCD):    5.371ns
    Clock Pessimism Removal (CPR):    0.429ns
  Clock Uncertainty:      0.035ns  ((TSJ^2 + TIJ^2)^1/2 + DJ) / 2 + PE
    Total System Jitter     (TSJ):    0.071ns
    Total Input Jitter      (TIJ):    0.000ns
    Discrete Jitter          (DJ):    0.000ns
    Phase Error              (PE):    0.000ns

    Location             Delay type                Incr(ns)  Path(ns)    Netlist Resource(s)
  -------------------------------------------------------------------    -------------------
                         (clock sys_clk_pin rise edge)
                                                      0.000     0.000 r  
    H16                                               0.000     0.000 r  clk (IN)
                         net (fo=0)                   0.000     0.000    clk
    H16                  IBUF (Prop_ibuf_I_O)         1.457     1.457 r  clk_IBUF_inst/O
                         net (fo=1, routed)           2.076     3.533    clk_IBUF
    BUFGCTRL_X0Y16       BUFG (Prop_bufg_I_O)         0.101     3.634 r  clk_IBUF_BUFG_inst/O
                         net (fo=63, routed)          1.737     5.371    DRV/CU/clk_IBUF_BUFG
    SLICE_X41Y61         FDCE                                         r  DRV/CU/r_count_reg[22]/C
  -------------------------------------------------------------------    -------------------
    SLICE_X41Y61         FDCE (Prop_fdce_C_Q)         0.456     5.827 r  DRV/CU/r_count_reg[22]/Q
                         net (fo=2, routed)           0.969     6.797    DRV/CU/r_count_reg[22]
    SLICE_X40Y58         LUT4 (Prop_lut4_I1_O)        0.124     6.921 f  DRV/CU/FIFO_i_10/O
                         net (fo=2, routed)           0.583     7.503    DRV/CU/FIFO_i_10_n_0
    SLICE_X40Y57         LUT5 (Prop_lut5_I3_O)        0.124     7.627 r  DRV/CU/FIFO_i_7/O
                         net (fo=19, routed)          0.658     8.286    DRV/CU/FIFO_i_7_n_0
    SLICE_X40Y59         LUT5 (Prop_lut5_I2_O)        0.150     8.436 r  DRV/CU/FIFO_i_4/O
                         net (fo=14, routed)          1.061     9.496    FIFO/U0/inst_fifo_gen/gconvfifo.rf/grf.rf/gntv_or_sync_fifo.gl1.lsshft/wsts/rd_en
    SLICE_X39Y60         LUT4 (Prop_lut4_I2_O)        0.351     9.847 r  FIFO/U0/inst_fifo_gen/gconvfifo.rf/grf.rf/gntv_or_sync_fifo.gl1.lsshft/wsts/count[3]_i_1/O
                         net (fo=12, routed)          0.561    10.408    FIFO/U0/inst_fifo_gen/gconvfifo.rf/grf.rf/gntv_or_sync_fifo.gl1.lsshft/c0/E[0]
    SLICE_X40Y60         FDCE                                         r  FIFO/U0/inst_fifo_gen/gconvfifo.rf/grf.rf/gntv_or_sync_fifo.gl1.lsshft/c0/count_reg[0]/CE
  -------------------------------------------------------------------    -------------------

                         (clock sys_clk_pin rise edge)
                                                     10.000    10.000 r  
    H16                                               0.000    10.000 r  clk (IN)
                         net (fo=0)                   0.000    10.000    clk
    H16                  IBUF (Prop_ibuf_I_O)         1.387    11.387 r  clk_IBUF_inst/O
                         net (fo=1, routed)           1.880    13.267    clk_IBUF
    BUFGCTRL_X0Y16       BUFG (Prop_bufg_I_O)         0.091    13.358 r  clk_IBUF_BUFG_inst/O
                         net (fo=63, routed)          1.561    14.919    FIFO/U0/inst_fifo_gen/gconvfifo.rf/grf.rf/gntv_or_sync_fifo.gl1.lsshft/c0/clk
    SLICE_X40Y60         FDCE                                         r  FIFO/U0/inst_fifo_gen/gconvfifo.rf/grf.rf/gntv_or_sync_fifo.gl1.lsshft/c0/count_reg[0]/C
                         clock pessimism              0.429    15.347    
                         clock uncertainty           -0.035    15.312    
    SLICE_X40Y60         FDCE (Setup_fdce_C_CE)      -0.413    14.899    FIFO/U0/inst_fifo_gen/gconvfifo.rf/grf.rf/gntv_or_sync_fifo.gl1.lsshft/c0/count_reg[0]
  -------------------------------------------------------------------
                         required time                         14.899    
                         arrival time                         -10.408    
  -------------------------------------------------------------------
                         slack                                  4.491    

Slack (MET) :             4.491ns  (required time - arrival time)
  Source:                 DRV/CU/r_count_reg[22]/C
                            (rising edge-triggered cell FDCE clocked by sys_clk_pin  {rise@0.000ns fall@5.000ns period=10.000ns})
  Destination:            FIFO/U0/inst_fifo_gen/gconvfifo.rf/grf.rf/gntv_or_sync_fifo.gl1.lsshft/crd/count_reg[0]/CE
                            (rising edge-triggered cell FDPE clocked by sys_clk_pin  {rise@0.000ns fall@5.000ns period=10.000ns})
  Path Group:             sys_clk_pin
  Path Type:              Setup (Max at Slow Process Corner)
  Requirement:            10.000ns  (sys_clk_pin rise@10.000ns - sys_clk_pin rise@0.000ns)
  Data Path Delay:        5.037ns  (logic 1.205ns (23.924%)  route 3.832ns (76.076%))
  Logic Levels:           4  (LUT4=2 LUT5=2)
  Clock Path Skew:        -0.024ns (DCD - SCD + CPR)
    Destination Clock Delay (DCD):    4.919ns = ( 14.919 - 10.000 ) 
    Source Clock Delay      (SCD):    5.371ns
    Clock Pessimism Removal (CPR):    0.429ns
  Clock Uncertainty:      0.035ns  ((TSJ^2 + TIJ^2)^1/2 + DJ) / 2 + PE
    Total System Jitter     (TSJ):    0.071ns
    Total Input Jitter      (TIJ):    0.000ns
    Discrete Jitter          (DJ):    0.000ns
    Phase Error              (PE):    0.000ns

    Location             Delay type                Incr(ns)  Path(ns)    Netlist Resource(s)
  -------------------------------------------------------------------    -------------------
                         (clock sys_clk_pin rise edge)
                                                      0.000     0.000 r  
    H16                                               0.000     0.000 r  clk (IN)
                         net (fo=0)                   0.000     0.000    clk
    H16                  IBUF (Prop_ibuf_I_O)         1.457     1.457 r  clk_IBUF_inst/O
                         net (fo=1, routed)           2.076     3.533    clk_IBUF
    BUFGCTRL_X0Y16       BUFG (Prop_bufg_I_O)         0.101     3.634 r  clk_IBUF_BUFG_inst/O
                         net (fo=63, routed)          1.737     5.371    DRV/CU/clk_IBUF_BUFG
    SLICE_X41Y61         FDCE                                         r  DRV/CU/r_count_reg[22]/C
  -------------------------------------------------------------------    -------------------
    SLICE_X41Y61         FDCE (Prop_fdce_C_Q)         0.456     5.827 r  DRV/CU/r_count_reg[22]/Q
                         net (fo=2, routed)           0.969     6.797    DRV/CU/r_count_reg[22]
    SLICE_X40Y58         LUT4 (Prop_lut4_I1_O)        0.124     6.921 f  DRV/CU/FIFO_i_10/O
                         net (fo=2, routed)           0.583     7.503    DRV/CU/FIFO_i_10_n_0
    SLICE_X40Y57         LUT5 (Prop_lut5_I3_O)        0.124     7.627 r  DRV/CU/FIFO_i_7/O
                         net (fo=19, routed)          0.658     8.286    DRV/CU/FIFO_i_7_n_0
    SLICE_X40Y59         LUT5 (Prop_lut5_I2_O)        0.150     8.436 r  DRV/CU/FIFO_i_4/O
                         net (fo=14, routed)          1.061     9.496    FIFO/U0/inst_fifo_gen/gconvfifo.rf/grf.rf/gntv_or_sync_fifo.gl1.lsshft/wsts/rd_en
    SLICE_X39Y60         LUT4 (Prop_lut4_I2_O)        0.351     9.847 r  FIFO/U0/inst_fifo_gen/gconvfifo.rf/grf.rf/gntv_or_sync_fifo.gl1.lsshft/wsts/count[3]_i_1/O
                         net (fo=12, routed)          0.561    10.408    FIFO/U0/inst_fifo_gen/gconvfifo.rf/grf.rf/gntv_or_sync_fifo.gl1.lsshft/crd/E[0]
    SLICE_X40Y60         FDPE                                         r  FIFO/U0/inst_fifo_gen/gconvfifo.rf/grf.rf/gntv_or_sync_fifo.gl1.lsshft/crd/count_reg[0]/CE
  -------------------------------------------------------------------    -------------------

                         (clock sys_clk_pin rise edge)
                                                     10.000    10.000 r  
    H16                                               0.000    10.000 r  clk (IN)
                         net (fo=0)                   0.000    10.000    clk
    H16                  IBUF (Prop_ibuf_I_O)         1.387    11.387 r  clk_IBUF_inst/O
                         net (fo=1, routed)           1.880    13.267    clk_IBUF
    BUFGCTRL_X0Y16       BUFG (Prop_bufg_I_O)         0.091    13.358 r  clk_IBUF_BUFG_inst/O
                         net (fo=63, routed)          1.561    14.919    FIFO/U0/inst_fifo_gen/gconvfifo.rf/grf.rf/gntv_or_sync_fifo.gl1.lsshft/crd/clk
    SLICE_X40Y60         FDPE                                         r  FIFO/U0/inst_fifo_gen/gconvfifo.rf/grf.rf/gntv_or_sync_fifo.gl1.lsshft/crd/count_reg[0]/C
                         clock pessimism              0.429    15.347    
                         clock uncertainty           -0.035    15.312    
    SLICE_X40Y60         FDPE (Setup_fdpe_C_CE)      -0.413    14.899    FIFO/U0/inst_fifo_gen/gconvfifo.rf/grf.rf/gntv_or_sync_fifo.gl1.lsshft/crd/count_reg[0]
  -------------------------------------------------------------------
                         required time                         14.899    
                         arrival time                         -10.408    
  -------------------------------------------------------------------
                         slack                                  4.491    

Slack (MET) :             4.494ns  (required time - arrival time)
  Source:                 DRV/CU/r_count_reg[22]/C
                            (rising edge-triggered cell FDCE clocked by sys_clk_pin  {rise@0.000ns fall@5.000ns period=10.000ns})
  Destination:            FIFO/U0/inst_fifo_gen/gconvfifo.rf/grf.rf/gntv_or_sync_fifo.gl1.lsshft/c0/count_reg[3]/CE
                            (rising edge-triggered cell FDCE clocked by sys_clk_pin  {rise@0.000ns fall@5.000ns period=10.000ns})
  Path Group:             sys_clk_pin
  Path Type:              Setup (Max at Slow Process Corner)
  Requirement:            10.000ns  (sys_clk_pin rise@10.000ns - sys_clk_pin rise@0.000ns)
  Data Path Delay:        5.031ns  (logic 1.205ns (23.951%)  route 3.826ns (76.049%))
  Logic Levels:           4  (LUT4=2 LUT5=2)
  Clock Path Skew:        -0.063ns (DCD - SCD + CPR)
    Destination Clock Delay (DCD):    4.918ns = ( 14.918 - 10.000 ) 
    Source Clock Delay      (SCD):    5.371ns
    Clock Pessimism Removal (CPR):    0.391ns
  Clock Uncertainty:      0.035ns  ((TSJ^2 + TIJ^2)^1/2 + DJ) / 2 + PE
    Total System Jitter     (TSJ):    0.071ns
    Total Input Jitter      (TIJ):    0.000ns
    Discrete Jitter          (DJ):    0.000ns
    Phase Error              (PE):    0.000ns

    Location             Delay type                Incr(ns)  Path(ns)    Netlist Resource(s)
  -------------------------------------------------------------------    -------------------
                         (clock sys_clk_pin rise edge)
                                                      0.000     0.000 r  
    H16                                               0.000     0.000 r  clk (IN)
                         net (fo=0)                   0.000     0.000    clk
    H16                  IBUF (Prop_ibuf_I_O)         1.457     1.457 r  clk_IBUF_inst/O
                         net (fo=1, routed)           2.076     3.533    clk_IBUF
    BUFGCTRL_X0Y16       BUFG (Prop_bufg_I_O)         0.101     3.634 r  clk_IBUF_BUFG_inst/O
                         net (fo=63, routed)          1.737     5.371    DRV/CU/clk_IBUF_BUFG
    SLICE_X41Y61         FDCE                                         r  DRV/CU/r_count_reg[22]/C
  -------------------------------------------------------------------    -------------------
    SLICE_X41Y61         FDCE (Prop_fdce_C_Q)         0.456     5.827 r  DRV/CU/r_count_reg[22]/Q
                         net (fo=2, routed)           0.969     6.797    DRV/CU/r_count_reg[22]
    SLICE_X40Y58         LUT4 (Prop_lut4_I1_O)        0.124     6.921 f  DRV/CU/FIFO_i_10/O
                         net (fo=2, routed)           0.583     7.503    DRV/CU/FIFO_i_10_n_0
    SLICE_X40Y57         LUT5 (Prop_lut5_I3_O)        0.124     7.627 r  DRV/CU/FIFO_i_7/O
                         net (fo=19, routed)          0.658     8.286    DRV/CU/FIFO_i_7_n_0
    SLICE_X40Y59         LUT5 (Prop_lut5_I2_O)        0.150     8.436 r  DRV/CU/FIFO_i_4/O
                         net (fo=14, routed)          1.061     9.496    FIFO/U0/inst_fifo_gen/gconvfifo.rf/grf.rf/gntv_or_sync_fifo.gl1.lsshft/wsts/rd_en
    SLICE_X39Y60         LUT4 (Prop_lut4_I2_O)        0.351     9.847 r  FIFO/U0/inst_fifo_gen/gconvfifo.rf/grf.rf/gntv_or_sync_fifo.gl1.lsshft/wsts/count[3]_i_1/O
                         net (fo=12, routed)          0.555    10.402    FIFO/U0/inst_fifo_gen/gconvfifo.rf/grf.rf/gntv_or_sync_fifo.gl1.lsshft/c0/E[0]
    SLICE_X38Y59         FDCE                                         r  FIFO/U0/inst_fifo_gen/gconvfifo.rf/grf.rf/gntv_or_sync_fifo.gl1.lsshft/c0/count_reg[3]/CE
  -------------------------------------------------------------------    -------------------

                         (clock sys_clk_pin rise edge)
                                                     10.000    10.000 r  
    H16                                               0.000    10.000 r  clk (IN)
                         net (fo=0)                   0.000    10.000    clk
    H16                  IBUF (Prop_ibuf_I_O)         1.387    11.387 r  clk_IBUF_inst/O
                         net (fo=1, routed)           1.880    13.267    clk_IBUF
    BUFGCTRL_X0Y16       BUFG (Prop_bufg_I_O)         0.091    13.358 r  clk_IBUF_BUFG_inst/O
                         net (fo=63, routed)          1.560    14.918    FIFO/U0/inst_fifo_gen/gconvfifo.rf/grf.rf/gntv_or_sync_fifo.gl1.lsshft/c0/clk
    SLICE_X38Y59         FDCE                                         r  FIFO/U0/inst_fifo_gen/gconvfifo.rf/grf.rf/gntv_or_sync_fifo.gl1.lsshft/c0/count_reg[3]/C
                         clock pessimism              0.391    15.308    
                         clock uncertainty           -0.035    15.273    
    SLICE_X38Y59         FDCE (Setup_fdce_C_CE)      -0.377    14.896    FIFO/U0/inst_fifo_gen/gconvfifo.rf/grf.rf/gntv_or_sync_fifo.gl1.lsshft/c0/count_reg[3]
  -------------------------------------------------------------------
                         required time                         14.896    
                         arrival time                         -10.402    
  -------------------------------------------------------------------
                         slack                                  4.494    

Slack (MET) :             4.529ns  (required time - arrival time)
  Source:                 DRV/CU/r_count_reg[22]/C
                            (rising edge-triggered cell FDCE clocked by sys_clk_pin  {rise@0.000ns fall@5.000ns period=10.000ns})
  Destination:            FIFO/U0/inst_fifo_gen/gconvfifo.rf/grf.rf/gntv_or_sync_fifo.gl1.lsshft/c1/count_reg[0]/CE
                            (rising edge-triggered cell FDPE clocked by sys_clk_pin  {rise@0.000ns fall@5.000ns period=10.000ns})
  Path Group:             sys_clk_pin
  Path Type:              Setup (Max at Slow Process Corner)
  Requirement:            10.000ns  (sys_clk_pin rise@10.000ns - sys_clk_pin rise@0.000ns)
  Data Path Delay:        4.995ns  (logic 1.205ns (24.125%)  route 3.790ns (75.875%))
  Logic Levels:           4  (LUT4=2 LUT5=2)
  Clock Path Skew:        -0.064ns (DCD - SCD + CPR)
    Destination Clock Delay (DCD):    4.917ns = ( 14.917 - 10.000 ) 
    Source Clock Delay      (SCD):    5.371ns
    Clock Pessimism Removal (CPR):    0.391ns
  Clock Uncertainty:      0.035ns  ((TSJ^2 + TIJ^2)^1/2 + DJ) / 2 + PE
    Total System Jitter     (TSJ):    0.071ns
    Total Input Jitter      (TIJ):    0.000ns
    Discrete Jitter          (DJ):    0.000ns
    Phase Error              (PE):    0.000ns

    Location             Delay type                Incr(ns)  Path(ns)    Netlist Resource(s)
  -------------------------------------------------------------------    -------------------
                         (clock sys_clk_pin rise edge)
                                                      0.000     0.000 r  
    H16                                               0.000     0.000 r  clk (IN)
                         net (fo=0)                   0.000     0.000    clk
    H16                  IBUF (Prop_ibuf_I_O)         1.457     1.457 r  clk_IBUF_inst/O
                         net (fo=1, routed)           2.076     3.533    clk_IBUF
    BUFGCTRL_X0Y16       BUFG (Prop_bufg_I_O)         0.101     3.634 r  clk_IBUF_BUFG_inst/O
                         net (fo=63, routed)          1.737     5.371    DRV/CU/clk_IBUF_BUFG
    SLICE_X41Y61         FDCE                                         r  DRV/CU/r_count_reg[22]/C
  -------------------------------------------------------------------    -------------------
    SLICE_X41Y61         FDCE (Prop_fdce_C_Q)         0.456     5.827 r  DRV/CU/r_count_reg[22]/Q
                         net (fo=2, routed)           0.969     6.797    DRV/CU/r_count_reg[22]
    SLICE_X40Y58         LUT4 (Prop_lut4_I1_O)        0.124     6.921 f  DRV/CU/FIFO_i_10/O
                         net (fo=2, routed)           0.583     7.503    DRV/CU/FIFO_i_10_n_0
    SLICE_X40Y57         LUT5 (Prop_lut5_I3_O)        0.124     7.627 r  DRV/CU/FIFO_i_7/O
                         net (fo=19, routed)          0.658     8.286    DRV/CU/FIFO_i_7_n_0
    SLICE_X40Y59         LUT5 (Prop_lut5_I2_O)        0.150     8.436 r  DRV/CU/FIFO_i_4/O
                         net (fo=14, routed)          1.061     9.496    FIFO/U0/inst_fifo_gen/gconvfifo.rf/grf.rf/gntv_or_sync_fifo.gl1.lsshft/wsts/rd_en
    SLICE_X39Y60         LUT4 (Prop_lut4_I2_O)        0.351     9.847 r  FIFO/U0/inst_fifo_gen/gconvfifo.rf/grf.rf/gntv_or_sync_fifo.gl1.lsshft/wsts/count[3]_i_1/O
                         net (fo=12, routed)          0.518    10.366    FIFO/U0/inst_fifo_gen/gconvfifo.rf/grf.rf/gntv_or_sync_fifo.gl1.lsshft/c1/E[0]
    SLICE_X38Y61         FDPE                                         r  FIFO/U0/inst_fifo_gen/gconvfifo.rf/grf.rf/gntv_or_sync_fifo.gl1.lsshft/c1/count_reg[0]/CE
  -------------------------------------------------------------------    -------------------

                         (clock sys_clk_pin rise edge)
                                                     10.000    10.000 r  
    H16                                               0.000    10.000 r  clk (IN)
                         net (fo=0)                   0.000    10.000    clk
    H16                  IBUF (Prop_ibuf_I_O)         1.387    11.387 r  clk_IBUF_inst/O
                         net (fo=1, routed)           1.880    13.267    clk_IBUF
    BUFGCTRL_X0Y16       BUFG (Prop_bufg_I_O)         0.091    13.358 r  clk_IBUF_BUFG_inst/O
                         net (fo=63, routed)          1.559    14.917    FIFO/U0/inst_fifo_gen/gconvfifo.rf/grf.rf/gntv_or_sync_fifo.gl1.lsshft/c1/clk
    SLICE_X38Y61         FDPE                                         r  FIFO/U0/inst_fifo_gen/gconvfifo.rf/grf.rf/gntv_or_sync_fifo.gl1.lsshft/c1/count_reg[0]/C
                         clock pessimism              0.391    15.307    
                         clock uncertainty           -0.035    15.272    
    SLICE_X38Y61         FDPE (Setup_fdpe_C_CE)      -0.377    14.895    FIFO/U0/inst_fifo_gen/gconvfifo.rf/grf.rf/gntv_or_sync_fifo.gl1.lsshft/c1/count_reg[0]
  -------------------------------------------------------------------
                         required time                         14.895    
                         arrival time                         -10.366    
  -------------------------------------------------------------------
                         slack                                  4.529    

Slack (MET) :             4.529ns  (required time - arrival time)
  Source:                 DRV/CU/r_count_reg[22]/C
                            (rising edge-triggered cell FDCE clocked by sys_clk_pin  {rise@0.000ns fall@5.000ns period=10.000ns})
  Destination:            FIFO/U0/inst_fifo_gen/gconvfifo.rf/grf.rf/gntv_or_sync_fifo.gl1.lsshft/c1/count_reg[1]/CE
                            (rising edge-triggered cell FDCE clocked by sys_clk_pin  {rise@0.000ns fall@5.000ns period=10.000ns})
  Path Group:             sys_clk_pin
  Path Type:              Setup (Max at Slow Process Corner)
  Requirement:            10.000ns  (sys_clk_pin rise@10.000ns - sys_clk_pin rise@0.000ns)
  Data Path Delay:        4.995ns  (logic 1.205ns (24.125%)  route 3.790ns (75.875%))
  Logic Levels:           4  (LUT4=2 LUT5=2)
  Clock Path Skew:        -0.064ns (DCD - SCD + CPR)
    Destination Clock Delay (DCD):    4.917ns = ( 14.917 - 10.000 ) 
    Source Clock Delay      (SCD):    5.371ns
    Clock Pessimism Removal (CPR):    0.391ns
  Clock Uncertainty:      0.035ns  ((TSJ^2 + TIJ^2)^1/2 + DJ) / 2 + PE
    Total System Jitter     (TSJ):    0.071ns
    Total Input Jitter      (TIJ):    0.000ns
    Discrete Jitter          (DJ):    0.000ns
    Phase Error              (PE):    0.000ns

    Location             Delay type                Incr(ns)  Path(ns)    Netlist Resource(s)
  -------------------------------------------------------------------    -------------------
                         (clock sys_clk_pin rise edge)
                                                      0.000     0.000 r  
    H16                                               0.000     0.000 r  clk (IN)
                         net (fo=0)                   0.000     0.000    clk
    H16                  IBUF (Prop_ibuf_I_O)         1.457     1.457 r  clk_IBUF_inst/O
                         net (fo=1, routed)           2.076     3.533    clk_IBUF
    BUFGCTRL_X0Y16       BUFG (Prop_bufg_I_O)         0.101     3.634 r  clk_IBUF_BUFG_inst/O
                         net (fo=63, routed)          1.737     5.371    DRV/CU/clk_IBUF_BUFG
    SLICE_X41Y61         FDCE                                         r  DRV/CU/r_count_reg[22]/C
  -------------------------------------------------------------------    -------------------
    SLICE_X41Y61         FDCE (Prop_fdce_C_Q)         0.456     5.827 r  DRV/CU/r_count_reg[22]/Q
                         net (fo=2, routed)           0.969     6.797    DRV/CU/r_count_reg[22]
    SLICE_X40Y58         LUT4 (Prop_lut4_I1_O)        0.124     6.921 f  DRV/CU/FIFO_i_10/O
                         net (fo=2, routed)           0.583     7.503    DRV/CU/FIFO_i_10_n_0
    SLICE_X40Y57         LUT5 (Prop_lut5_I3_O)        0.124     7.627 r  DRV/CU/FIFO_i_7/O
                         net (fo=19, routed)          0.658     8.286    DRV/CU/FIFO_i_7_n_0
    SLICE_X40Y59         LUT5 (Prop_lut5_I2_O)        0.150     8.436 r  DRV/CU/FIFO_i_4/O
                         net (fo=14, routed)          1.061     9.496    FIFO/U0/inst_fifo_gen/gconvfifo.rf/grf.rf/gntv_or_sync_fifo.gl1.lsshft/wsts/rd_en
    SLICE_X39Y60         LUT4 (Prop_lut4_I2_O)        0.351     9.847 r  FIFO/U0/inst_fifo_gen/gconvfifo.rf/grf.rf/gntv_or_sync_fifo.gl1.lsshft/wsts/count[3]_i_1/O
                         net (fo=12, routed)          0.518    10.366    FIFO/U0/inst_fifo_gen/gconvfifo.rf/grf.rf/gntv_or_sync_fifo.gl1.lsshft/c1/E[0]
    SLICE_X38Y61         FDCE                                         r  FIFO/U0/inst_fifo_gen/gconvfifo.rf/grf.rf/gntv_or_sync_fifo.gl1.lsshft/c1/count_reg[1]/CE
  -------------------------------------------------------------------    -------------------

                         (clock sys_clk_pin rise edge)
                                                     10.000    10.000 r  
    H16                                               0.000    10.000 r  clk (IN)
                         net (fo=0)                   0.000    10.000    clk
    H16                  IBUF (Prop_ibuf_I_O)         1.387    11.387 r  clk_IBUF_inst/O
                         net (fo=1, routed)           1.880    13.267    clk_IBUF
    BUFGCTRL_X0Y16       BUFG (Prop_bufg_I_O)         0.091    13.358 r  clk_IBUF_BUFG_inst/O
                         net (fo=63, routed)          1.559    14.917    FIFO/U0/inst_fifo_gen/gconvfifo.rf/grf.rf/gntv_or_sync_fifo.gl1.lsshft/c1/clk
    SLICE_X38Y61         FDCE                                         r  FIFO/U0/inst_fifo_gen/gconvfifo.rf/grf.rf/gntv_or_sync_fifo.gl1.lsshft/c1/count_reg[1]/C
                         clock pessimism              0.391    15.307    
                         clock uncertainty           -0.035    15.272    
    SLICE_X38Y61         FDCE (Setup_fdce_C_CE)      -0.377    14.895    FIFO/U0/inst_fifo_gen/gconvfifo.rf/grf.rf/gntv_or_sync_fifo.gl1.lsshft/c1/count_reg[1]
  -------------------------------------------------------------------
                         required time                         14.895    
                         arrival time                         -10.366    
  -------------------------------------------------------------------
                         slack                                  4.529    





Min Delay Paths
--------------------------------------------------------------------------------------
Slack (MET) :             0.122ns  (arrival time - required time)
  Source:                 FIFO/U0/inst_fifo_gen/gconvfifo.rf/grf.rf/rstblk/grstd1.grst_full.grst_f.rst_d1_reg/C
                            (rising edge-triggered cell FDPE clocked by sys_clk_pin  {rise@0.000ns fall@5.000ns period=10.000ns})
  Destination:            FIFO/U0/inst_fifo_gen/gconvfifo.rf/grf.rf/rstblk/grstd1.grst_full.grst_f.rst_d2_reg/D
                            (rising edge-triggered cell FDPE clocked by sys_clk_pin  {rise@0.000ns fall@5.000ns period=10.000ns})
  Path Group:             sys_clk_pin
  Path Type:              Hold (Min at Fast Process Corner)
  Requirement:            0.000ns  (sys_clk_pin rise@0.000ns - sys_clk_pin rise@0.000ns)
  Data Path Delay:        0.197ns  (logic 0.141ns (71.611%)  route 0.056ns (28.389%))
  Logic Levels:           0  
  Clock Path Skew:        0.000ns (DCD - SCD - CPR)
    Destination Clock Delay (DCD):    1.980ns
    Source Clock Delay      (SCD):    1.463ns
    Clock Pessimism Removal (CPR):    0.517ns

    Location             Delay type                Incr(ns)  Path(ns)    Netlist Resource(s)
  -------------------------------------------------------------------    -------------------
                         (clock sys_clk_pin rise edge)
                                                      0.000     0.000 r  
    H16                                               0.000     0.000 r  clk (IN)
                         net (fo=0)                   0.000     0.000    clk
    H16                  IBUF (Prop_ibuf_I_O)         0.225     0.225 r  clk_IBUF_inst/O
                         net (fo=1, routed)           0.627     0.852    clk_IBUF
    BUFGCTRL_X0Y16       BUFG (Prop_bufg_I_O)         0.026     0.878 r  clk_IBUF_BUFG_inst/O
                         net (fo=63, routed)          0.585     1.463    FIFO/U0/inst_fifo_gen/gconvfifo.rf/grf.rf/rstblk/clk
    SLICE_X39Y58         FDPE                                         r  FIFO/U0/inst_fifo_gen/gconvfifo.rf/grf.rf/rstblk/grstd1.grst_full.grst_f.rst_d1_reg/C
  -------------------------------------------------------------------    -------------------
    SLICE_X39Y58         FDPE (Prop_fdpe_C_Q)         0.141     1.604 r  FIFO/U0/inst_fifo_gen/gconvfifo.rf/grf.rf/rstblk/grstd1.grst_full.grst_f.rst_d1_reg/Q
                         net (fo=1, routed)           0.056     1.660    FIFO/U0/inst_fifo_gen/gconvfifo.rf/grf.rf/rstblk/rst_d1
    SLICE_X39Y58         FDPE                                         r  FIFO/U0/inst_fifo_gen/gconvfifo.rf/grf.rf/rstblk/grstd1.grst_full.grst_f.rst_d2_reg/D
  -------------------------------------------------------------------    -------------------

                         (clock sys_clk_pin rise edge)
                                                      0.000     0.000 r  
    H16                                               0.000     0.000 r  clk (IN)
                         net (fo=0)                   0.000     0.000    clk
    H16                  IBUF (Prop_ibuf_I_O)         0.413     0.413 r  clk_IBUF_inst/O
                         net (fo=1, routed)           0.683     1.096    clk_IBUF
    BUFGCTRL_X0Y16       BUFG (Prop_bufg_I_O)         0.029     1.125 r  clk_IBUF_BUFG_inst/O
                         net (fo=63, routed)          0.855     1.980    FIFO/U0/inst_fifo_gen/gconvfifo.rf/grf.rf/rstblk/clk
    SLICE_X39Y58         FDPE                                         r  FIFO/U0/inst_fifo_gen/gconvfifo.rf/grf.rf/rstblk/grstd1.grst_full.grst_f.rst_d2_reg/C
                         clock pessimism             -0.517     1.463    
    SLICE_X39Y58         FDPE (Hold_fdpe_C_D)         0.075     1.538    FIFO/U0/inst_fifo_gen/gconvfifo.rf/grf.rf/rstblk/grstd1.grst_full.grst_f.rst_d2_reg
  -------------------------------------------------------------------
                         required time                         -1.538    
                         arrival time                           1.660    
  -------------------------------------------------------------------
                         slack                                  0.122    

Slack (MET) :             0.122ns  (arrival time - required time)
  Source:                 FIFO/U0/inst_fifo_gen/gconvfifo.rf/grf.rf/rstblk/ngwrdrst.grst.g7serrst.gnsckt_wrst.rst_wr_reg2_inst/arststages_ff_reg[0]/C
                            (rising edge-triggered cell FDPE clocked by sys_clk_pin  {rise@0.000ns fall@5.000ns period=10.000ns})
  Destination:            FIFO/U0/inst_fifo_gen/gconvfifo.rf/grf.rf/rstblk/ngwrdrst.grst.g7serrst.gnsckt_wrst.rst_wr_reg2_inst/arststages_ff_reg[1]/D
                            (rising edge-triggered cell FDPE clocked by sys_clk_pin  {rise@0.000ns fall@5.000ns period=10.000ns})
  Path Group:             sys_clk_pin
  Path Type:              Hold (Min at Fast Process Corner)
  Requirement:            0.000ns  (sys_clk_pin rise@0.000ns - sys_clk_pin rise@0.000ns)
  Data Path Delay:        0.197ns  (logic 0.141ns (71.611%)  route 0.056ns (28.389%))
  Logic Levels:           0  
  Clock Path Skew:        0.000ns (DCD - SCD - CPR)
    Destination Clock Delay (DCD):    1.980ns
    Source Clock Delay      (SCD):    1.463ns
    Clock Pessimism Removal (CPR):    0.517ns

    Location             Delay type                Incr(ns)  Path(ns)    Netlist Resource(s)
  -------------------------------------------------------------------    -------------------
                         (clock sys_clk_pin rise edge)
                                                      0.000     0.000 r  
    H16                                               0.000     0.000 r  clk (IN)
                         net (fo=0)                   0.000     0.000    clk
    H16                  IBUF (Prop_ibuf_I_O)         0.225     0.225 r  clk_IBUF_inst/O
                         net (fo=1, routed)           0.627     0.852    clk_IBUF
    BUFGCTRL_X0Y16       BUFG (Prop_bufg_I_O)         0.026     0.878 r  clk_IBUF_BUFG_inst/O
                         net (fo=63, routed)          0.585     1.463    FIFO/U0/inst_fifo_gen/gconvfifo.rf/grf.rf/rstblk/ngwrdrst.grst.g7serrst.gnsckt_wrst.rst_wr_reg2_inst/dest_clk
    SLICE_X37Y59         FDPE                                         r  FIFO/U0/inst_fifo_gen/gconvfifo.rf/grf.rf/rstblk/ngwrdrst.grst.g7serrst.gnsckt_wrst.rst_wr_reg2_inst/arststages_ff_reg[0]/C
  -------------------------------------------------------------------    -------------------
    SLICE_X37Y59         FDPE (Prop_fdpe_C_Q)         0.141     1.604 r  FIFO/U0/inst_fifo_gen/gconvfifo.rf/grf.rf/rstblk/ngwrdrst.grst.g7serrst.gnsckt_wrst.rst_wr_reg2_inst/arststages_ff_reg[0]/Q
                         net (fo=1, routed)           0.056     1.660    FIFO/U0/inst_fifo_gen/gconvfifo.rf/grf.rf/rstblk/ngwrdrst.grst.g7serrst.gnsckt_wrst.rst_wr_reg2_inst/arststages_ff[0]
    SLICE_X37Y59         FDPE                                         r  FIFO/U0/inst_fifo_gen/gconvfifo.rf/grf.rf/rstblk/ngwrdrst.grst.g7serrst.gnsckt_wrst.rst_wr_reg2_inst/arststages_ff_reg[1]/D
  -------------------------------------------------------------------    -------------------

                         (clock sys_clk_pin rise edge)
                                                      0.000     0.000 r  
    H16                                               0.000     0.000 r  clk (IN)
                         net (fo=0)                   0.000     0.000    clk
    H16                  IBUF (Prop_ibuf_I_O)         0.413     0.413 r  clk_IBUF_inst/O
                         net (fo=1, routed)           0.683     1.096    clk_IBUF
    BUFGCTRL_X0Y16       BUFG (Prop_bufg_I_O)         0.029     1.125 r  clk_IBUF_BUFG_inst/O
                         net (fo=63, routed)          0.855     1.980    FIFO/U0/inst_fifo_gen/gconvfifo.rf/grf.rf/rstblk/ngwrdrst.grst.g7serrst.gnsckt_wrst.rst_wr_reg2_inst/dest_clk
    SLICE_X37Y59         FDPE                                         r  FIFO/U0/inst_fifo_gen/gconvfifo.rf/grf.rf/rstblk/ngwrdrst.grst.g7serrst.gnsckt_wrst.rst_wr_reg2_inst/arststages_ff_reg[1]/C
                         clock pessimism             -0.517     1.463    
    SLICE_X37Y59         FDPE (Hold_fdpe_C_D)         0.075     1.538    FIFO/U0/inst_fifo_gen/gconvfifo.rf/grf.rf/rstblk/ngwrdrst.grst.g7serrst.gnsckt_wrst.rst_wr_reg2_inst/arststages_ff_reg[1]
  -------------------------------------------------------------------
                         required time                         -1.538    
                         arrival time                           1.660    
  -------------------------------------------------------------------
                         slack                                  0.122    

Slack (MET) :             0.198ns  (arrival time - required time)
  Source:                 FIFO/U0/inst_fifo_gen/gconvfifo.rf/grf.rf/gntv_or_sync_fifo.mem/gsm.sm/dout_i_reg[1]/C
                            (rising edge-triggered cell FDCE clocked by sys_clk_pin  {rise@0.000ns fall@5.000ns period=10.000ns})
  Destination:            DRV/r_color_reg[1]/D
                            (rising edge-triggered cell FDCE clocked by sys_clk_pin  {rise@0.000ns fall@5.000ns period=10.000ns})
  Path Group:             sys_clk_pin
  Path Type:              Hold (Min at Fast Process Corner)
  Requirement:            0.000ns  (sys_clk_pin rise@0.000ns - sys_clk_pin rise@0.000ns)
  Data Path Delay:        0.303ns  (logic 0.209ns (68.930%)  route 0.094ns (31.070%))
  Logic Levels:           1  (LUT3=1)
  Clock Path Skew:        0.013ns (DCD - SCD - CPR)
    Destination Clock Delay (DCD):    1.981ns
    Source Clock Delay      (SCD):    1.464ns
    Clock Pessimism Removal (CPR):    0.504ns

    Location             Delay type                Incr(ns)  Path(ns)    Netlist Resource(s)
  -------------------------------------------------------------------    -------------------
                         (clock sys_clk_pin rise edge)
                                                      0.000     0.000 r  
    H16                                               0.000     0.000 r  clk (IN)
                         net (fo=0)                   0.000     0.000    clk
    H16                  IBUF (Prop_ibuf_I_O)         0.225     0.225 r  clk_IBUF_inst/O
                         net (fo=1, routed)           0.627     0.852    clk_IBUF
    BUFGCTRL_X0Y16       BUFG (Prop_bufg_I_O)         0.026     0.878 r  clk_IBUF_BUFG_inst/O
                         net (fo=63, routed)          0.586     1.464    FIFO/U0/inst_fifo_gen/gconvfifo.rf/grf.rf/gntv_or_sync_fifo.mem/gsm.sm/clk
    SLICE_X42Y60         FDCE                                         r  FIFO/U0/inst_fifo_gen/gconvfifo.rf/grf.rf/gntv_or_sync_fifo.mem/gsm.sm/dout_i_reg[1]/C
  -------------------------------------------------------------------    -------------------
    SLICE_X42Y60         FDCE (Prop_fdce_C_Q)         0.164     1.628 r  FIFO/U0/inst_fifo_gen/gconvfifo.rf/grf.rf/gntv_or_sync_fifo.mem/gsm.sm/dout_i_reg[1]/Q
                         net (fo=2, routed)           0.094     1.722    DRV/dout[1]
    SLICE_X43Y60         LUT3 (Prop_lut3_I0_O)        0.045     1.767 r  DRV/r_color[1]_i_1/O
                         net (fo=1, routed)           0.000     1.767    DRV/r_color[1]_i_1_n_0
    SLICE_X43Y60         FDCE                                         r  DRV/r_color_reg[1]/D
  -------------------------------------------------------------------    -------------------

                         (clock sys_clk_pin rise edge)
                                                      0.000     0.000 r  
    H16                                               0.000     0.000 r  clk (IN)
                         net (fo=0)                   0.000     0.000    clk
    H16                  IBUF (Prop_ibuf_I_O)         0.413     0.413 r  clk_IBUF_inst/O
                         net (fo=1, routed)           0.683     1.096    clk_IBUF
    BUFGCTRL_X0Y16       BUFG (Prop_bufg_I_O)         0.029     1.125 r  clk_IBUF_BUFG_inst/O
                         net (fo=63, routed)          0.856     1.981    DRV/clk_IBUF_BUFG
    SLICE_X43Y60         FDCE                                         r  DRV/r_color_reg[1]/C
                         clock pessimism             -0.504     1.477    
    SLICE_X43Y60         FDCE (Hold_fdce_C_D)         0.092     1.569    DRV/r_color_reg[1]
  -------------------------------------------------------------------
                         required time                         -1.569    
                         arrival time                           1.767    
  -------------------------------------------------------------------
                         slack                                  0.198    

Slack (MET) :             0.204ns  (arrival time - required time)
  Source:                 FIFO/U0/inst_fifo_gen/gconvfifo.rf/grf.rf/rstblk/grstd1.grst_full.grst_f.rst_d2_reg/C
                            (rising edge-triggered cell FDPE clocked by sys_clk_pin  {rise@0.000ns fall@5.000ns period=10.000ns})
  Destination:            FIFO/U0/inst_fifo_gen/gconvfifo.rf/grf.rf/rstblk/grstd1.grst_full.grst_f.rst_d3_reg/D
                            (rising edge-triggered cell FDPE clocked by sys_clk_pin  {rise@0.000ns fall@5.000ns period=10.000ns})
  Path Group:             sys_clk_pin
  Path Type:              Hold (Min at Fast Process Corner)
  Requirement:            0.000ns  (sys_clk_pin rise@0.000ns - sys_clk_pin rise@0.000ns)
  Data Path Delay:        0.296ns  (logic 0.227ns (76.628%)  route 0.069ns (23.372%))
  Logic Levels:           1  (LUT4=1)
  Clock Path Skew:        0.000ns (DCD - SCD - CPR)
    Destination Clock Delay (DCD):    1.980ns
    Source Clock Delay      (SCD):    1.463ns
    Clock Pessimism Removal (CPR):    0.517ns

    Location             Delay type                Incr(ns)  Path(ns)    Netlist Resource(s)
  -------------------------------------------------------------------    -------------------
                         (clock sys_clk_pin rise edge)
                                                      0.000     0.000 r  
    H16                                               0.000     0.000 r  clk (IN)
                         net (fo=0)                   0.000     0.000    clk
    H16                  IBUF (Prop_ibuf_I_O)         0.225     0.225 r  clk_IBUF_inst/O
                         net (fo=1, routed)           0.627     0.852    clk_IBUF
    BUFGCTRL_X0Y16       BUFG (Prop_bufg_I_O)         0.026     0.878 r  clk_IBUF_BUFG_inst/O
                         net (fo=63, routed)          0.585     1.463    FIFO/U0/inst_fifo_gen/gconvfifo.rf/grf.rf/rstblk/clk
    SLICE_X39Y58         FDPE                                         r  FIFO/U0/inst_fifo_gen/gconvfifo.rf/grf.rf/rstblk/grstd1.grst_full.grst_f.rst_d2_reg/C
  -------------------------------------------------------------------    -------------------
    SLICE_X39Y58         FDPE (Prop_fdpe_C_Q)         0.128     1.591 r  FIFO/U0/inst_fifo_gen/gconvfifo.rf/grf.rf/rstblk/grstd1.grst_full.grst_f.rst_d2_reg/Q
                         net (fo=3, routed)           0.069     1.660    FIFO/U0/inst_fifo_gen/gconvfifo.rf/grf.rf/rstblk/rst_d2
    SLICE_X39Y58         LUT4 (Prop_lut4_I3_O)        0.099     1.759 r  FIFO/U0/inst_fifo_gen/gconvfifo.rf/grf.rf/rstblk/grstd1.grst_full.grst_f.rst_d3_i_1/O
                         net (fo=1, routed)           0.000     1.759    FIFO/U0/inst_fifo_gen/gconvfifo.rf/grf.rf/rstblk/rst_d30
    SLICE_X39Y58         FDPE                                         r  FIFO/U0/inst_fifo_gen/gconvfifo.rf/grf.rf/rstblk/grstd1.grst_full.grst_f.rst_d3_reg/D
  -------------------------------------------------------------------    -------------------

                         (clock sys_clk_pin rise edge)
                                                      0.000     0.000 r  
    H16                                               0.000     0.000 r  clk (IN)
                         net (fo=0)                   0.000     0.000    clk
    H16                  IBUF (Prop_ibuf_I_O)         0.413     0.413 r  clk_IBUF_inst/O
                         net (fo=1, routed)           0.683     1.096    clk_IBUF
    BUFGCTRL_X0Y16       BUFG (Prop_bufg_I_O)         0.029     1.125 r  clk_IBUF_BUFG_inst/O
                         net (fo=63, routed)          0.855     1.980    FIFO/U0/inst_fifo_gen/gconvfifo.rf/grf.rf/rstblk/clk
    SLICE_X39Y58         FDPE                                         r  FIFO/U0/inst_fifo_gen/gconvfifo.rf/grf.rf/rstblk/grstd1.grst_full.grst_f.rst_d3_reg/C
                         clock pessimism             -0.517     1.463    
    SLICE_X39Y58         FDPE (Hold_fdpe_C_D)         0.092     1.555    FIFO/U0/inst_fifo_gen/gconvfifo.rf/grf.rf/rstblk/grstd1.grst_full.grst_f.rst_d3_reg
  -------------------------------------------------------------------
                         required time                         -1.555    
                         arrival time                           1.759    
  -------------------------------------------------------------------
                         slack                                  0.204    

Slack (MET) :             0.212ns  (arrival time - required time)
  Source:                 FIFO/U0/inst_fifo_gen/gconvfifo.rf/grf.rf/gntv_or_sync_fifo.gl1.lsshft/c1/count_reg[2]/C
                            (rising edge-triggered cell FDCE clocked by sys_clk_pin  {rise@0.000ns fall@5.000ns period=10.000ns})
  Destination:            FIFO/U0/inst_fifo_gen/gconvfifo.rf/grf.rf/gntv_or_sync_fifo.gl1.lsshft/c1/count_reg[3]/D
                            (rising edge-triggered cell FDCE clocked by sys_clk_pin  {rise@0.000ns fall@5.000ns period=10.000ns})
  Path Group:             sys_clk_pin
  Path Type:              Hold (Min at Fast Process Corner)
  Requirement:            0.000ns  (sys_clk_pin rise@0.000ns - sys_clk_pin rise@0.000ns)
  Data Path Delay:        0.333ns  (logic 0.246ns (73.853%)  route 0.087ns (26.147%))
  Logic Levels:           1  (LUT6=1)
  Clock Path Skew:        0.000ns (DCD - SCD - CPR)
    Destination Clock Delay (DCD):    1.979ns
    Source Clock Delay      (SCD):    1.462ns
    Clock Pessimism Removal (CPR):    0.517ns

    Location             Delay type                Incr(ns)  Path(ns)    Netlist Resource(s)
  -------------------------------------------------------------------    -------------------
                         (clock sys_clk_pin rise edge)
                                                      0.000     0.000 r  
    H16                                               0.000     0.000 r  clk (IN)
                         net (fo=0)                   0.000     0.000    clk
    H16                  IBUF (Prop_ibuf_I_O)         0.225     0.225 r  clk_IBUF_inst/O
                         net (fo=1, routed)           0.627     0.852    clk_IBUF
    BUFGCTRL_X0Y16       BUFG (Prop_bufg_I_O)         0.026     0.878 r  clk_IBUF_BUFG_inst/O
                         net (fo=63, routed)          0.584     1.462    FIFO/U0/inst_fifo_gen/gconvfifo.rf/grf.rf/gntv_or_sync_fifo.gl1.lsshft/c1/clk
    SLICE_X38Y61         FDCE                                         r  FIFO/U0/inst_fifo_gen/gconvfifo.rf/grf.rf/gntv_or_sync_fifo.gl1.lsshft/c1/count_reg[2]/C
  -------------------------------------------------------------------    -------------------
    SLICE_X38Y61         FDCE (Prop_fdce_C_Q)         0.148     1.610 r  FIFO/U0/inst_fifo_gen/gconvfifo.rf/grf.rf/gntv_or_sync_fifo.gl1.lsshft/c1/count_reg[2]/Q
                         net (fo=3, routed)           0.087     1.697    FIFO/U0/inst_fifo_gen/gconvfifo.rf/grf.rf/gntv_or_sync_fifo.gl1.lsshft/c1/pntr_plus1[2]
    SLICE_X38Y61         LUT6 (Prop_lut6_I5_O)        0.098     1.795 r  FIFO/U0/inst_fifo_gen/gconvfifo.rf/grf.rf/gntv_or_sync_fifo.gl1.lsshft/c1/count[3]_i_1__0/O
                         net (fo=1, routed)           0.000     1.795    FIFO/U0/inst_fifo_gen/gconvfifo.rf/grf.rf/gntv_or_sync_fifo.gl1.lsshft/c1/count[3]_i_1__0_n_0
    SLICE_X38Y61         FDCE                                         r  FIFO/U0/inst_fifo_gen/gconvfifo.rf/grf.rf/gntv_or_sync_fifo.gl1.lsshft/c1/count_reg[3]/D
  -------------------------------------------------------------------    -------------------

                         (clock sys_clk_pin rise edge)
                                                      0.000     0.000 r  
    H16                                               0.000     0.000 r  clk (IN)
                         net (fo=0)                   0.000     0.000    clk
    H16                  IBUF (Prop_ibuf_I_O)         0.413     0.413 r  clk_IBUF_inst/O
                         net (fo=1, routed)           0.683     1.096    clk_IBUF
    BUFGCTRL_X0Y16       BUFG (Prop_bufg_I_O)         0.029     1.125 r  clk_IBUF_BUFG_inst/O
                         net (fo=63, routed)          0.854     1.979    FIFO/U0/inst_fifo_gen/gconvfifo.rf/grf.rf/gntv_or_sync_fifo.gl1.lsshft/c1/clk
    SLICE_X38Y61         FDCE                                         r  FIFO/U0/inst_fifo_gen/gconvfifo.rf/grf.rf/gntv_or_sync_fifo.gl1.lsshft/c1/count_reg[3]/C
                         clock pessimism             -0.517     1.462    
    SLICE_X38Y61         FDCE (Hold_fdce_C_D)         0.121     1.583    FIFO/U0/inst_fifo_gen/gconvfifo.rf/grf.rf/gntv_or_sync_fifo.gl1.lsshft/c1/count_reg[3]
  -------------------------------------------------------------------
                         required time                         -1.583    
                         arrival time                           1.795    
  -------------------------------------------------------------------
                         slack                                  0.212    

Slack (MET) :             0.219ns  (arrival time - required time)
  Source:                 FIFO/U0/inst_fifo_gen/gconvfifo.rf/grf.rf/gntv_or_sync_fifo.gl1.lsshft/c0/count_reg[1]/C
                            (rising edge-triggered cell FDCE clocked by sys_clk_pin  {rise@0.000ns fall@5.000ns period=10.000ns})
  Destination:            FIFO/U0/inst_fifo_gen/gconvfifo.rf/grf.rf/gntv_or_sync_fifo.gl1.lsshft/c0/count_reg[3]/D
                            (rising edge-triggered cell FDCE clocked by sys_clk_pin  {rise@0.000ns fall@5.000ns period=10.000ns})
  Path Group:             sys_clk_pin
  Path Type:              Hold (Min at Fast Process Corner)
  Requirement:            0.000ns  (sys_clk_pin rise@0.000ns - sys_clk_pin rise@0.000ns)
  Data Path Delay:        0.356ns  (logic 0.186ns (52.196%)  route 0.170ns (47.804%))
  Logic Levels:           1  (LUT6=1)
  Clock Path Skew:        0.017ns (DCD - SCD - CPR)
    Destination Clock Delay (DCD):    1.980ns
    Source Clock Delay      (SCD):    1.462ns
    Clock Pessimism Removal (CPR):    0.501ns

    Location             Delay type                Incr(ns)  Path(ns)    Netlist Resource(s)
  -------------------------------------------------------------------    -------------------
                         (clock sys_clk_pin rise edge)
                                                      0.000     0.000 r  
    H16                                               0.000     0.000 r  clk (IN)
                         net (fo=0)                   0.000     0.000    clk
    H16                  IBUF (Prop_ibuf_I_O)         0.225     0.225 r  clk_IBUF_inst/O
                         net (fo=1, routed)           0.627     0.852    clk_IBUF
    BUFGCTRL_X0Y16       BUFG (Prop_bufg_I_O)         0.026     0.878 r  clk_IBUF_BUFG_inst/O
                         net (fo=63, routed)          0.584     1.462    FIFO/U0/inst_fifo_gen/gconvfifo.rf/grf.rf/gntv_or_sync_fifo.gl1.lsshft/c0/clk
    SLICE_X39Y60         FDCE                                         r  FIFO/U0/inst_fifo_gen/gconvfifo.rf/grf.rf/gntv_or_sync_fifo.gl1.lsshft/c0/count_reg[1]/C
  -------------------------------------------------------------------    -------------------
    SLICE_X39Y60         FDCE (Prop_fdce_C_Q)         0.141     1.603 r  FIFO/U0/inst_fifo_gen/gconvfifo.rf/grf.rf/gntv_or_sync_fifo.gl1.lsshft/c0/count_reg[1]/Q
                         net (fo=6, routed)           0.170     1.773    FIFO/U0/inst_fifo_gen/gconvfifo.rf/grf.rf/gntv_or_sync_fifo.gl1.lsshft/c0/pntr[1]
    SLICE_X38Y59         LUT6 (Prop_lut6_I1_O)        0.045     1.818 r  FIFO/U0/inst_fifo_gen/gconvfifo.rf/grf.rf/gntv_or_sync_fifo.gl1.lsshft/c0/count[3]_i_1__1/O
                         net (fo=1, routed)           0.000     1.818    FIFO/U0/inst_fifo_gen/gconvfifo.rf/grf.rf/gntv_or_sync_fifo.gl1.lsshft/c0/count[3]_i_1__1_n_0
    SLICE_X38Y59         FDCE                                         r  FIFO/U0/inst_fifo_gen/gconvfifo.rf/grf.rf/gntv_or_sync_fifo.gl1.lsshft/c0/count_reg[3]/D
  -------------------------------------------------------------------    -------------------

                         (clock sys_clk_pin rise edge)
                                                      0.000     0.000 r  
    H16                                               0.000     0.000 r  clk (IN)
                         net (fo=0)                   0.000     0.000    clk
    H16                  IBUF (Prop_ibuf_I_O)         0.413     0.413 r  clk_IBUF_inst/O
                         net (fo=1, routed)           0.683     1.096    clk_IBUF
    BUFGCTRL_X0Y16       BUFG (Prop_bufg_I_O)         0.029     1.125 r  clk_IBUF_BUFG_inst/O
                         net (fo=63, routed)          0.855     1.980    FIFO/U0/inst_fifo_gen/gconvfifo.rf/grf.rf/gntv_or_sync_fifo.gl1.lsshft/c0/clk
    SLICE_X38Y59         FDCE                                         r  FIFO/U0/inst_fifo_gen/gconvfifo.rf/grf.rf/gntv_or_sync_fifo.gl1.lsshft/c0/count_reg[3]/C
                         clock pessimism             -0.501     1.479    
    SLICE_X38Y59         FDCE (Hold_fdce_C_D)         0.120     1.599    FIFO/U0/inst_fifo_gen/gconvfifo.rf/grf.rf/gntv_or_sync_fifo.gl1.lsshft/c0/count_reg[3]
  -------------------------------------------------------------------
                         required time                         -1.599    
                         arrival time                           1.818    
  -------------------------------------------------------------------
                         slack                                  0.219    

Slack (MET) :             0.220ns  (arrival time - required time)
  Source:                 FIFO/U0/inst_fifo_gen/gconvfifo.rf/grf.rf/gntv_or_sync_fifo.gl1.lsshft/c0/count_reg[3]/C
                            (rising edge-triggered cell FDCE clocked by sys_clk_pin  {rise@0.000ns fall@5.000ns period=10.000ns})
  Destination:            FIFO/U0/inst_fifo_gen/gconvfifo.rf/grf.rf/gntv_or_sync_fifo.gl1.lsshft/rsts/ram_empty_fb_i_reg/D
                            (rising edge-triggered cell FDPE clocked by sys_clk_pin  {rise@0.000ns fall@5.000ns period=10.000ns})
  Path Group:             sys_clk_pin
  Path Type:              Hold (Min at Fast Process Corner)
  Requirement:            0.000ns  (sys_clk_pin rise@0.000ns - sys_clk_pin rise@0.000ns)
  Data Path Delay:        0.324ns  (logic 0.209ns (64.423%)  route 0.115ns (35.576%))
  Logic Levels:           1  (LUT6=1)
  Clock Path Skew:        0.013ns (DCD - SCD - CPR)
    Destination Clock Delay (DCD):    1.980ns
    Source Clock Delay      (SCD):    1.463ns
    Clock Pessimism Removal (CPR):    0.504ns

    Location             Delay type                Incr(ns)  Path(ns)    Netlist Resource(s)
  -------------------------------------------------------------------    -------------------
                         (clock sys_clk_pin rise edge)
                                                      0.000     0.000 r  
    H16                                               0.000     0.000 r  clk (IN)
                         net (fo=0)                   0.000     0.000    clk
    H16                  IBUF (Prop_ibuf_I_O)         0.225     0.225 r  clk_IBUF_inst/O
                         net (fo=1, routed)           0.627     0.852    clk_IBUF
    BUFGCTRL_X0Y16       BUFG (Prop_bufg_I_O)         0.026     0.878 r  clk_IBUF_BUFG_inst/O
                         net (fo=63, routed)          0.585     1.463    FIFO/U0/inst_fifo_gen/gconvfifo.rf/grf.rf/gntv_or_sync_fifo.gl1.lsshft/c0/clk
    SLICE_X38Y59         FDCE                                         r  FIFO/U0/inst_fifo_gen/gconvfifo.rf/grf.rf/gntv_or_sync_fifo.gl1.lsshft/c0/count_reg[3]/C
  -------------------------------------------------------------------    -------------------
    SLICE_X38Y59         FDCE (Prop_fdce_C_Q)         0.164     1.627 r  FIFO/U0/inst_fifo_gen/gconvfifo.rf/grf.rf/gntv_or_sync_fifo.gl1.lsshft/c0/count_reg[3]/Q
                         net (fo=4, routed)           0.115     1.742    FIFO/U0/inst_fifo_gen/gconvfifo.rf/grf.rf/gntv_or_sync_fifo.gl1.lsshft/c0/pntr[3]
    SLICE_X39Y59         LUT6 (Prop_lut6_I2_O)        0.045     1.787 r  FIFO/U0/inst_fifo_gen/gconvfifo.rf/grf.rf/gntv_or_sync_fifo.gl1.lsshft/c0/ram_empty_fb_i_i_1/O
                         net (fo=2, routed)           0.000     1.787    FIFO/U0/inst_fifo_gen/gconvfifo.rf/grf.rf/gntv_or_sync_fifo.gl1.lsshft/rsts/ram_empty_comb
    SLICE_X39Y59         FDPE                                         r  FIFO/U0/inst_fifo_gen/gconvfifo.rf/grf.rf/gntv_or_sync_fifo.gl1.lsshft/rsts/ram_empty_fb_i_reg/D
  -------------------------------------------------------------------    -------------------

                         (clock sys_clk_pin rise edge)
                                                      0.000     0.000 r  
    H16                                               0.000     0.000 r  clk (IN)
                         net (fo=0)                   0.000     0.000    clk
    H16                  IBUF (Prop_ibuf_I_O)         0.413     0.413 r  clk_IBUF_inst/O
                         net (fo=1, routed)           0.683     1.096    clk_IBUF
    BUFGCTRL_X0Y16       BUFG (Prop_bufg_I_O)         0.029     1.125 r  clk_IBUF_BUFG_inst/O
                         net (fo=63, routed)          0.855     1.980    FIFO/U0/inst_fifo_gen/gconvfifo.rf/grf.rf/gntv_or_sync_fifo.gl1.lsshft/rsts/clk
    SLICE_X39Y59         FDPE                                         r  FIFO/U0/inst_fifo_gen/gconvfifo.rf/grf.rf/gntv_or_sync_fifo.gl1.lsshft/rsts/ram_empty_fb_i_reg/C
                         clock pessimism             -0.504     1.476    
    SLICE_X39Y59         FDPE (Hold_fdpe_C_D)         0.091     1.567    FIFO/U0/inst_fifo_gen/gconvfifo.rf/grf.rf/gntv_or_sync_fifo.gl1.lsshft/rsts/ram_empty_fb_i_reg
  -------------------------------------------------------------------
                         required time                         -1.567    
                         arrival time                           1.787    
  -------------------------------------------------------------------
                         slack                                  0.220    

Slack (MET) :             0.236ns  (arrival time - required time)
  Source:                 FIFO/U0/inst_fifo_gen/gconvfifo.rf/grf.rf/gntv_or_sync_fifo.gl1.lsshft/crd/count_reg[0]/C
                            (rising edge-triggered cell FDPE clocked by sys_clk_pin  {rise@0.000ns fall@5.000ns period=10.000ns})
  Destination:            FIFO/U0/inst_fifo_gen/gconvfifo.rf/grf.rf/gntv_or_sync_fifo.gl1.lsshft/crd/count_reg[2]/D
                            (rising edge-triggered cell FDPE clocked by sys_clk_pin  {rise@0.000ns fall@5.000ns period=10.000ns})
  Path Group:             sys_clk_pin
  Path Type:              Hold (Min at Fast Process Corner)
  Requirement:            0.000ns  (sys_clk_pin rise@0.000ns - sys_clk_pin rise@0.000ns)
  Data Path Delay:        0.377ns  (logic 0.190ns (50.407%)  route 0.187ns (49.593%))
  Logic Levels:           1  (LUT5=1)
  Clock Path Skew:        0.034ns (DCD - SCD - CPR)
    Destination Clock Delay (DCD):    1.979ns
    Source Clock Delay      (SCD):    1.464ns
    Clock Pessimism Removal (CPR):    0.481ns

    Location             Delay type                Incr(ns)  Path(ns)    Netlist Resource(s)
  -------------------------------------------------------------------    -------------------
                         (clock sys_clk_pin rise edge)
                                                      0.000     0.000 r  
    H16                                               0.000     0.000 r  clk (IN)
                         net (fo=0)                   0.000     0.000    clk
    H16                  IBUF (Prop_ibuf_I_O)         0.225     0.225 r  clk_IBUF_inst/O
                         net (fo=1, routed)           0.627     0.852    clk_IBUF
    BUFGCTRL_X0Y16       BUFG (Prop_bufg_I_O)         0.026     0.878 r  clk_IBUF_BUFG_inst/O
                         net (fo=63, routed)          0.586     1.464    FIFO/U0/inst_fifo_gen/gconvfifo.rf/grf.rf/gntv_or_sync_fifo.gl1.lsshft/crd/clk
    SLICE_X40Y60         FDPE                                         r  FIFO/U0/inst_fifo_gen/gconvfifo.rf/grf.rf/gntv_or_sync_fifo.gl1.lsshft/crd/count_reg[0]/C
  -------------------------------------------------------------------    -------------------
    SLICE_X40Y60         FDPE (Prop_fdpe_C_Q)         0.141     1.605 r  FIFO/U0/inst_fifo_gen/gconvfifo.rf/grf.rf/gntv_or_sync_fifo.gl1.lsshft/crd/count_reg[0]/Q
                         net (fo=6, routed)           0.187     1.792    FIFO/U0/inst_fifo_gen/gconvfifo.rf/grf.rf/gntv_or_sync_fifo.gl1.lsshft/crd/Q[0]
    SLICE_X39Y60         LUT5 (Prop_lut5_I2_O)        0.049     1.841 r  FIFO/U0/inst_fifo_gen/gconvfifo.rf/grf.rf/gntv_or_sync_fifo.gl1.lsshft/crd/count[2]_i_1__0/O
                         net (fo=1, routed)           0.000     1.841    FIFO/U0/inst_fifo_gen/gconvfifo.rf/grf.rf/gntv_or_sync_fifo.gl1.lsshft/crd/count[2]_i_1__0_n_0
    SLICE_X39Y60         FDPE                                         r  FIFO/U0/inst_fifo_gen/gconvfifo.rf/grf.rf/gntv_or_sync_fifo.gl1.lsshft/crd/count_reg[2]/D
  -------------------------------------------------------------------    -------------------

                         (clock sys_clk_pin rise edge)
                                                      0.000     0.000 r  
    H16                                               0.000     0.000 r  clk (IN)
                         net (fo=0)                   0.000     0.000    clk
    H16                  IBUF (Prop_ibuf_I_O)         0.413     0.413 r  clk_IBUF_inst/O
                         net (fo=1, routed)           0.683     1.096    clk_IBUF
    BUFGCTRL_X0Y16       BUFG (Prop_bufg_I_O)         0.029     1.125 r  clk_IBUF_BUFG_inst/O
                         net (fo=63, routed)          0.854     1.979    FIFO/U0/inst_fifo_gen/gconvfifo.rf/grf.rf/gntv_or_sync_fifo.gl1.lsshft/crd/clk
    SLICE_X39Y60         FDPE                                         r  FIFO/U0/inst_fifo_gen/gconvfifo.rf/grf.rf/gntv_or_sync_fifo.gl1.lsshft/crd/count_reg[2]/C
                         clock pessimism             -0.481     1.498    
    SLICE_X39Y60         FDPE (Hold_fdpe_C_D)         0.107     1.605    FIFO/U0/inst_fifo_gen/gconvfifo.rf/grf.rf/gntv_or_sync_fifo.gl1.lsshft/crd/count_reg[2]
  -------------------------------------------------------------------
                         required time                         -1.605    
                         arrival time                           1.841    
  -------------------------------------------------------------------
                         slack                                  0.236    

Slack (MET) :             0.244ns  (arrival time - required time)
  Source:                 FIFO/U0/inst_fifo_gen/gconvfifo.rf/grf.rf/gntv_or_sync_fifo.gl1.lsshft/c0/count_reg[1]/C
                            (rising edge-triggered cell FDCE clocked by sys_clk_pin  {rise@0.000ns fall@5.000ns period=10.000ns})
  Destination:            FIFO/U0/inst_fifo_gen/gconvfifo.rf/grf.rf/gntv_or_sync_fifo.gl1.lsshft/c0/count_reg[2]/D
                            (rising edge-triggered cell FDCE clocked by sys_clk_pin  {rise@0.000ns fall@5.000ns period=10.000ns})
  Path Group:             sys_clk_pin
  Path Type:              Hold (Min at Fast Process Corner)
  Requirement:            0.000ns  (sys_clk_pin rise@0.000ns - sys_clk_pin rise@0.000ns)
  Data Path Delay:        0.351ns  (logic 0.183ns (52.101%)  route 0.168ns (47.899%))
  Logic Levels:           1  (LUT5=1)
  Clock Path Skew:        0.000ns (DCD - SCD - CPR)
    Destination Clock Delay (DCD):    1.979ns
    Source Clock Delay      (SCD):    1.462ns
    Clock Pessimism Removal (CPR):    0.517ns

    Location             Delay type                Incr(ns)  Path(ns)    Netlist Resource(s)
  -------------------------------------------------------------------    -------------------
                         (clock sys_clk_pin rise edge)
                                                      0.000     0.000 r  
    H16                                               0.000     0.000 r  clk (IN)
                         net (fo=0)                   0.000     0.000    clk
    H16                  IBUF (Prop_ibuf_I_O)         0.225     0.225 r  clk_IBUF_inst/O
                         net (fo=1, routed)           0.627     0.852    clk_IBUF
    BUFGCTRL_X0Y16       BUFG (Prop_bufg_I_O)         0.026     0.878 r  clk_IBUF_BUFG_inst/O
                         net (fo=63, routed)          0.584     1.462    FIFO/U0/inst_fifo_gen/gconvfifo.rf/grf.rf/gntv_or_sync_fifo.gl1.lsshft/c0/clk
    SLICE_X39Y60         FDCE                                         r  FIFO/U0/inst_fifo_gen/gconvfifo.rf/grf.rf/gntv_or_sync_fifo.gl1.lsshft/c0/count_reg[1]/C
  -------------------------------------------------------------------    -------------------
    SLICE_X39Y60         FDCE (Prop_fdce_C_Q)         0.141     1.603 r  FIFO/U0/inst_fifo_gen/gconvfifo.rf/grf.rf/gntv_or_sync_fifo.gl1.lsshft/c0/count_reg[1]/Q
                         net (fo=6, routed)           0.168     1.771    FIFO/U0/inst_fifo_gen/gconvfifo.rf/grf.rf/gntv_or_sync_fifo.gl1.lsshft/c0/pntr[1]
    SLICE_X39Y60         LUT5 (Prop_lut5_I2_O)        0.042     1.813 r  FIFO/U0/inst_fifo_gen/gconvfifo.rf/grf.rf/gntv_or_sync_fifo.gl1.lsshft/c0/count[2]_i_1__1/O
                         net (fo=1, routed)           0.000     1.813    FIFO/U0/inst_fifo_gen/gconvfifo.rf/grf.rf/gntv_or_sync_fifo.gl1.lsshft/c0/count[2]_i_1__1_n_0
    SLICE_X39Y60         FDCE                                         r  FIFO/U0/inst_fifo_gen/gconvfifo.rf/grf.rf/gntv_or_sync_fifo.gl1.lsshft/c0/count_reg[2]/D
  -------------------------------------------------------------------    -------------------

                         (clock sys_clk_pin rise edge)
                                                      0.000     0.000 r  
    H16                                               0.000     0.000 r  clk (IN)
                         net (fo=0)                   0.000     0.000    clk
    H16                  IBUF (Prop_ibuf_I_O)         0.413     0.413 r  clk_IBUF_inst/O
                         net (fo=1, routed)           0.683     1.096    clk_IBUF
    BUFGCTRL_X0Y16       BUFG (Prop_bufg_I_O)         0.029     1.125 r  clk_IBUF_BUFG_inst/O
                         net (fo=63, routed)          0.854     1.979    FIFO/U0/inst_fifo_gen/gconvfifo.rf/grf.rf/gntv_or_sync_fifo.gl1.lsshft/c0/clk
    SLICE_X39Y60         FDCE                                         r  FIFO/U0/inst_fifo_gen/gconvfifo.rf/grf.rf/gntv_or_sync_fifo.gl1.lsshft/c0/count_reg[2]/C
                         clock pessimism             -0.517     1.462    
    SLICE_X39Y60         FDCE (Hold_fdce_C_D)         0.107     1.569    FIFO/U0/inst_fifo_gen/gconvfifo.rf/grf.rf/gntv_or_sync_fifo.gl1.lsshft/c0/count_reg[2]
  -------------------------------------------------------------------
                         required time                         -1.569    
                         arrival time                           1.813    
  -------------------------------------------------------------------
                         slack                                  0.244    

Slack (MET) :             0.247ns  (arrival time - required time)
  Source:                 FIFO/U0/inst_fifo_gen/gconvfifo.rf/grf.rf/gntv_or_sync_fifo.gl1.lsshft/crd/count_reg[0]/C
                            (rising edge-triggered cell FDPE clocked by sys_clk_pin  {rise@0.000ns fall@5.000ns period=10.000ns})
  Destination:            FIFO/U0/inst_fifo_gen/gconvfifo.rf/grf.rf/gntv_or_sync_fifo.gl1.lsshft/crd/count_reg[1]/D
                            (rising edge-triggered cell FDPE clocked by sys_clk_pin  {rise@0.000ns fall@5.000ns period=10.000ns})
  Path Group:             sys_clk_pin
  Path Type:              Hold (Min at Fast Process Corner)
  Requirement:            0.000ns  (sys_clk_pin rise@0.000ns - sys_clk_pin rise@0.000ns)
  Data Path Delay:        0.373ns  (logic 0.186ns (49.875%)  route 0.187ns (50.125%))
  Logic Levels:           1  (LUT4=1)
  Clock Path Skew:        0.034ns (DCD - SCD - CPR)
    Destination Clock Delay (DCD):    1.979ns
    Source Clock Delay      (SCD):    1.464ns
    Clock Pessimism Removal (CPR):    0.481ns

    Location             Delay type                Incr(ns)  Path(ns)    Netlist Resource(s)
  -------------------------------------------------------------------    -------------------
                         (clock sys_clk_pin rise edge)
                                                      0.000     0.000 r  
    H16                                               0.000     0.000 r  clk (IN)
                         net (fo=0)                   0.000     0.000    clk
    H16                  IBUF (Prop_ibuf_I_O)         0.225     0.225 r  clk_IBUF_inst/O
                         net (fo=1, routed)           0.627     0.852    clk_IBUF
    BUFGCTRL_X0Y16       BUFG (Prop_bufg_I_O)         0.026     0.878 r  clk_IBUF_BUFG_inst/O
                         net (fo=63, routed)          0.586     1.464    FIFO/U0/inst_fifo_gen/gconvfifo.rf/grf.rf/gntv_or_sync_fifo.gl1.lsshft/crd/clk
    SLICE_X40Y60         FDPE                                         r  FIFO/U0/inst_fifo_gen/gconvfifo.rf/grf.rf/gntv_or_sync_fifo.gl1.lsshft/crd/count_reg[0]/C
  -------------------------------------------------------------------    -------------------
    SLICE_X40Y60         FDPE (Prop_fdpe_C_Q)         0.141     1.605 r  FIFO/U0/inst_fifo_gen/gconvfifo.rf/grf.rf/gntv_or_sync_fifo.gl1.lsshft/crd/count_reg[0]/Q
                         net (fo=6, routed)           0.187     1.792    FIFO/U0/inst_fifo_gen/gconvfifo.rf/grf.rf/gntv_or_sync_fifo.gl1.lsshft/crd/Q[0]
    SLICE_X39Y60         LUT4 (Prop_lut4_I0_O)        0.045     1.837 r  FIFO/U0/inst_fifo_gen/gconvfifo.rf/grf.rf/gntv_or_sync_fifo.gl1.lsshft/crd/count[1]_i_1__0/O
                         net (fo=1, routed)           0.000     1.837    FIFO/U0/inst_fifo_gen/gconvfifo.rf/grf.rf/gntv_or_sync_fifo.gl1.lsshft/crd/count[1]_i_1__0_n_0
    SLICE_X39Y60         FDPE                                         r  FIFO/U0/inst_fifo_gen/gconvfifo.rf/grf.rf/gntv_or_sync_fifo.gl1.lsshft/crd/count_reg[1]/D
  -------------------------------------------------------------------    -------------------

                         (clock sys_clk_pin rise edge)
                                                      0.000     0.000 r  
    H16                                               0.000     0.000 r  clk (IN)
                         net (fo=0)                   0.000     0.000    clk
    H16                  IBUF (Prop_ibuf_I_O)         0.413     0.413 r  clk_IBUF_inst/O
                         net (fo=1, routed)           0.683     1.096    clk_IBUF
    BUFGCTRL_X0Y16       BUFG (Prop_bufg_I_O)         0.029     1.125 r  clk_IBUF_BUFG_inst/O
                         net (fo=63, routed)          0.854     1.979    FIFO/U0/inst_fifo_gen/gconvfifo.rf/grf.rf/gntv_or_sync_fifo.gl1.lsshft/crd/clk
    SLICE_X39Y60         FDPE                                         r  FIFO/U0/inst_fifo_gen/gconvfifo.rf/grf.rf/gntv_or_sync_fifo.gl1.lsshft/crd/count_reg[1]/C
                         clock pessimism             -0.481     1.498    
    SLICE_X39Y60         FDPE (Hold_fdpe_C_D)         0.092     1.590    FIFO/U0/inst_fifo_gen/gconvfifo.rf/grf.rf/gntv_or_sync_fifo.gl1.lsshft/crd/count_reg[1]
  -------------------------------------------------------------------
                         required time                         -1.590    
                         arrival time                           1.837    
  -------------------------------------------------------------------
                         slack                                  0.247    





Pulse Width Checks
--------------------------------------------------------------------------------------
Clock Name:         sys_clk_pin
Waveform(ns):       { 0.000 5.000 }
Period(ns):         10.000
Sources:            { clk }

Check Type        Corner  Lib Pin     Reference Pin  Required(ns)  Actual(ns)  Slack(ns)  Location        Pin
Min Period        n/a     BUFG/I      n/a            2.155         10.000      7.845      BUFGCTRL_X0Y16  clk_IBUF_BUFG_inst/I
Min Period        n/a     FDCE/C      n/a            1.000         10.000      9.000      SLICE_X41Y56    DRV/CU/r_count_reg[0]/C
Min Period        n/a     FDCE/C      n/a            1.000         10.000      9.000      SLICE_X41Y58    DRV/CU/r_count_reg[10]/C
Min Period        n/a     FDCE/C      n/a            1.000         10.000      9.000      SLICE_X41Y58    DRV/CU/r_count_reg[11]/C
Min Period        n/a     FDCE/C      n/a            1.000         10.000      9.000      SLICE_X41Y59    DRV/CU/r_count_reg[12]/C
Min Period        n/a     FDCE/C      n/a            1.000         10.000      9.000      SLICE_X41Y59    DRV/CU/r_count_reg[13]/C
Min Period        n/a     FDCE/C      n/a            1.000         10.000      9.000      SLICE_X41Y59    DRV/CU/r_count_reg[14]/C
Min Period        n/a     FDCE/C      n/a            1.000         10.000      9.000      SLICE_X41Y59    DRV/CU/r_count_reg[15]/C
Min Period        n/a     FDCE/C      n/a            1.000         10.000      9.000      SLICE_X41Y60    DRV/CU/r_count_reg[16]/C
Min Period        n/a     FDCE/C      n/a            1.000         10.000      9.000      SLICE_X41Y60    DRV/CU/r_count_reg[17]/C
Low Pulse Width   Slow    SRL16E/CLK  n/a            0.980         5.000       4.020      SLICE_X38Y60    FIFO/U0/inst_fifo_gen/gconvfifo.rf/grf.rf/gntv_or_sync_fifo.mem/gsm.sm/gsm1.sm1/gram.gsms[0].gv4.srl16/CLK
Low Pulse Width   Slow    SRL16E/CLK  n/a            0.980         5.000       4.020      SLICE_X38Y60    FIFO/U0/inst_fifo_gen/gconvfifo.rf/grf.rf/gntv_or_sync_fifo.mem/gsm.sm/gsm1.sm1/gram.gsms[1].gv4.srl16/CLK
Low Pulse Width   Fast    SRL16E/CLK  n/a            0.980         5.000       4.020      SLICE_X38Y60    FIFO/U0/inst_fifo_gen/gconvfifo.rf/grf.rf/gntv_or_sync_fifo.mem/gsm.sm/gsm1.sm1/gram.gsms[0].gv4.srl16/CLK
Low Pulse Width   Fast    SRL16E/CLK  n/a            0.980         5.000       4.020      SLICE_X38Y60    FIFO/U0/inst_fifo_gen/gconvfifo.rf/grf.rf/gntv_or_sync_fifo.mem/gsm.sm/gsm1.sm1/gram.gsms[1].gv4.srl16/CLK
Low Pulse Width   Slow    FDCE/C      n/a            0.500         5.000       4.500      SLICE_X41Y56    DRV/CU/r_count_reg[0]/C
Low Pulse Width   Slow    FDCE/C      n/a            0.500         5.000       4.500      SLICE_X41Y58    DRV/CU/r_count_reg[10]/C
Low Pulse Width   Fast    FDCE/C      n/a            0.500         5.000       4.500      SLICE_X41Y58    DRV/CU/r_count_reg[10]/C
Low Pulse Width   Slow    FDCE/C      n/a            0.500         5.000       4.500      SLICE_X41Y58    DRV/CU/r_count_reg[11]/C
Low Pulse Width   Fast    FDCE/C      n/a            0.500         5.000       4.500      SLICE_X41Y58    DRV/CU/r_count_reg[11]/C
Low Pulse Width   Slow    FDCE/C      n/a            0.500         5.000       4.500      SLICE_X41Y59    DRV/CU/r_count_reg[12]/C
High Pulse Width  Slow    SRL16E/CLK  n/a            0.980         5.000       4.020      SLICE_X38Y60    FIFO/U0/inst_fifo_gen/gconvfifo.rf/grf.rf/gntv_or_sync_fifo.mem/gsm.sm/gsm1.sm1/gram.gsms[0].gv4.srl16/CLK
High Pulse Width  Fast    SRL16E/CLK  n/a            0.980         5.000       4.020      SLICE_X38Y60    FIFO/U0/inst_fifo_gen/gconvfifo.rf/grf.rf/gntv_or_sync_fifo.mem/gsm.sm/gsm1.sm1/gram.gsms[0].gv4.srl16/CLK
High Pulse Width  Slow    SRL16E/CLK  n/a            0.980         5.000       4.020      SLICE_X38Y60    FIFO/U0/inst_fifo_gen/gconvfifo.rf/grf.rf/gntv_or_sync_fifo.mem/gsm.sm/gsm1.sm1/gram.gsms[1].gv4.srl16/CLK
High Pulse Width  Fast    SRL16E/CLK  n/a            0.980         5.000       4.020      SLICE_X38Y60    FIFO/U0/inst_fifo_gen/gconvfifo.rf/grf.rf/gntv_or_sync_fifo.mem/gsm.sm/gsm1.sm1/gram.gsms[1].gv4.srl16/CLK
High Pulse Width  Fast    FDCE/C      n/a            0.500         5.000       4.500      SLICE_X41Y62    DRV/CU/r_count_reg[24]/C
High Pulse Width  Fast    FDCE/C      n/a            0.500         5.000       4.500      SLICE_X41Y62    DRV/CU/r_count_reg[25]/C
High Pulse Width  Fast    FDCE/C      n/a            0.500         5.000       4.500      SLICE_X41Y62    DRV/CU/r_count_reg[26]/C
High Pulse Width  Fast    FDCE/C      n/a            0.500         5.000       4.500      SLICE_X41Y56    DRV/CU/r_count_reg[0]/C
High Pulse Width  Fast    FDCE/C      n/a            0.500         5.000       4.500      SLICE_X41Y58    DRV/CU/r_count_reg[10]/C
High Pulse Width  Fast    FDCE/C      n/a            0.500         5.000       4.500      SLICE_X41Y58    DRV/CU/r_count_reg[11]/C



---------------------------------------------------------------------------------------------------
Path Group:  **async_default**
From Clock:  sys_clk_pin
  To Clock:  sys_clk_pin

Setup :            0  Failing Endpoints,  Worst Slack        7.041ns,  Total Violation        0.000ns
Hold  :            0  Failing Endpoints,  Worst Slack        0.435ns,  Total Violation        0.000ns
---------------------------------------------------------------------------------------------------


Max Delay Paths
--------------------------------------------------------------------------------------
Slack (MET) :             7.041ns  (required time - arrival time)
  Source:                 FIFO/U0/inst_fifo_gen/gconvfifo.rf/grf.rf/rstblk/ngwrdrst.grst.g7serrst.gnsckt_wrst.gcc_rst.sckt_wr_rst_cc_reg[1]/C
                            (rising edge-triggered cell FDRE clocked by sys_clk_pin  {rise@0.000ns fall@5.000ns period=10.000ns})
  Destination:            FIFO/U0/inst_fifo_gen/gconvfifo.rf/grf.rf/gntv_or_sync_fifo.gl1.lsshft/c1/count_reg[0]/PRE
                            (recovery check against rising-edge clock sys_clk_pin  {rise@0.000ns fall@5.000ns period=10.000ns})
  Path Group:             **async_default**
  Path Type:              Recovery (Max at Slow Process Corner)
  Requirement:            10.000ns  (sys_clk_pin rise@10.000ns - sys_clk_pin rise@0.000ns)
  Data Path Delay:        2.536ns  (logic 0.642ns (25.320%)  route 1.894ns (74.680%))
  Logic Levels:           1  (LUT3=1)
  Clock Path Skew:        -0.027ns (DCD - SCD + CPR)
    Destination Clock Delay (DCD):    4.917ns = ( 14.917 - 10.000 ) 
    Source Clock Delay      (SCD):    5.371ns
    Clock Pessimism Removal (CPR):    0.428ns
  Clock Uncertainty:      0.035ns  ((TSJ^2 + TIJ^2)^1/2 + DJ) / 2 + PE
    Total System Jitter     (TSJ):    0.071ns
    Total Input Jitter      (TIJ):    0.000ns
    Discrete Jitter          (DJ):    0.000ns
    Phase Error              (PE):    0.000ns

    Location             Delay type                Incr(ns)  Path(ns)    Netlist Resource(s)
  -------------------------------------------------------------------    -------------------
                         (clock sys_clk_pin rise edge)
                                                      0.000     0.000 r  
    H16                                               0.000     0.000 r  clk (IN)
                         net (fo=0)                   0.000     0.000    clk
    H16                  IBUF (Prop_ibuf_I_O)         1.457     1.457 r  clk_IBUF_inst/O
                         net (fo=1, routed)           2.076     3.533    clk_IBUF
    BUFGCTRL_X0Y16       BUFG (Prop_bufg_I_O)         0.101     3.634 r  clk_IBUF_BUFG_inst/O
                         net (fo=63, routed)          1.737     5.371    FIFO/U0/inst_fifo_gen/gconvfifo.rf/grf.rf/rstblk/clk
    SLICE_X38Y58         FDRE                                         r  FIFO/U0/inst_fifo_gen/gconvfifo.rf/grf.rf/rstblk/ngwrdrst.grst.g7serrst.gnsckt_wrst.gcc_rst.sckt_wr_rst_cc_reg[1]/C
  -------------------------------------------------------------------    -------------------
    SLICE_X38Y58         FDRE (Prop_fdre_C_Q)         0.518     5.889 f  FIFO/U0/inst_fifo_gen/gconvfifo.rf/grf.rf/rstblk/ngwrdrst.grst.g7serrst.gnsckt_wrst.gcc_rst.sckt_wr_rst_cc_reg[1]/Q
                         net (fo=4, routed)           0.804     6.693    FIFO/U0/inst_fifo_gen/gconvfifo.rf/grf.rf/rstblk/p_0_in[2]
    SLICE_X38Y58         LUT3 (Prop_lut3_I1_O)        0.124     6.817 f  FIFO/U0/inst_fifo_gen/gconvfifo.rf/grf.rf/rstblk/dout_i[1]_i_2/O
                         net (fo=16, routed)          1.090     7.907    FIFO/U0/inst_fifo_gen/gconvfifo.rf/grf.rf/gntv_or_sync_fifo.gl1.lsshft/c1/count_reg[0]_0
    SLICE_X38Y61         FDPE                                         f  FIFO/U0/inst_fifo_gen/gconvfifo.rf/grf.rf/gntv_or_sync_fifo.gl1.lsshft/c1/count_reg[0]/PRE
  -------------------------------------------------------------------    -------------------

                         (clock sys_clk_pin rise edge)
                                                     10.000    10.000 r  
    H16                                               0.000    10.000 r  clk (IN)
                         net (fo=0)                   0.000    10.000    clk
    H16                  IBUF (Prop_ibuf_I_O)         1.387    11.387 r  clk_IBUF_inst/O
                         net (fo=1, routed)           1.880    13.267    clk_IBUF
    BUFGCTRL_X0Y16       BUFG (Prop_bufg_I_O)         0.091    13.358 r  clk_IBUF_BUFG_inst/O
                         net (fo=63, routed)          1.559    14.917    FIFO/U0/inst_fifo_gen/gconvfifo.rf/grf.rf/gntv_or_sync_fifo.gl1.lsshft/c1/clk
    SLICE_X38Y61         FDPE                                         r  FIFO/U0/inst_fifo_gen/gconvfifo.rf/grf.rf/gntv_or_sync_fifo.gl1.lsshft/c1/count_reg[0]/C
                         clock pessimism              0.428    15.344    
                         clock uncertainty           -0.035    15.309    
    SLICE_X38Y61         FDPE (Recov_fdpe_C_PRE)     -0.361    14.948    FIFO/U0/inst_fifo_gen/gconvfifo.rf/grf.rf/gntv_or_sync_fifo.gl1.lsshft/c1/count_reg[0]
  -------------------------------------------------------------------
                         required time                         14.948    
                         arrival time                          -7.907    
  -------------------------------------------------------------------
                         slack                                  7.041    

Slack (MET) :             7.041ns  (required time - arrival time)
  Source:                 FIFO/U0/inst_fifo_gen/gconvfifo.rf/grf.rf/rstblk/ngwrdrst.grst.g7serrst.gnsckt_wrst.gcc_rst.sckt_wr_rst_cc_reg[1]/C
                            (rising edge-triggered cell FDRE clocked by sys_clk_pin  {rise@0.000ns fall@5.000ns period=10.000ns})
  Destination:            FIFO/U0/inst_fifo_gen/gconvfifo.rf/grf.rf/gntv_or_sync_fifo.gl1.lsshft/c1/count_reg[2]/CLR
                            (recovery check against rising-edge clock sys_clk_pin  {rise@0.000ns fall@5.000ns period=10.000ns})
  Path Group:             **async_default**
  Path Type:              Recovery (Max at Slow Process Corner)
  Requirement:            10.000ns  (sys_clk_pin rise@10.000ns - sys_clk_pin rise@0.000ns)
  Data Path Delay:        2.536ns  (logic 0.642ns (25.320%)  route 1.894ns (74.680%))
  Logic Levels:           1  (LUT3=1)
  Clock Path Skew:        -0.027ns (DCD - SCD + CPR)
    Destination Clock Delay (DCD):    4.917ns = ( 14.917 - 10.000 ) 
    Source Clock Delay      (SCD):    5.371ns
    Clock Pessimism Removal (CPR):    0.428ns
  Clock Uncertainty:      0.035ns  ((TSJ^2 + TIJ^2)^1/2 + DJ) / 2 + PE
    Total System Jitter     (TSJ):    0.071ns
    Total Input Jitter      (TIJ):    0.000ns
    Discrete Jitter          (DJ):    0.000ns
    Phase Error              (PE):    0.000ns

    Location             Delay type                Incr(ns)  Path(ns)    Netlist Resource(s)
  -------------------------------------------------------------------    -------------------
                         (clock sys_clk_pin rise edge)
                                                      0.000     0.000 r  
    H16                                               0.000     0.000 r  clk (IN)
                         net (fo=0)                   0.000     0.000    clk
    H16                  IBUF (Prop_ibuf_I_O)         1.457     1.457 r  clk_IBUF_inst/O
                         net (fo=1, routed)           2.076     3.533    clk_IBUF
    BUFGCTRL_X0Y16       BUFG (Prop_bufg_I_O)         0.101     3.634 r  clk_IBUF_BUFG_inst/O
                         net (fo=63, routed)          1.737     5.371    FIFO/U0/inst_fifo_gen/gconvfifo.rf/grf.rf/rstblk/clk
    SLICE_X38Y58         FDRE                                         r  FIFO/U0/inst_fifo_gen/gconvfifo.rf/grf.rf/rstblk/ngwrdrst.grst.g7serrst.gnsckt_wrst.gcc_rst.sckt_wr_rst_cc_reg[1]/C
  -------------------------------------------------------------------    -------------------
    SLICE_X38Y58         FDRE (Prop_fdre_C_Q)         0.518     5.889 f  FIFO/U0/inst_fifo_gen/gconvfifo.rf/grf.rf/rstblk/ngwrdrst.grst.g7serrst.gnsckt_wrst.gcc_rst.sckt_wr_rst_cc_reg[1]/Q
                         net (fo=4, routed)           0.804     6.693    FIFO/U0/inst_fifo_gen/gconvfifo.rf/grf.rf/rstblk/p_0_in[2]
    SLICE_X38Y58         LUT3 (Prop_lut3_I1_O)        0.124     6.817 f  FIFO/U0/inst_fifo_gen/gconvfifo.rf/grf.rf/rstblk/dout_i[1]_i_2/O
                         net (fo=16, routed)          1.090     7.907    FIFO/U0/inst_fifo_gen/gconvfifo.rf/grf.rf/gntv_or_sync_fifo.gl1.lsshft/c1/count_reg[0]_0
    SLICE_X38Y61         FDCE                                         f  FIFO/U0/inst_fifo_gen/gconvfifo.rf/grf.rf/gntv_or_sync_fifo.gl1.lsshft/c1/count_reg[2]/CLR
  -------------------------------------------------------------------    -------------------

                         (clock sys_clk_pin rise edge)
                                                     10.000    10.000 r  
    H16                                               0.000    10.000 r  clk (IN)
                         net (fo=0)                   0.000    10.000    clk
    H16                  IBUF (Prop_ibuf_I_O)         1.387    11.387 r  clk_IBUF_inst/O
                         net (fo=1, routed)           1.880    13.267    clk_IBUF
    BUFGCTRL_X0Y16       BUFG (Prop_bufg_I_O)         0.091    13.358 r  clk_IBUF_BUFG_inst/O
                         net (fo=63, routed)          1.559    14.917    FIFO/U0/inst_fifo_gen/gconvfifo.rf/grf.rf/gntv_or_sync_fifo.gl1.lsshft/c1/clk
    SLICE_X38Y61         FDCE                                         r  FIFO/U0/inst_fifo_gen/gconvfifo.rf/grf.rf/gntv_or_sync_fifo.gl1.lsshft/c1/count_reg[2]/C
                         clock pessimism              0.428    15.344    
                         clock uncertainty           -0.035    15.309    
    SLICE_X38Y61         FDCE (Recov_fdce_C_CLR)     -0.361    14.948    FIFO/U0/inst_fifo_gen/gconvfifo.rf/grf.rf/gntv_or_sync_fifo.gl1.lsshft/c1/count_reg[2]
  -------------------------------------------------------------------
                         required time                         14.948    
                         arrival time                          -7.907    
  -------------------------------------------------------------------
                         slack                                  7.041    

Slack (MET) :             7.083ns  (required time - arrival time)
  Source:                 FIFO/U0/inst_fifo_gen/gconvfifo.rf/grf.rf/rstblk/ngwrdrst.grst.g7serrst.gnsckt_wrst.gcc_rst.sckt_wr_rst_cc_reg[1]/C
                            (rising edge-triggered cell FDRE clocked by sys_clk_pin  {rise@0.000ns fall@5.000ns period=10.000ns})
  Destination:            FIFO/U0/inst_fifo_gen/gconvfifo.rf/grf.rf/gntv_or_sync_fifo.gl1.lsshft/c1/count_reg[1]/CLR
                            (recovery check against rising-edge clock sys_clk_pin  {rise@0.000ns fall@5.000ns period=10.000ns})
  Path Group:             **async_default**
  Path Type:              Recovery (Max at Slow Process Corner)
  Requirement:            10.000ns  (sys_clk_pin rise@10.000ns - sys_clk_pin rise@0.000ns)
  Data Path Delay:        2.536ns  (logic 0.642ns (25.320%)  route 1.894ns (74.680%))
  Logic Levels:           1  (LUT3=1)
  Clock Path Skew:        -0.027ns (DCD - SCD + CPR)
    Destination Clock Delay (DCD):    4.917ns = ( 14.917 - 10.000 ) 
    Source Clock Delay      (SCD):    5.371ns
    Clock Pessimism Removal (CPR):    0.428ns
  Clock Uncertainty:      0.035ns  ((TSJ^2 + TIJ^2)^1/2 + DJ) / 2 + PE
    Total System Jitter     (TSJ):    0.071ns
    Total Input Jitter      (TIJ):    0.000ns
    Discrete Jitter          (DJ):    0.000ns
    Phase Error              (PE):    0.000ns

    Location             Delay type                Incr(ns)  Path(ns)    Netlist Resource(s)
  -------------------------------------------------------------------    -------------------
                         (clock sys_clk_pin rise edge)
                                                      0.000     0.000 r  
    H16                                               0.000     0.000 r  clk (IN)
                         net (fo=0)                   0.000     0.000    clk
    H16                  IBUF (Prop_ibuf_I_O)         1.457     1.457 r  clk_IBUF_inst/O
                         net (fo=1, routed)           2.076     3.533    clk_IBUF
    BUFGCTRL_X0Y16       BUFG (Prop_bufg_I_O)         0.101     3.634 r  clk_IBUF_BUFG_inst/O
                         net (fo=63, routed)          1.737     5.371    FIFO/U0/inst_fifo_gen/gconvfifo.rf/grf.rf/rstblk/clk
    SLICE_X38Y58         FDRE                                         r  FIFO/U0/inst_fifo_gen/gconvfifo.rf/grf.rf/rstblk/ngwrdrst.grst.g7serrst.gnsckt_wrst.gcc_rst.sckt_wr_rst_cc_reg[1]/C
  -------------------------------------------------------------------    -------------------
    SLICE_X38Y58         FDRE (Prop_fdre_C_Q)         0.518     5.889 f  FIFO/U0/inst_fifo_gen/gconvfifo.rf/grf.rf/rstblk/ngwrdrst.grst.g7serrst.gnsckt_wrst.gcc_rst.sckt_wr_rst_cc_reg[1]/Q
                         net (fo=4, routed)           0.804     6.693    FIFO/U0/inst_fifo_gen/gconvfifo.rf/grf.rf/rstblk/p_0_in[2]
    SLICE_X38Y58         LUT3 (Prop_lut3_I1_O)        0.124     6.817 f  FIFO/U0/inst_fifo_gen/gconvfifo.rf/grf.rf/rstblk/dout_i[1]_i_2/O
                         net (fo=16, routed)          1.090     7.907    FIFO/U0/inst_fifo_gen/gconvfifo.rf/grf.rf/gntv_or_sync_fifo.gl1.lsshft/c1/count_reg[0]_0
    SLICE_X38Y61         FDCE                                         f  FIFO/U0/inst_fifo_gen/gconvfifo.rf/grf.rf/gntv_or_sync_fifo.gl1.lsshft/c1/count_reg[1]/CLR
  -------------------------------------------------------------------    -------------------

                         (clock sys_clk_pin rise edge)
                                                     10.000    10.000 r  
    H16                                               0.000    10.000 r  clk (IN)
                         net (fo=0)                   0.000    10.000    clk
    H16                  IBUF (Prop_ibuf_I_O)         1.387    11.387 r  clk_IBUF_inst/O
                         net (fo=1, routed)           1.880    13.267    clk_IBUF
    BUFGCTRL_X0Y16       BUFG (Prop_bufg_I_O)         0.091    13.358 r  clk_IBUF_BUFG_inst/O
                         net (fo=63, routed)          1.559    14.917    FIFO/U0/inst_fifo_gen/gconvfifo.rf/grf.rf/gntv_or_sync_fifo.gl1.lsshft/c1/clk
    SLICE_X38Y61         FDCE                                         r  FIFO/U0/inst_fifo_gen/gconvfifo.rf/grf.rf/gntv_or_sync_fifo.gl1.lsshft/c1/count_reg[1]/C
                         clock pessimism              0.428    15.344    
                         clock uncertainty           -0.035    15.309    
    SLICE_X38Y61         FDCE (Recov_fdce_C_CLR)     -0.319    14.990    FIFO/U0/inst_fifo_gen/gconvfifo.rf/grf.rf/gntv_or_sync_fifo.gl1.lsshft/c1/count_reg[1]
  -------------------------------------------------------------------
                         required time                         14.990    
                         arrival time                          -7.907    
  -------------------------------------------------------------------
                         slack                                  7.083    

Slack (MET) :             7.083ns  (required time - arrival time)
  Source:                 FIFO/U0/inst_fifo_gen/gconvfifo.rf/grf.rf/rstblk/ngwrdrst.grst.g7serrst.gnsckt_wrst.gcc_rst.sckt_wr_rst_cc_reg[1]/C
                            (rising edge-triggered cell FDRE clocked by sys_clk_pin  {rise@0.000ns fall@5.000ns period=10.000ns})
  Destination:            FIFO/U0/inst_fifo_gen/gconvfifo.rf/grf.rf/gntv_or_sync_fifo.gl1.lsshft/c1/count_reg[3]/CLR
                            (recovery check against rising-edge clock sys_clk_pin  {rise@0.000ns fall@5.000ns period=10.000ns})
  Path Group:             **async_default**
  Path Type:              Recovery (Max at Slow Process Corner)
  Requirement:            10.000ns  (sys_clk_pin rise@10.000ns - sys_clk_pin rise@0.000ns)
  Data Path Delay:        2.536ns  (logic 0.642ns (25.320%)  route 1.894ns (74.680%))
  Logic Levels:           1  (LUT3=1)
  Clock Path Skew:        -0.027ns (DCD - SCD + CPR)
    Destination Clock Delay (DCD):    4.917ns = ( 14.917 - 10.000 ) 
    Source Clock Delay      (SCD):    5.371ns
    Clock Pessimism Removal (CPR):    0.428ns
  Clock Uncertainty:      0.035ns  ((TSJ^2 + TIJ^2)^1/2 + DJ) / 2 + PE
    Total System Jitter     (TSJ):    0.071ns
    Total Input Jitter      (TIJ):    0.000ns
    Discrete Jitter          (DJ):    0.000ns
    Phase Error              (PE):    0.000ns

    Location             Delay type                Incr(ns)  Path(ns)    Netlist Resource(s)
  -------------------------------------------------------------------    -------------------
                         (clock sys_clk_pin rise edge)
                                                      0.000     0.000 r  
    H16                                               0.000     0.000 r  clk (IN)
                         net (fo=0)                   0.000     0.000    clk
    H16                  IBUF (Prop_ibuf_I_O)         1.457     1.457 r  clk_IBUF_inst/O
                         net (fo=1, routed)           2.076     3.533    clk_IBUF
    BUFGCTRL_X0Y16       BUFG (Prop_bufg_I_O)         0.101     3.634 r  clk_IBUF_BUFG_inst/O
                         net (fo=63, routed)          1.737     5.371    FIFO/U0/inst_fifo_gen/gconvfifo.rf/grf.rf/rstblk/clk
    SLICE_X38Y58         FDRE                                         r  FIFO/U0/inst_fifo_gen/gconvfifo.rf/grf.rf/rstblk/ngwrdrst.grst.g7serrst.gnsckt_wrst.gcc_rst.sckt_wr_rst_cc_reg[1]/C
  -------------------------------------------------------------------    -------------------
    SLICE_X38Y58         FDRE (Prop_fdre_C_Q)         0.518     5.889 f  FIFO/U0/inst_fifo_gen/gconvfifo.rf/grf.rf/rstblk/ngwrdrst.grst.g7serrst.gnsckt_wrst.gcc_rst.sckt_wr_rst_cc_reg[1]/Q
                         net (fo=4, routed)           0.804     6.693    FIFO/U0/inst_fifo_gen/gconvfifo.rf/grf.rf/rstblk/p_0_in[2]
    SLICE_X38Y58         LUT3 (Prop_lut3_I1_O)        0.124     6.817 f  FIFO/U0/inst_fifo_gen/gconvfifo.rf/grf.rf/rstblk/dout_i[1]_i_2/O
                         net (fo=16, routed)          1.090     7.907    FIFO/U0/inst_fifo_gen/gconvfifo.rf/grf.rf/gntv_or_sync_fifo.gl1.lsshft/c1/count_reg[0]_0
    SLICE_X38Y61         FDCE                                         f  FIFO/U0/inst_fifo_gen/gconvfifo.rf/grf.rf/gntv_or_sync_fifo.gl1.lsshft/c1/count_reg[3]/CLR
  -------------------------------------------------------------------    -------------------

                         (clock sys_clk_pin rise edge)
                                                     10.000    10.000 r  
    H16                                               0.000    10.000 r  clk (IN)
                         net (fo=0)                   0.000    10.000    clk
    H16                  IBUF (Prop_ibuf_I_O)         1.387    11.387 r  clk_IBUF_inst/O
                         net (fo=1, routed)           1.880    13.267    clk_IBUF
    BUFGCTRL_X0Y16       BUFG (Prop_bufg_I_O)         0.091    13.358 r  clk_IBUF_BUFG_inst/O
                         net (fo=63, routed)          1.559    14.917    FIFO/U0/inst_fifo_gen/gconvfifo.rf/grf.rf/gntv_or_sync_fifo.gl1.lsshft/c1/clk
    SLICE_X38Y61         FDCE                                         r  FIFO/U0/inst_fifo_gen/gconvfifo.rf/grf.rf/gntv_or_sync_fifo.gl1.lsshft/c1/count_reg[3]/C
                         clock pessimism              0.428    15.344    
                         clock uncertainty           -0.035    15.309    
    SLICE_X38Y61         FDCE (Recov_fdce_C_CLR)     -0.319    14.990    FIFO/U0/inst_fifo_gen/gconvfifo.rf/grf.rf/gntv_or_sync_fifo.gl1.lsshft/c1/count_reg[3]
  -------------------------------------------------------------------
                         required time                         14.990    
                         arrival time                          -7.907    
  -------------------------------------------------------------------
                         slack                                  7.083    

Slack (MET) :             7.122ns  (required time - arrival time)
  Source:                 FIFO/U0/inst_fifo_gen/gconvfifo.rf/grf.rf/rstblk/ngwrdrst.grst.g7serrst.gnsckt_wrst.gcc_rst.sckt_wr_rst_cc_reg[1]/C
                            (rising edge-triggered cell FDRE clocked by sys_clk_pin  {rise@0.000ns fall@5.000ns period=10.000ns})
  Destination:            FIFO/U0/inst_fifo_gen/gconvfifo.rf/grf.rf/gntv_or_sync_fifo.gl1.lsshft/c0/count_reg[1]/CLR
                            (recovery check against rising-edge clock sys_clk_pin  {rise@0.000ns fall@5.000ns period=10.000ns})
  Path Group:             **async_default**
  Path Type:              Recovery (Max at Slow Process Corner)
  Requirement:            10.000ns  (sys_clk_pin rise@10.000ns - sys_clk_pin rise@0.000ns)
  Data Path Delay:        2.412ns  (logic 0.642ns (26.617%)  route 1.770ns (73.383%))
  Logic Levels:           1  (LUT3=1)
  Clock Path Skew:        -0.026ns (DCD - SCD + CPR)
    Destination Clock Delay (DCD):    4.918ns = ( 14.918 - 10.000 ) 
    Source Clock Delay      (SCD):    5.371ns
    Clock Pessimism Removal (CPR):    0.428ns
  Clock Uncertainty:      0.035ns  ((TSJ^2 + TIJ^2)^1/2 + DJ) / 2 + PE
    Total System Jitter     (TSJ):    0.071ns
    Total Input Jitter      (TIJ):    0.000ns
    Discrete Jitter          (DJ):    0.000ns
    Phase Error              (PE):    0.000ns

    Location             Delay type                Incr(ns)  Path(ns)    Netlist Resource(s)
  -------------------------------------------------------------------    -------------------
                         (clock sys_clk_pin rise edge)
                                                      0.000     0.000 r  
    H16                                               0.000     0.000 r  clk (IN)
                         net (fo=0)                   0.000     0.000    clk
    H16                  IBUF (Prop_ibuf_I_O)         1.457     1.457 r  clk_IBUF_inst/O
                         net (fo=1, routed)           2.076     3.533    clk_IBUF
    BUFGCTRL_X0Y16       BUFG (Prop_bufg_I_O)         0.101     3.634 r  clk_IBUF_BUFG_inst/O
                         net (fo=63, routed)          1.737     5.371    FIFO/U0/inst_fifo_gen/gconvfifo.rf/grf.rf/rstblk/clk
    SLICE_X38Y58         FDRE                                         r  FIFO/U0/inst_fifo_gen/gconvfifo.rf/grf.rf/rstblk/ngwrdrst.grst.g7serrst.gnsckt_wrst.gcc_rst.sckt_wr_rst_cc_reg[1]/C
  -------------------------------------------------------------------    -------------------
    SLICE_X38Y58         FDRE (Prop_fdre_C_Q)         0.518     5.889 f  FIFO/U0/inst_fifo_gen/gconvfifo.rf/grf.rf/rstblk/ngwrdrst.grst.g7serrst.gnsckt_wrst.gcc_rst.sckt_wr_rst_cc_reg[1]/Q
                         net (fo=4, routed)           0.804     6.693    FIFO/U0/inst_fifo_gen/gconvfifo.rf/grf.rf/rstblk/p_0_in[2]
    SLICE_X38Y58         LUT3 (Prop_lut3_I1_O)        0.124     6.817 f  FIFO/U0/inst_fifo_gen/gconvfifo.rf/grf.rf/rstblk/dout_i[1]_i_2/O
                         net (fo=16, routed)          0.966     7.783    FIFO/U0/inst_fifo_gen/gconvfifo.rf/grf.rf/gntv_or_sync_fifo.gl1.lsshft/c0/count_reg[0]_0
    SLICE_X39Y60         FDCE                                         f  FIFO/U0/inst_fifo_gen/gconvfifo.rf/grf.rf/gntv_or_sync_fifo.gl1.lsshft/c0/count_reg[1]/CLR
  -------------------------------------------------------------------    -------------------

                         (clock sys_clk_pin rise edge)
                                                     10.000    10.000 r  
    H16                                               0.000    10.000 r  clk (IN)
                         net (fo=0)                   0.000    10.000    clk
    H16                  IBUF (Prop_ibuf_I_O)         1.387    11.387 r  clk_IBUF_inst/O
                         net (fo=1, routed)           1.880    13.267    clk_IBUF
    BUFGCTRL_X0Y16       BUFG (Prop_bufg_I_O)         0.091    13.358 r  clk_IBUF_BUFG_inst/O
                         net (fo=63, routed)          1.560    14.918    FIFO/U0/inst_fifo_gen/gconvfifo.rf/grf.rf/gntv_or_sync_fifo.gl1.lsshft/c0/clk
    SLICE_X39Y60         FDCE                                         r  FIFO/U0/inst_fifo_gen/gconvfifo.rf/grf.rf/gntv_or_sync_fifo.gl1.lsshft/c0/count_reg[1]/C
                         clock pessimism              0.428    15.345    
                         clock uncertainty           -0.035    15.310    
    SLICE_X39Y60         FDCE (Recov_fdce_C_CLR)     -0.405    14.905    FIFO/U0/inst_fifo_gen/gconvfifo.rf/grf.rf/gntv_or_sync_fifo.gl1.lsshft/c0/count_reg[1]
  -------------------------------------------------------------------
                         required time                         14.905    
                         arrival time                          -7.783    
  -------------------------------------------------------------------
                         slack                                  7.122    

Slack (MET) :             7.122ns  (required time - arrival time)
  Source:                 FIFO/U0/inst_fifo_gen/gconvfifo.rf/grf.rf/rstblk/ngwrdrst.grst.g7serrst.gnsckt_wrst.gcc_rst.sckt_wr_rst_cc_reg[1]/C
                            (rising edge-triggered cell FDRE clocked by sys_clk_pin  {rise@0.000ns fall@5.000ns period=10.000ns})
  Destination:            FIFO/U0/inst_fifo_gen/gconvfifo.rf/grf.rf/gntv_or_sync_fifo.gl1.lsshft/c0/count_reg[2]/CLR
                            (recovery check against rising-edge clock sys_clk_pin  {rise@0.000ns fall@5.000ns period=10.000ns})
  Path Group:             **async_default**
  Path Type:              Recovery (Max at Slow Process Corner)
  Requirement:            10.000ns  (sys_clk_pin rise@10.000ns - sys_clk_pin rise@0.000ns)
  Data Path Delay:        2.412ns  (logic 0.642ns (26.617%)  route 1.770ns (73.383%))
  Logic Levels:           1  (LUT3=1)
  Clock Path Skew:        -0.026ns (DCD - SCD + CPR)
    Destination Clock Delay (DCD):    4.918ns = ( 14.918 - 10.000 ) 
    Source Clock Delay      (SCD):    5.371ns
    Clock Pessimism Removal (CPR):    0.428ns
  Clock Uncertainty:      0.035ns  ((TSJ^2 + TIJ^2)^1/2 + DJ) / 2 + PE
    Total System Jitter     (TSJ):    0.071ns
    Total Input Jitter      (TIJ):    0.000ns
    Discrete Jitter          (DJ):    0.000ns
    Phase Error              (PE):    0.000ns

    Location             Delay type                Incr(ns)  Path(ns)    Netlist Resource(s)
  -------------------------------------------------------------------    -------------------
                         (clock sys_clk_pin rise edge)
                                                      0.000     0.000 r  
    H16                                               0.000     0.000 r  clk (IN)
                         net (fo=0)                   0.000     0.000    clk
    H16                  IBUF (Prop_ibuf_I_O)         1.457     1.457 r  clk_IBUF_inst/O
                         net (fo=1, routed)           2.076     3.533    clk_IBUF
    BUFGCTRL_X0Y16       BUFG (Prop_bufg_I_O)         0.101     3.634 r  clk_IBUF_BUFG_inst/O
                         net (fo=63, routed)          1.737     5.371    FIFO/U0/inst_fifo_gen/gconvfifo.rf/grf.rf/rstblk/clk
    SLICE_X38Y58         FDRE                                         r  FIFO/U0/inst_fifo_gen/gconvfifo.rf/grf.rf/rstblk/ngwrdrst.grst.g7serrst.gnsckt_wrst.gcc_rst.sckt_wr_rst_cc_reg[1]/C
  -------------------------------------------------------------------    -------------------
    SLICE_X38Y58         FDRE (Prop_fdre_C_Q)         0.518     5.889 f  FIFO/U0/inst_fifo_gen/gconvfifo.rf/grf.rf/rstblk/ngwrdrst.grst.g7serrst.gnsckt_wrst.gcc_rst.sckt_wr_rst_cc_reg[1]/Q
                         net (fo=4, routed)           0.804     6.693    FIFO/U0/inst_fifo_gen/gconvfifo.rf/grf.rf/rstblk/p_0_in[2]
    SLICE_X38Y58         LUT3 (Prop_lut3_I1_O)        0.124     6.817 f  FIFO/U0/inst_fifo_gen/gconvfifo.rf/grf.rf/rstblk/dout_i[1]_i_2/O
                         net (fo=16, routed)          0.966     7.783    FIFO/U0/inst_fifo_gen/gconvfifo.rf/grf.rf/gntv_or_sync_fifo.gl1.lsshft/c0/count_reg[0]_0
    SLICE_X39Y60         FDCE                                         f  FIFO/U0/inst_fifo_gen/gconvfifo.rf/grf.rf/gntv_or_sync_fifo.gl1.lsshft/c0/count_reg[2]/CLR
  -------------------------------------------------------------------    -------------------

                         (clock sys_clk_pin rise edge)
                                                     10.000    10.000 r  
    H16                                               0.000    10.000 r  clk (IN)
                         net (fo=0)                   0.000    10.000    clk
    H16                  IBUF (Prop_ibuf_I_O)         1.387    11.387 r  clk_IBUF_inst/O
                         net (fo=1, routed)           1.880    13.267    clk_IBUF
    BUFGCTRL_X0Y16       BUFG (Prop_bufg_I_O)         0.091    13.358 r  clk_IBUF_BUFG_inst/O
                         net (fo=63, routed)          1.560    14.918    FIFO/U0/inst_fifo_gen/gconvfifo.rf/grf.rf/gntv_or_sync_fifo.gl1.lsshft/c0/clk
    SLICE_X39Y60         FDCE                                         r  FIFO/U0/inst_fifo_gen/gconvfifo.rf/grf.rf/gntv_or_sync_fifo.gl1.lsshft/c0/count_reg[2]/C
                         clock pessimism              0.428    15.345    
                         clock uncertainty           -0.035    15.310    
    SLICE_X39Y60         FDCE (Recov_fdce_C_CLR)     -0.405    14.905    FIFO/U0/inst_fifo_gen/gconvfifo.rf/grf.rf/gntv_or_sync_fifo.gl1.lsshft/c0/count_reg[2]
  -------------------------------------------------------------------
                         required time                         14.905    
                         arrival time                          -7.783    
  -------------------------------------------------------------------
                         slack                                  7.122    

Slack (MET) :             7.168ns  (required time - arrival time)
  Source:                 FIFO/U0/inst_fifo_gen/gconvfifo.rf/grf.rf/rstblk/ngwrdrst.grst.g7serrst.gnsckt_wrst.gcc_rst.sckt_wr_rst_cc_reg[1]/C
                            (rising edge-triggered cell FDRE clocked by sys_clk_pin  {rise@0.000ns fall@5.000ns period=10.000ns})
  Destination:            FIFO/U0/inst_fifo_gen/gconvfifo.rf/grf.rf/gntv_or_sync_fifo.gl1.lsshft/crd/count_reg[1]/PRE
                            (recovery check against rising-edge clock sys_clk_pin  {rise@0.000ns fall@5.000ns period=10.000ns})
  Path Group:             **async_default**
  Path Type:              Recovery (Max at Slow Process Corner)
  Requirement:            10.000ns  (sys_clk_pin rise@10.000ns - sys_clk_pin rise@0.000ns)
  Data Path Delay:        2.412ns  (logic 0.642ns (26.617%)  route 1.770ns (73.383%))
  Logic Levels:           1  (LUT3=1)
  Clock Path Skew:        -0.026ns (DCD - SCD + CPR)
    Destination Clock Delay (DCD):    4.918ns = ( 14.918 - 10.000 ) 
    Source Clock Delay      (SCD):    5.371ns
    Clock Pessimism Removal (CPR):    0.428ns
  Clock Uncertainty:      0.035ns  ((TSJ^2 + TIJ^2)^1/2 + DJ) / 2 + PE
    Total System Jitter     (TSJ):    0.071ns
    Total Input Jitter      (TIJ):    0.000ns
    Discrete Jitter          (DJ):    0.000ns
    Phase Error              (PE):    0.000ns

    Location             Delay type                Incr(ns)  Path(ns)    Netlist Resource(s)
  -------------------------------------------------------------------    -------------------
                         (clock sys_clk_pin rise edge)
                                                      0.000     0.000 r  
    H16                                               0.000     0.000 r  clk (IN)
                         net (fo=0)                   0.000     0.000    clk
    H16                  IBUF (Prop_ibuf_I_O)         1.457     1.457 r  clk_IBUF_inst/O
                         net (fo=1, routed)           2.076     3.533    clk_IBUF
    BUFGCTRL_X0Y16       BUFG (Prop_bufg_I_O)         0.101     3.634 r  clk_IBUF_BUFG_inst/O
                         net (fo=63, routed)          1.737     5.371    FIFO/U0/inst_fifo_gen/gconvfifo.rf/grf.rf/rstblk/clk
    SLICE_X38Y58         FDRE                                         r  FIFO/U0/inst_fifo_gen/gconvfifo.rf/grf.rf/rstblk/ngwrdrst.grst.g7serrst.gnsckt_wrst.gcc_rst.sckt_wr_rst_cc_reg[1]/C
  -------------------------------------------------------------------    -------------------
    SLICE_X38Y58         FDRE (Prop_fdre_C_Q)         0.518     5.889 f  FIFO/U0/inst_fifo_gen/gconvfifo.rf/grf.rf/rstblk/ngwrdrst.grst.g7serrst.gnsckt_wrst.gcc_rst.sckt_wr_rst_cc_reg[1]/Q
                         net (fo=4, routed)           0.804     6.693    FIFO/U0/inst_fifo_gen/gconvfifo.rf/grf.rf/rstblk/p_0_in[2]
    SLICE_X38Y58         LUT3 (Prop_lut3_I1_O)        0.124     6.817 f  FIFO/U0/inst_fifo_gen/gconvfifo.rf/grf.rf/rstblk/dout_i[1]_i_2/O
                         net (fo=16, routed)          0.966     7.783    FIFO/U0/inst_fifo_gen/gconvfifo.rf/grf.rf/gntv_or_sync_fifo.gl1.lsshft/crd/count_reg[3]_0
    SLICE_X39Y60         FDPE                                         f  FIFO/U0/inst_fifo_gen/gconvfifo.rf/grf.rf/gntv_or_sync_fifo.gl1.lsshft/crd/count_reg[1]/PRE
  -------------------------------------------------------------------    -------------------

                         (clock sys_clk_pin rise edge)
                                                     10.000    10.000 r  
    H16                                               0.000    10.000 r  clk (IN)
                         net (fo=0)                   0.000    10.000    clk
    H16                  IBUF (Prop_ibuf_I_O)         1.387    11.387 r  clk_IBUF_inst/O
                         net (fo=1, routed)           1.880    13.267    clk_IBUF
    BUFGCTRL_X0Y16       BUFG (Prop_bufg_I_O)         0.091    13.358 r  clk_IBUF_BUFG_inst/O
                         net (fo=63, routed)          1.560    14.918    FIFO/U0/inst_fifo_gen/gconvfifo.rf/grf.rf/gntv_or_sync_fifo.gl1.lsshft/crd/clk
    SLICE_X39Y60         FDPE                                         r  FIFO/U0/inst_fifo_gen/gconvfifo.rf/grf.rf/gntv_or_sync_fifo.gl1.lsshft/crd/count_reg[1]/C
                         clock pessimism              0.428    15.345    
                         clock uncertainty           -0.035    15.310    
    SLICE_X39Y60         FDPE (Recov_fdpe_C_PRE)     -0.359    14.951    FIFO/U0/inst_fifo_gen/gconvfifo.rf/grf.rf/gntv_or_sync_fifo.gl1.lsshft/crd/count_reg[1]
  -------------------------------------------------------------------
                         required time                         14.951    
                         arrival time                          -7.783    
  -------------------------------------------------------------------
                         slack                                  7.168    

Slack (MET) :             7.168ns  (required time - arrival time)
  Source:                 FIFO/U0/inst_fifo_gen/gconvfifo.rf/grf.rf/rstblk/ngwrdrst.grst.g7serrst.gnsckt_wrst.gcc_rst.sckt_wr_rst_cc_reg[1]/C
                            (rising edge-triggered cell FDRE clocked by sys_clk_pin  {rise@0.000ns fall@5.000ns period=10.000ns})
  Destination:            FIFO/U0/inst_fifo_gen/gconvfifo.rf/grf.rf/gntv_or_sync_fifo.gl1.lsshft/crd/count_reg[2]/PRE
                            (recovery check against rising-edge clock sys_clk_pin  {rise@0.000ns fall@5.000ns period=10.000ns})
  Path Group:             **async_default**
  Path Type:              Recovery (Max at Slow Process Corner)
  Requirement:            10.000ns  (sys_clk_pin rise@10.000ns - sys_clk_pin rise@0.000ns)
  Data Path Delay:        2.412ns  (logic 0.642ns (26.617%)  route 1.770ns (73.383%))
  Logic Levels:           1  (LUT3=1)
  Clock Path Skew:        -0.026ns (DCD - SCD + CPR)
    Destination Clock Delay (DCD):    4.918ns = ( 14.918 - 10.000 ) 
    Source Clock Delay      (SCD):    5.371ns
    Clock Pessimism Removal (CPR):    0.428ns
  Clock Uncertainty:      0.035ns  ((TSJ^2 + TIJ^2)^1/2 + DJ) / 2 + PE
    Total System Jitter     (TSJ):    0.071ns
    Total Input Jitter      (TIJ):    0.000ns
    Discrete Jitter          (DJ):    0.000ns
    Phase Error              (PE):    0.000ns

    Location             Delay type                Incr(ns)  Path(ns)    Netlist Resource(s)
  -------------------------------------------------------------------    -------------------
                         (clock sys_clk_pin rise edge)
                                                      0.000     0.000 r  
    H16                                               0.000     0.000 r  clk (IN)
                         net (fo=0)                   0.000     0.000    clk
    H16                  IBUF (Prop_ibuf_I_O)         1.457     1.457 r  clk_IBUF_inst/O
                         net (fo=1, routed)           2.076     3.533    clk_IBUF
    BUFGCTRL_X0Y16       BUFG (Prop_bufg_I_O)         0.101     3.634 r  clk_IBUF_BUFG_inst/O
                         net (fo=63, routed)          1.737     5.371    FIFO/U0/inst_fifo_gen/gconvfifo.rf/grf.rf/rstblk/clk
    SLICE_X38Y58         FDRE                                         r  FIFO/U0/inst_fifo_gen/gconvfifo.rf/grf.rf/rstblk/ngwrdrst.grst.g7serrst.gnsckt_wrst.gcc_rst.sckt_wr_rst_cc_reg[1]/C
  -------------------------------------------------------------------    -------------------
    SLICE_X38Y58         FDRE (Prop_fdre_C_Q)         0.518     5.889 f  FIFO/U0/inst_fifo_gen/gconvfifo.rf/grf.rf/rstblk/ngwrdrst.grst.g7serrst.gnsckt_wrst.gcc_rst.sckt_wr_rst_cc_reg[1]/Q
                         net (fo=4, routed)           0.804     6.693    FIFO/U0/inst_fifo_gen/gconvfifo.rf/grf.rf/rstblk/p_0_in[2]
    SLICE_X38Y58         LUT3 (Prop_lut3_I1_O)        0.124     6.817 f  FIFO/U0/inst_fifo_gen/gconvfifo.rf/grf.rf/rstblk/dout_i[1]_i_2/O
                         net (fo=16, routed)          0.966     7.783    FIFO/U0/inst_fifo_gen/gconvfifo.rf/grf.rf/gntv_or_sync_fifo.gl1.lsshft/crd/count_reg[3]_0
    SLICE_X39Y60         FDPE                                         f  FIFO/U0/inst_fifo_gen/gconvfifo.rf/grf.rf/gntv_or_sync_fifo.gl1.lsshft/crd/count_reg[2]/PRE
  -------------------------------------------------------------------    -------------------

                         (clock sys_clk_pin rise edge)
                                                     10.000    10.000 r  
    H16                                               0.000    10.000 r  clk (IN)
                         net (fo=0)                   0.000    10.000    clk
    H16                  IBUF (Prop_ibuf_I_O)         1.387    11.387 r  clk_IBUF_inst/O
                         net (fo=1, routed)           1.880    13.267    clk_IBUF
    BUFGCTRL_X0Y16       BUFG (Prop_bufg_I_O)         0.091    13.358 r  clk_IBUF_BUFG_inst/O
                         net (fo=63, routed)          1.560    14.918    FIFO/U0/inst_fifo_gen/gconvfifo.rf/grf.rf/gntv_or_sync_fifo.gl1.lsshft/crd/clk
    SLICE_X39Y60         FDPE                                         r  FIFO/U0/inst_fifo_gen/gconvfifo.rf/grf.rf/gntv_or_sync_fifo.gl1.lsshft/crd/count_reg[2]/C
                         clock pessimism              0.428    15.345    
                         clock uncertainty           -0.035    15.310    
    SLICE_X39Y60         FDPE (Recov_fdpe_C_PRE)     -0.359    14.951    FIFO/U0/inst_fifo_gen/gconvfifo.rf/grf.rf/gntv_or_sync_fifo.gl1.lsshft/crd/count_reg[2]
  -------------------------------------------------------------------
                         required time                         14.951    
                         arrival time                          -7.783    
  -------------------------------------------------------------------
                         slack                                  7.168    

Slack (MET) :             7.168ns  (required time - arrival time)
  Source:                 FIFO/U0/inst_fifo_gen/gconvfifo.rf/grf.rf/rstblk/ngwrdrst.grst.g7serrst.gnsckt_wrst.gcc_rst.sckt_wr_rst_cc_reg[1]/C
                            (rising edge-triggered cell FDRE clocked by sys_clk_pin  {rise@0.000ns fall@5.000ns period=10.000ns})
  Destination:            FIFO/U0/inst_fifo_gen/gconvfifo.rf/grf.rf/gntv_or_sync_fifo.gl1.lsshft/crd/count_reg[3]/PRE
                            (recovery check against rising-edge clock sys_clk_pin  {rise@0.000ns fall@5.000ns period=10.000ns})
  Path Group:             **async_default**
  Path Type:              Recovery (Max at Slow Process Corner)
  Requirement:            10.000ns  (sys_clk_pin rise@10.000ns - sys_clk_pin rise@0.000ns)
  Data Path Delay:        2.412ns  (logic 0.642ns (26.617%)  route 1.770ns (73.383%))
  Logic Levels:           1  (LUT3=1)
  Clock Path Skew:        -0.026ns (DCD - SCD + CPR)
    Destination Clock Delay (DCD):    4.918ns = ( 14.918 - 10.000 ) 
    Source Clock Delay      (SCD):    5.371ns
    Clock Pessimism Removal (CPR):    0.428ns
  Clock Uncertainty:      0.035ns  ((TSJ^2 + TIJ^2)^1/2 + DJ) / 2 + PE
    Total System Jitter     (TSJ):    0.071ns
    Total Input Jitter      (TIJ):    0.000ns
    Discrete Jitter          (DJ):    0.000ns
    Phase Error              (PE):    0.000ns

    Location             Delay type                Incr(ns)  Path(ns)    Netlist Resource(s)
  -------------------------------------------------------------------    -------------------
                         (clock sys_clk_pin rise edge)
                                                      0.000     0.000 r  
    H16                                               0.000     0.000 r  clk (IN)
                         net (fo=0)                   0.000     0.000    clk
    H16                  IBUF (Prop_ibuf_I_O)         1.457     1.457 r  clk_IBUF_inst/O
                         net (fo=1, routed)           2.076     3.533    clk_IBUF
    BUFGCTRL_X0Y16       BUFG (Prop_bufg_I_O)         0.101     3.634 r  clk_IBUF_BUFG_inst/O
                         net (fo=63, routed)          1.737     5.371    FIFO/U0/inst_fifo_gen/gconvfifo.rf/grf.rf/rstblk/clk
    SLICE_X38Y58         FDRE                                         r  FIFO/U0/inst_fifo_gen/gconvfifo.rf/grf.rf/rstblk/ngwrdrst.grst.g7serrst.gnsckt_wrst.gcc_rst.sckt_wr_rst_cc_reg[1]/C
  -------------------------------------------------------------------    -------------------
    SLICE_X38Y58         FDRE (Prop_fdre_C_Q)         0.518     5.889 f  FIFO/U0/inst_fifo_gen/gconvfifo.rf/grf.rf/rstblk/ngwrdrst.grst.g7serrst.gnsckt_wrst.gcc_rst.sckt_wr_rst_cc_reg[1]/Q
                         net (fo=4, routed)           0.804     6.693    FIFO/U0/inst_fifo_gen/gconvfifo.rf/grf.rf/rstblk/p_0_in[2]
    SLICE_X38Y58         LUT3 (Prop_lut3_I1_O)        0.124     6.817 f  FIFO/U0/inst_fifo_gen/gconvfifo.rf/grf.rf/rstblk/dout_i[1]_i_2/O
                         net (fo=16, routed)          0.966     7.783    FIFO/U0/inst_fifo_gen/gconvfifo.rf/grf.rf/gntv_or_sync_fifo.gl1.lsshft/crd/count_reg[3]_0
    SLICE_X39Y60         FDPE                                         f  FIFO/U0/inst_fifo_gen/gconvfifo.rf/grf.rf/gntv_or_sync_fifo.gl1.lsshft/crd/count_reg[3]/PRE
  -------------------------------------------------------------------    -------------------

                         (clock sys_clk_pin rise edge)
                                                     10.000    10.000 r  
    H16                                               0.000    10.000 r  clk (IN)
                         net (fo=0)                   0.000    10.000    clk
    H16                  IBUF (Prop_ibuf_I_O)         1.387    11.387 r  clk_IBUF_inst/O
                         net (fo=1, routed)           1.880    13.267    clk_IBUF
    BUFGCTRL_X0Y16       BUFG (Prop_bufg_I_O)         0.091    13.358 r  clk_IBUF_BUFG_inst/O
                         net (fo=63, routed)          1.560    14.918    FIFO/U0/inst_fifo_gen/gconvfifo.rf/grf.rf/gntv_or_sync_fifo.gl1.lsshft/crd/clk
    SLICE_X39Y60         FDPE                                         r  FIFO/U0/inst_fifo_gen/gconvfifo.rf/grf.rf/gntv_or_sync_fifo.gl1.lsshft/crd/count_reg[3]/C
                         clock pessimism              0.428    15.345    
                         clock uncertainty           -0.035    15.310    
    SLICE_X39Y60         FDPE (Recov_fdpe_C_PRE)     -0.359    14.951    FIFO/U0/inst_fifo_gen/gconvfifo.rf/grf.rf/gntv_or_sync_fifo.gl1.lsshft/crd/count_reg[3]
  -------------------------------------------------------------------
                         required time                         14.951    
                         arrival time                          -7.783    
  -------------------------------------------------------------------
                         slack                                  7.168    

Slack (MET) :             7.243ns  (required time - arrival time)
  Source:                 FIFO/U0/inst_fifo_gen/gconvfifo.rf/grf.rf/rstblk/ngwrdrst.grst.g7serrst.gnsckt_wrst.gcc_rst.sckt_wr_rst_cc_reg[1]/C
                            (rising edge-triggered cell FDRE clocked by sys_clk_pin  {rise@0.000ns fall@5.000ns period=10.000ns})
  Destination:            FIFO/U0/inst_fifo_gen/gconvfifo.rf/grf.rf/gntv_or_sync_fifo.gl1.lsshft/c0/count_reg[0]/CLR
                            (recovery check against rising-edge clock sys_clk_pin  {rise@0.000ns fall@5.000ns period=10.000ns})
  Path Group:             **async_default**
  Path Type:              Recovery (Max at Slow Process Corner)
  Requirement:            10.000ns  (sys_clk_pin rise@10.000ns - sys_clk_pin rise@0.000ns)
  Data Path Delay:        2.254ns  (logic 0.642ns (28.477%)  route 1.612ns (71.523%))
  Logic Levels:           1  (LUT3=1)
  Clock Path Skew:        -0.062ns (DCD - SCD + CPR)
    Destination Clock Delay (DCD):    4.919ns = ( 14.919 - 10.000 ) 
    Source Clock Delay      (SCD):    5.371ns
    Clock Pessimism Removal (CPR):    0.391ns
  Clock Uncertainty:      0.035ns  ((TSJ^2 + TIJ^2)^1/2 + DJ) / 2 + PE
    Total System Jitter     (TSJ):    0.071ns
    Total Input Jitter      (TIJ):    0.000ns
    Discrete Jitter          (DJ):    0.000ns
    Phase Error              (PE):    0.000ns

    Location             Delay type                Incr(ns)  Path(ns)    Netlist Resource(s)
  -------------------------------------------------------------------    -------------------
                         (clock sys_clk_pin rise edge)
                                                      0.000     0.000 r  
    H16                                               0.000     0.000 r  clk (IN)
                         net (fo=0)                   0.000     0.000    clk
    H16                  IBUF (Prop_ibuf_I_O)         1.457     1.457 r  clk_IBUF_inst/O
                         net (fo=1, routed)           2.076     3.533    clk_IBUF
    BUFGCTRL_X0Y16       BUFG (Prop_bufg_I_O)         0.101     3.634 r  clk_IBUF_BUFG_inst/O
                         net (fo=63, routed)          1.737     5.371    FIFO/U0/inst_fifo_gen/gconvfifo.rf/grf.rf/rstblk/clk
    SLICE_X38Y58         FDRE                                         r  FIFO/U0/inst_fifo_gen/gconvfifo.rf/grf.rf/rstblk/ngwrdrst.grst.g7serrst.gnsckt_wrst.gcc_rst.sckt_wr_rst_cc_reg[1]/C
  -------------------------------------------------------------------    -------------------
    SLICE_X38Y58         FDRE (Prop_fdre_C_Q)         0.518     5.889 f  FIFO/U0/inst_fifo_gen/gconvfifo.rf/grf.rf/rstblk/ngwrdrst.grst.g7serrst.gnsckt_wrst.gcc_rst.sckt_wr_rst_cc_reg[1]/Q
                         net (fo=4, routed)           0.804     6.693    FIFO/U0/inst_fifo_gen/gconvfifo.rf/grf.rf/rstblk/p_0_in[2]
    SLICE_X38Y58         LUT3 (Prop_lut3_I1_O)        0.124     6.817 f  FIFO/U0/inst_fifo_gen/gconvfifo.rf/grf.rf/rstblk/dout_i[1]_i_2/O
                         net (fo=16, routed)          0.809     7.626    FIFO/U0/inst_fifo_gen/gconvfifo.rf/grf.rf/gntv_or_sync_fifo.gl1.lsshft/c0/count_reg[0]_0
    SLICE_X40Y60         FDCE                                         f  FIFO/U0/inst_fifo_gen/gconvfifo.rf/grf.rf/gntv_or_sync_fifo.gl1.lsshft/c0/count_reg[0]/CLR
  -------------------------------------------------------------------    -------------------

                         (clock sys_clk_pin rise edge)
                                                     10.000    10.000 r  
    H16                                               0.000    10.000 r  clk (IN)
                         net (fo=0)                   0.000    10.000    clk
    H16                  IBUF (Prop_ibuf_I_O)         1.387    11.387 r  clk_IBUF_inst/O
                         net (fo=1, routed)           1.880    13.267    clk_IBUF
    BUFGCTRL_X0Y16       BUFG (Prop_bufg_I_O)         0.091    13.358 r  clk_IBUF_BUFG_inst/O
                         net (fo=63, routed)          1.561    14.919    FIFO/U0/inst_fifo_gen/gconvfifo.rf/grf.rf/gntv_or_sync_fifo.gl1.lsshft/c0/clk
    SLICE_X40Y60         FDCE                                         r  FIFO/U0/inst_fifo_gen/gconvfifo.rf/grf.rf/gntv_or_sync_fifo.gl1.lsshft/c0/count_reg[0]/C
                         clock pessimism              0.391    15.309    
                         clock uncertainty           -0.035    15.274    
    SLICE_X40Y60         FDCE (Recov_fdce_C_CLR)     -0.405    14.869    FIFO/U0/inst_fifo_gen/gconvfifo.rf/grf.rf/gntv_or_sync_fifo.gl1.lsshft/c0/count_reg[0]
  -------------------------------------------------------------------
                         required time                         14.869    
                         arrival time                          -7.626    
  -------------------------------------------------------------------
                         slack                                  7.243    





Min Delay Paths
--------------------------------------------------------------------------------------
Slack (MET) :             0.435ns  (arrival time - required time)
  Source:                 FIFO/U0/inst_fifo_gen/gconvfifo.rf/grf.rf/rstblk/grstd1.grst_full.grst_f.rst_d2_reg/C
                            (rising edge-triggered cell FDPE clocked by sys_clk_pin  {rise@0.000ns fall@5.000ns period=10.000ns})
  Destination:            FIFO/U0/inst_fifo_gen/gconvfifo.rf/grf.rf/gntv_or_sync_fifo.gl1.lsshft/wsts/ram_full_fb_i_reg/PRE
                            (removal check against rising-edge clock sys_clk_pin  {rise@0.000ns fall@5.000ns period=10.000ns})
  Path Group:             **async_default**
  Path Type:              Removal (Min at Fast Process Corner)
  Requirement:            0.000ns  (sys_clk_pin rise@0.000ns - sys_clk_pin rise@0.000ns)
  Data Path Delay:        0.324ns  (logic 0.128ns (39.518%)  route 0.196ns (60.482%))
  Logic Levels:           0  
  Clock Path Skew:        0.038ns (DCD - SCD - CPR)
    Destination Clock Delay (DCD):    1.982ns
    Source Clock Delay      (SCD):    1.463ns
    Clock Pessimism Removal (CPR):    0.481ns

    Location             Delay type                Incr(ns)  Path(ns)    Netlist Resource(s)
  -------------------------------------------------------------------    -------------------
                         (clock sys_clk_pin rise edge)
                                                      0.000     0.000 r  
    H16                                               0.000     0.000 r  clk (IN)
                         net (fo=0)                   0.000     0.000    clk
    H16                  IBUF (Prop_ibuf_I_O)         0.225     0.225 r  clk_IBUF_inst/O
                         net (fo=1, routed)           0.627     0.852    clk_IBUF
    BUFGCTRL_X0Y16       BUFG (Prop_bufg_I_O)         0.026     0.878 r  clk_IBUF_BUFG_inst/O
                         net (fo=63, routed)          0.585     1.463    FIFO/U0/inst_fifo_gen/gconvfifo.rf/grf.rf/rstblk/clk
    SLICE_X39Y58         FDPE                                         r  FIFO/U0/inst_fifo_gen/gconvfifo.rf/grf.rf/rstblk/grstd1.grst_full.grst_f.rst_d2_reg/C
  -------------------------------------------------------------------    -------------------
    SLICE_X39Y58         FDPE (Prop_fdpe_C_Q)         0.128     1.591 f  FIFO/U0/inst_fifo_gen/gconvfifo.rf/grf.rf/rstblk/grstd1.grst_full.grst_f.rst_d2_reg/Q
                         net (fo=3, routed)           0.196     1.787    FIFO/U0/inst_fifo_gen/gconvfifo.rf/grf.rf/gntv_or_sync_fifo.gl1.lsshft/wsts/ram_full_i_reg_0
    SLICE_X40Y58         FDPE                                         f  FIFO/U0/inst_fifo_gen/gconvfifo.rf/grf.rf/gntv_or_sync_fifo.gl1.lsshft/wsts/ram_full_fb_i_reg/PRE
  -------------------------------------------------------------------    -------------------

                         (clock sys_clk_pin rise edge)
                                                      0.000     0.000 r  
    H16                                               0.000     0.000 r  clk (IN)
                         net (fo=0)                   0.000     0.000    clk
    H16                  IBUF (Prop_ibuf_I_O)         0.413     0.413 r  clk_IBUF_inst/O
                         net (fo=1, routed)           0.683     1.096    clk_IBUF
    BUFGCTRL_X0Y16       BUFG (Prop_bufg_I_O)         0.029     1.125 r  clk_IBUF_BUFG_inst/O
                         net (fo=63, routed)          0.857     1.982    FIFO/U0/inst_fifo_gen/gconvfifo.rf/grf.rf/gntv_or_sync_fifo.gl1.lsshft/wsts/clk
    SLICE_X40Y58         FDPE                                         r  FIFO/U0/inst_fifo_gen/gconvfifo.rf/grf.rf/gntv_or_sync_fifo.gl1.lsshft/wsts/ram_full_fb_i_reg/C
                         clock pessimism             -0.481     1.501    
    SLICE_X40Y58         FDPE (Remov_fdpe_C_PRE)     -0.149     1.352    FIFO/U0/inst_fifo_gen/gconvfifo.rf/grf.rf/gntv_or_sync_fifo.gl1.lsshft/wsts/ram_full_fb_i_reg
  -------------------------------------------------------------------
                         required time                         -1.352    
                         arrival time                           1.787    
  -------------------------------------------------------------------
                         slack                                  0.435    

Slack (MET) :             0.435ns  (arrival time - required time)
  Source:                 FIFO/U0/inst_fifo_gen/gconvfifo.rf/grf.rf/rstblk/grstd1.grst_full.grst_f.rst_d2_reg/C
                            (rising edge-triggered cell FDPE clocked by sys_clk_pin  {rise@0.000ns fall@5.000ns period=10.000ns})
  Destination:            FIFO/U0/inst_fifo_gen/gconvfifo.rf/grf.rf/gntv_or_sync_fifo.gl1.lsshft/wsts/ram_full_i_reg/PRE
                            (removal check against rising-edge clock sys_clk_pin  {rise@0.000ns fall@5.000ns period=10.000ns})
  Path Group:             **async_default**
  Path Type:              Removal (Min at Fast Process Corner)
  Requirement:            0.000ns  (sys_clk_pin rise@0.000ns - sys_clk_pin rise@0.000ns)
  Data Path Delay:        0.324ns  (logic 0.128ns (39.518%)  route 0.196ns (60.482%))
  Logic Levels:           0  
  Clock Path Skew:        0.038ns (DCD - SCD - CPR)
    Destination Clock Delay (DCD):    1.982ns
    Source Clock Delay      (SCD):    1.463ns
    Clock Pessimism Removal (CPR):    0.481ns

    Location             Delay type                Incr(ns)  Path(ns)    Netlist Resource(s)
  -------------------------------------------------------------------    -------------------
                         (clock sys_clk_pin rise edge)
                                                      0.000     0.000 r  
    H16                                               0.000     0.000 r  clk (IN)
                         net (fo=0)                   0.000     0.000    clk
    H16                  IBUF (Prop_ibuf_I_O)         0.225     0.225 r  clk_IBUF_inst/O
                         net (fo=1, routed)           0.627     0.852    clk_IBUF
    BUFGCTRL_X0Y16       BUFG (Prop_bufg_I_O)         0.026     0.878 r  clk_IBUF_BUFG_inst/O
                         net (fo=63, routed)          0.585     1.463    FIFO/U0/inst_fifo_gen/gconvfifo.rf/grf.rf/rstblk/clk
    SLICE_X39Y58         FDPE                                         r  FIFO/U0/inst_fifo_gen/gconvfifo.rf/grf.rf/rstblk/grstd1.grst_full.grst_f.rst_d2_reg/C
  -------------------------------------------------------------------    -------------------
    SLICE_X39Y58         FDPE (Prop_fdpe_C_Q)         0.128     1.591 f  FIFO/U0/inst_fifo_gen/gconvfifo.rf/grf.rf/rstblk/grstd1.grst_full.grst_f.rst_d2_reg/Q
                         net (fo=3, routed)           0.196     1.787    FIFO/U0/inst_fifo_gen/gconvfifo.rf/grf.rf/gntv_or_sync_fifo.gl1.lsshft/wsts/ram_full_i_reg_0
    SLICE_X40Y58         FDPE                                         f  FIFO/U0/inst_fifo_gen/gconvfifo.rf/grf.rf/gntv_or_sync_fifo.gl1.lsshft/wsts/ram_full_i_reg/PRE
  -------------------------------------------------------------------    -------------------

                         (clock sys_clk_pin rise edge)
                                                      0.000     0.000 r  
    H16                                               0.000     0.000 r  clk (IN)
                         net (fo=0)                   0.000     0.000    clk
    H16                  IBUF (Prop_ibuf_I_O)         0.413     0.413 r  clk_IBUF_inst/O
                         net (fo=1, routed)           0.683     1.096    clk_IBUF
    BUFGCTRL_X0Y16       BUFG (Prop_bufg_I_O)         0.029     1.125 r  clk_IBUF_BUFG_inst/O
                         net (fo=63, routed)          0.857     1.982    FIFO/U0/inst_fifo_gen/gconvfifo.rf/grf.rf/gntv_or_sync_fifo.gl1.lsshft/wsts/clk
    SLICE_X40Y58         FDPE                                         r  FIFO/U0/inst_fifo_gen/gconvfifo.rf/grf.rf/gntv_or_sync_fifo.gl1.lsshft/wsts/ram_full_i_reg/C
                         clock pessimism             -0.481     1.501    
    SLICE_X40Y58         FDPE (Remov_fdpe_C_PRE)     -0.149     1.352    FIFO/U0/inst_fifo_gen/gconvfifo.rf/grf.rf/gntv_or_sync_fifo.gl1.lsshft/wsts/ram_full_i_reg
  -------------------------------------------------------------------
                         required time                         -1.352    
                         arrival time                           1.787    
  -------------------------------------------------------------------
                         slack                                  0.435    

Slack (MET) :             0.644ns  (arrival time - required time)
  Source:                 FIFO/U0/inst_fifo_gen/gconvfifo.rf/grf.rf/rstblk/ngwrdrst.grst.g7serrst.gnsckt_wrst.rst_wr_reg2_inst/arststages_ff_reg[1]/C
                            (rising edge-triggered cell FDPE clocked by sys_clk_pin  {rise@0.000ns fall@5.000ns period=10.000ns})
  Destination:            FIFO/U0/inst_fifo_gen/gconvfifo.rf/grf.rf/rstblk/grstd1.grst_full.grst_f.rst_d1_reg/PRE
                            (removal check against rising-edge clock sys_clk_pin  {rise@0.000ns fall@5.000ns period=10.000ns})
  Path Group:             **async_default**
  Path Type:              Removal (Min at Fast Process Corner)
  Requirement:            0.000ns  (sys_clk_pin rise@0.000ns - sys_clk_pin rise@0.000ns)
  Data Path Delay:        0.511ns  (logic 0.128ns (25.034%)  route 0.383ns (74.965%))
  Logic Levels:           0  
  Clock Path Skew:        0.016ns (DCD - SCD - CPR)
    Destination Clock Delay (DCD):    1.980ns
    Source Clock Delay      (SCD):    1.463ns
    Clock Pessimism Removal (CPR):    0.501ns

    Location             Delay type                Incr(ns)  Path(ns)    Netlist Resource(s)
  -------------------------------------------------------------------    -------------------
                         (clock sys_clk_pin rise edge)
                                                      0.000     0.000 r  
    H16                                               0.000     0.000 r  clk (IN)
                         net (fo=0)                   0.000     0.000    clk
    H16                  IBUF (Prop_ibuf_I_O)         0.225     0.225 r  clk_IBUF_inst/O
                         net (fo=1, routed)           0.627     0.852    clk_IBUF
    BUFGCTRL_X0Y16       BUFG (Prop_bufg_I_O)         0.026     0.878 r  clk_IBUF_BUFG_inst/O
                         net (fo=63, routed)          0.585     1.463    FIFO/U0/inst_fifo_gen/gconvfifo.rf/grf.rf/rstblk/ngwrdrst.grst.g7serrst.gnsckt_wrst.rst_wr_reg2_inst/dest_clk
    SLICE_X37Y59         FDPE                                         r  FIFO/U0/inst_fifo_gen/gconvfifo.rf/grf.rf/rstblk/ngwrdrst.grst.g7serrst.gnsckt_wrst.rst_wr_reg2_inst/arststages_ff_reg[1]/C
  -------------------------------------------------------------------    -------------------
    SLICE_X37Y59         FDPE (Prop_fdpe_C_Q)         0.128     1.591 f  FIFO/U0/inst_fifo_gen/gconvfifo.rf/grf.rf/rstblk/ngwrdrst.grst.g7serrst.gnsckt_wrst.rst_wr_reg2_inst/arststages_ff_reg[1]/Q
                         net (fo=7, routed)           0.383     1.974    FIFO/U0/inst_fifo_gen/gconvfifo.rf/grf.rf/rstblk/rst_wr_reg2
    SLICE_X39Y58         FDPE                                         f  FIFO/U0/inst_fifo_gen/gconvfifo.rf/grf.rf/rstblk/grstd1.grst_full.grst_f.rst_d1_reg/PRE
  -------------------------------------------------------------------    -------------------

                         (clock sys_clk_pin rise edge)
                                                      0.000     0.000 r  
    H16                                               0.000     0.000 r  clk (IN)
                         net (fo=0)                   0.000     0.000    clk
    H16                  IBUF (Prop_ibuf_I_O)         0.413     0.413 r  clk_IBUF_inst/O
                         net (fo=1, routed)           0.683     1.096    clk_IBUF
    BUFGCTRL_X0Y16       BUFG (Prop_bufg_I_O)         0.029     1.125 r  clk_IBUF_BUFG_inst/O
                         net (fo=63, routed)          0.855     1.980    FIFO/U0/inst_fifo_gen/gconvfifo.rf/grf.rf/rstblk/clk
    SLICE_X39Y58         FDPE                                         r  FIFO/U0/inst_fifo_gen/gconvfifo.rf/grf.rf/rstblk/grstd1.grst_full.grst_f.rst_d1_reg/C
                         clock pessimism             -0.501     1.479    
    SLICE_X39Y58         FDPE (Remov_fdpe_C_PRE)     -0.149     1.330    FIFO/U0/inst_fifo_gen/gconvfifo.rf/grf.rf/rstblk/grstd1.grst_full.grst_f.rst_d1_reg
  -------------------------------------------------------------------
                         required time                         -1.330    
                         arrival time                           1.974    
  -------------------------------------------------------------------
                         slack                                  0.644    

Slack (MET) :             0.644ns  (arrival time - required time)
  Source:                 FIFO/U0/inst_fifo_gen/gconvfifo.rf/grf.rf/rstblk/ngwrdrst.grst.g7serrst.gnsckt_wrst.rst_wr_reg2_inst/arststages_ff_reg[1]/C
                            (rising edge-triggered cell FDPE clocked by sys_clk_pin  {rise@0.000ns fall@5.000ns period=10.000ns})
  Destination:            FIFO/U0/inst_fifo_gen/gconvfifo.rf/grf.rf/rstblk/grstd1.grst_full.grst_f.rst_d2_reg/PRE
                            (removal check against rising-edge clock sys_clk_pin  {rise@0.000ns fall@5.000ns period=10.000ns})
  Path Group:             **async_default**
  Path Type:              Removal (Min at Fast Process Corner)
  Requirement:            0.000ns  (sys_clk_pin rise@0.000ns - sys_clk_pin rise@0.000ns)
  Data Path Delay:        0.511ns  (logic 0.128ns (25.034%)  route 0.383ns (74.965%))
  Logic Levels:           0  
  Clock Path Skew:        0.016ns (DCD - SCD - CPR)
    Destination Clock Delay (DCD):    1.980ns
    Source Clock Delay      (SCD):    1.463ns
    Clock Pessimism Removal (CPR):    0.501ns

    Location             Delay type                Incr(ns)  Path(ns)    Netlist Resource(s)
  -------------------------------------------------------------------    -------------------
                         (clock sys_clk_pin rise edge)
                                                      0.000     0.000 r  
    H16                                               0.000     0.000 r  clk (IN)
                         net (fo=0)                   0.000     0.000    clk
    H16                  IBUF (Prop_ibuf_I_O)         0.225     0.225 r  clk_IBUF_inst/O
                         net (fo=1, routed)           0.627     0.852    clk_IBUF
    BUFGCTRL_X0Y16       BUFG (Prop_bufg_I_O)         0.026     0.878 r  clk_IBUF_BUFG_inst/O
                         net (fo=63, routed)          0.585     1.463    FIFO/U0/inst_fifo_gen/gconvfifo.rf/grf.rf/rstblk/ngwrdrst.grst.g7serrst.gnsckt_wrst.rst_wr_reg2_inst/dest_clk
    SLICE_X37Y59         FDPE                                         r  FIFO/U0/inst_fifo_gen/gconvfifo.rf/grf.rf/rstblk/ngwrdrst.grst.g7serrst.gnsckt_wrst.rst_wr_reg2_inst/arststages_ff_reg[1]/C
  -------------------------------------------------------------------    -------------------
    SLICE_X37Y59         FDPE (Prop_fdpe_C_Q)         0.128     1.591 f  FIFO/U0/inst_fifo_gen/gconvfifo.rf/grf.rf/rstblk/ngwrdrst.grst.g7serrst.gnsckt_wrst.rst_wr_reg2_inst/arststages_ff_reg[1]/Q
                         net (fo=7, routed)           0.383     1.974    FIFO/U0/inst_fifo_gen/gconvfifo.rf/grf.rf/rstblk/rst_wr_reg2
    SLICE_X39Y58         FDPE                                         f  FIFO/U0/inst_fifo_gen/gconvfifo.rf/grf.rf/rstblk/grstd1.grst_full.grst_f.rst_d2_reg/PRE
  -------------------------------------------------------------------    -------------------

                         (clock sys_clk_pin rise edge)
                                                      0.000     0.000 r  
    H16                                               0.000     0.000 r  clk (IN)
                         net (fo=0)                   0.000     0.000    clk
    H16                  IBUF (Prop_ibuf_I_O)         0.413     0.413 r  clk_IBUF_inst/O
                         net (fo=1, routed)           0.683     1.096    clk_IBUF
    BUFGCTRL_X0Y16       BUFG (Prop_bufg_I_O)         0.029     1.125 r  clk_IBUF_BUFG_inst/O
                         net (fo=63, routed)          0.855     1.980    FIFO/U0/inst_fifo_gen/gconvfifo.rf/grf.rf/rstblk/clk
    SLICE_X39Y58         FDPE                                         r  FIFO/U0/inst_fifo_gen/gconvfifo.rf/grf.rf/rstblk/grstd1.grst_full.grst_f.rst_d2_reg/C
                         clock pessimism             -0.501     1.479    
    SLICE_X39Y58         FDPE (Remov_fdpe_C_PRE)     -0.149     1.330    FIFO/U0/inst_fifo_gen/gconvfifo.rf/grf.rf/rstblk/grstd1.grst_full.grst_f.rst_d2_reg
  -------------------------------------------------------------------
                         required time                         -1.330    
                         arrival time                           1.974    
  -------------------------------------------------------------------
                         slack                                  0.644    

Slack (MET) :             0.644ns  (arrival time - required time)
  Source:                 FIFO/U0/inst_fifo_gen/gconvfifo.rf/grf.rf/rstblk/ngwrdrst.grst.g7serrst.gnsckt_wrst.rst_wr_reg2_inst/arststages_ff_reg[1]/C
                            (rising edge-triggered cell FDPE clocked by sys_clk_pin  {rise@0.000ns fall@5.000ns period=10.000ns})
  Destination:            FIFO/U0/inst_fifo_gen/gconvfifo.rf/grf.rf/rstblk/grstd1.grst_full.grst_f.rst_d3_reg/PRE
                            (removal check against rising-edge clock sys_clk_pin  {rise@0.000ns fall@5.000ns period=10.000ns})
  Path Group:             **async_default**
  Path Type:              Removal (Min at Fast Process Corner)
  Requirement:            0.000ns  (sys_clk_pin rise@0.000ns - sys_clk_pin rise@0.000ns)
  Data Path Delay:        0.511ns  (logic 0.128ns (25.034%)  route 0.383ns (74.965%))
  Logic Levels:           0  
  Clock Path Skew:        0.016ns (DCD - SCD - CPR)
    Destination Clock Delay (DCD):    1.980ns
    Source Clock Delay      (SCD):    1.463ns
    Clock Pessimism Removal (CPR):    0.501ns

    Location             Delay type                Incr(ns)  Path(ns)    Netlist Resource(s)
  -------------------------------------------------------------------    -------------------
                         (clock sys_clk_pin rise edge)
                                                      0.000     0.000 r  
    H16                                               0.000     0.000 r  clk (IN)
                         net (fo=0)                   0.000     0.000    clk
    H16                  IBUF (Prop_ibuf_I_O)         0.225     0.225 r  clk_IBUF_inst/O
                         net (fo=1, routed)           0.627     0.852    clk_IBUF
    BUFGCTRL_X0Y16       BUFG (Prop_bufg_I_O)         0.026     0.878 r  clk_IBUF_BUFG_inst/O
                         net (fo=63, routed)          0.585     1.463    FIFO/U0/inst_fifo_gen/gconvfifo.rf/grf.rf/rstblk/ngwrdrst.grst.g7serrst.gnsckt_wrst.rst_wr_reg2_inst/dest_clk
    SLICE_X37Y59         FDPE                                         r  FIFO/U0/inst_fifo_gen/gconvfifo.rf/grf.rf/rstblk/ngwrdrst.grst.g7serrst.gnsckt_wrst.rst_wr_reg2_inst/arststages_ff_reg[1]/C
  -------------------------------------------------------------------    -------------------
    SLICE_X37Y59         FDPE (Prop_fdpe_C_Q)         0.128     1.591 f  FIFO/U0/inst_fifo_gen/gconvfifo.rf/grf.rf/rstblk/ngwrdrst.grst.g7serrst.gnsckt_wrst.rst_wr_reg2_inst/arststages_ff_reg[1]/Q
                         net (fo=7, routed)           0.383     1.974    FIFO/U0/inst_fifo_gen/gconvfifo.rf/grf.rf/rstblk/rst_wr_reg2
    SLICE_X39Y58         FDPE                                         f  FIFO/U0/inst_fifo_gen/gconvfifo.rf/grf.rf/rstblk/grstd1.grst_full.grst_f.rst_d3_reg/PRE
  -------------------------------------------------------------------    -------------------

                         (clock sys_clk_pin rise edge)
                                                      0.000     0.000 r  
    H16                                               0.000     0.000 r  clk (IN)
                         net (fo=0)                   0.000     0.000    clk
    H16                  IBUF (Prop_ibuf_I_O)         0.413     0.413 r  clk_IBUF_inst/O
                         net (fo=1, routed)           0.683     1.096    clk_IBUF
    BUFGCTRL_X0Y16       BUFG (Prop_bufg_I_O)         0.029     1.125 r  clk_IBUF_BUFG_inst/O
                         net (fo=63, routed)          0.855     1.980    FIFO/U0/inst_fifo_gen/gconvfifo.rf/grf.rf/rstblk/clk
    SLICE_X39Y58         FDPE                                         r  FIFO/U0/inst_fifo_gen/gconvfifo.rf/grf.rf/rstblk/grstd1.grst_full.grst_f.rst_d3_reg/C
                         clock pessimism             -0.501     1.479    
    SLICE_X39Y58         FDPE (Remov_fdpe_C_PRE)     -0.149     1.330    FIFO/U0/inst_fifo_gen/gconvfifo.rf/grf.rf/rstblk/grstd1.grst_full.grst_f.rst_d3_reg
  -------------------------------------------------------------------
                         required time                         -1.330    
                         arrival time                           1.974    
  -------------------------------------------------------------------
                         slack                                  0.644    

Slack (MET) :             0.713ns  (arrival time - required time)
  Source:                 FIFO/U0/inst_fifo_gen/gconvfifo.rf/grf.rf/rstblk/ngwrdrst.grst.g7serrst.gnsckt_wrst.gcc_rst.sckt_wr_rst_cc_reg[0]/C
                            (rising edge-triggered cell FDRE clocked by sys_clk_pin  {rise@0.000ns fall@5.000ns period=10.000ns})
  Destination:            FIFO/U0/inst_fifo_gen/gconvfifo.rf/grf.rf/gntv_or_sync_fifo.gl1.lsshft/rsts/ram_empty_i_reg/PRE
                            (removal check against rising-edge clock sys_clk_pin  {rise@0.000ns fall@5.000ns period=10.000ns})
  Path Group:             **async_default**
  Path Type:              Removal (Min at Fast Process Corner)
  Requirement:            0.000ns  (sys_clk_pin rise@0.000ns - sys_clk_pin rise@0.000ns)
  Data Path Delay:        0.656ns  (logic 0.209ns (31.863%)  route 0.447ns (68.137%))
  Logic Levels:           1  (LUT3=1)
  Clock Path Skew:        0.038ns (DCD - SCD - CPR)
    Destination Clock Delay (DCD):    1.982ns
    Source Clock Delay      (SCD):    1.463ns
    Clock Pessimism Removal (CPR):    0.481ns

    Location             Delay type                Incr(ns)  Path(ns)    Netlist Resource(s)
  -------------------------------------------------------------------    -------------------
                         (clock sys_clk_pin rise edge)
                                                      0.000     0.000 r  
    H16                                               0.000     0.000 r  clk (IN)
                         net (fo=0)                   0.000     0.000    clk
    H16                  IBUF (Prop_ibuf_I_O)         0.225     0.225 r  clk_IBUF_inst/O
                         net (fo=1, routed)           0.627     0.852    clk_IBUF
    BUFGCTRL_X0Y16       BUFG (Prop_bufg_I_O)         0.026     0.878 r  clk_IBUF_BUFG_inst/O
                         net (fo=63, routed)          0.585     1.463    FIFO/U0/inst_fifo_gen/gconvfifo.rf/grf.rf/rstblk/clk
    SLICE_X38Y58         FDRE                                         r  FIFO/U0/inst_fifo_gen/gconvfifo.rf/grf.rf/rstblk/ngwrdrst.grst.g7serrst.gnsckt_wrst.gcc_rst.sckt_wr_rst_cc_reg[0]/C
  -------------------------------------------------------------------    -------------------
    SLICE_X38Y58         FDRE (Prop_fdre_C_Q)         0.164     1.627 f  FIFO/U0/inst_fifo_gen/gconvfifo.rf/grf.rf/rstblk/ngwrdrst.grst.g7serrst.gnsckt_wrst.gcc_rst.sckt_wr_rst_cc_reg[0]/Q
                         net (fo=4, routed)           0.186     1.813    FIFO/U0/inst_fifo_gen/gconvfifo.rf/grf.rf/rstblk/p_0_in[1]
    SLICE_X38Y58         LUT3 (Prop_lut3_I0_O)        0.045     1.858 f  FIFO/U0/inst_fifo_gen/gconvfifo.rf/grf.rf/rstblk/dout_i[1]_i_2/O
                         net (fo=16, routed)          0.261     2.119    FIFO/U0/inst_fifo_gen/gconvfifo.rf/grf.rf/gntv_or_sync_fifo.gl1.lsshft/rsts/ram_empty_i_reg_0
    SLICE_X40Y59         FDPE                                         f  FIFO/U0/inst_fifo_gen/gconvfifo.rf/grf.rf/gntv_or_sync_fifo.gl1.lsshft/rsts/ram_empty_i_reg/PRE
  -------------------------------------------------------------------    -------------------

                         (clock sys_clk_pin rise edge)
                                                      0.000     0.000 r  
    H16                                               0.000     0.000 r  clk (IN)
                         net (fo=0)                   0.000     0.000    clk
    H16                  IBUF (Prop_ibuf_I_O)         0.413     0.413 r  clk_IBUF_inst/O
                         net (fo=1, routed)           0.683     1.096    clk_IBUF
    BUFGCTRL_X0Y16       BUFG (Prop_bufg_I_O)         0.029     1.125 r  clk_IBUF_BUFG_inst/O
                         net (fo=63, routed)          0.857     1.982    FIFO/U0/inst_fifo_gen/gconvfifo.rf/grf.rf/gntv_or_sync_fifo.gl1.lsshft/rsts/clk
    SLICE_X40Y59         FDPE                                         r  FIFO/U0/inst_fifo_gen/gconvfifo.rf/grf.rf/gntv_or_sync_fifo.gl1.lsshft/rsts/ram_empty_i_reg/C
                         clock pessimism             -0.481     1.501    
    SLICE_X40Y59         FDPE (Remov_fdpe_C_PRE)     -0.095     1.406    FIFO/U0/inst_fifo_gen/gconvfifo.rf/grf.rf/gntv_or_sync_fifo.gl1.lsshft/rsts/ram_empty_i_reg
  -------------------------------------------------------------------
                         required time                         -1.406    
                         arrival time                           2.119    
  -------------------------------------------------------------------
                         slack                                  0.713    

Slack (MET) :             0.721ns  (arrival time - required time)
  Source:                 FIFO/U0/inst_fifo_gen/gconvfifo.rf/grf.rf/rstblk/ngwrdrst.grst.g7serrst.gnsckt_wrst.gcc_rst.sckt_wr_rst_cc_reg[0]/C
                            (rising edge-triggered cell FDRE clocked by sys_clk_pin  {rise@0.000ns fall@5.000ns period=10.000ns})
  Destination:            FIFO/U0/inst_fifo_gen/gconvfifo.rf/grf.rf/gntv_or_sync_fifo.gl1.lsshft/c0/count_reg[3]/CLR
                            (removal check against rising-edge clock sys_clk_pin  {rise@0.000ns fall@5.000ns period=10.000ns})
  Path Group:             **async_default**
  Path Type:              Removal (Min at Fast Process Corner)
  Requirement:            0.000ns  (sys_clk_pin rise@0.000ns - sys_clk_pin rise@0.000ns)
  Data Path Delay:        0.670ns  (logic 0.209ns (31.196%)  route 0.461ns (68.804%))
  Logic Levels:           1  (LUT3=1)
  Clock Path Skew:        0.016ns (DCD - SCD - CPR)
    Destination Clock Delay (DCD):    1.980ns
    Source Clock Delay      (SCD):    1.463ns
    Clock Pessimism Removal (CPR):    0.501ns

    Location             Delay type                Incr(ns)  Path(ns)    Netlist Resource(s)
  -------------------------------------------------------------------    -------------------
                         (clock sys_clk_pin rise edge)
                                                      0.000     0.000 r  
    H16                                               0.000     0.000 r  clk (IN)
                         net (fo=0)                   0.000     0.000    clk
    H16                  IBUF (Prop_ibuf_I_O)         0.225     0.225 r  clk_IBUF_inst/O
                         net (fo=1, routed)           0.627     0.852    clk_IBUF
    BUFGCTRL_X0Y16       BUFG (Prop_bufg_I_O)         0.026     0.878 r  clk_IBUF_BUFG_inst/O
                         net (fo=63, routed)          0.585     1.463    FIFO/U0/inst_fifo_gen/gconvfifo.rf/grf.rf/rstblk/clk
    SLICE_X38Y58         FDRE                                         r  FIFO/U0/inst_fifo_gen/gconvfifo.rf/grf.rf/rstblk/ngwrdrst.grst.g7serrst.gnsckt_wrst.gcc_rst.sckt_wr_rst_cc_reg[0]/C
  -------------------------------------------------------------------    -------------------
    SLICE_X38Y58         FDRE (Prop_fdre_C_Q)         0.164     1.627 f  FIFO/U0/inst_fifo_gen/gconvfifo.rf/grf.rf/rstblk/ngwrdrst.grst.g7serrst.gnsckt_wrst.gcc_rst.sckt_wr_rst_cc_reg[0]/Q
                         net (fo=4, routed)           0.186     1.813    FIFO/U0/inst_fifo_gen/gconvfifo.rf/grf.rf/rstblk/p_0_in[1]
    SLICE_X38Y58         LUT3 (Prop_lut3_I0_O)        0.045     1.858 f  FIFO/U0/inst_fifo_gen/gconvfifo.rf/grf.rf/rstblk/dout_i[1]_i_2/O
                         net (fo=16, routed)          0.275     2.133    FIFO/U0/inst_fifo_gen/gconvfifo.rf/grf.rf/gntv_or_sync_fifo.gl1.lsshft/c0/count_reg[0]_0
    SLICE_X38Y59         FDCE                                         f  FIFO/U0/inst_fifo_gen/gconvfifo.rf/grf.rf/gntv_or_sync_fifo.gl1.lsshft/c0/count_reg[3]/CLR
  -------------------------------------------------------------------    -------------------

                         (clock sys_clk_pin rise edge)
                                                      0.000     0.000 r  
    H16                                               0.000     0.000 r  clk (IN)
                         net (fo=0)                   0.000     0.000    clk
    H16                  IBUF (Prop_ibuf_I_O)         0.413     0.413 r  clk_IBUF_inst/O
                         net (fo=1, routed)           0.683     1.096    clk_IBUF
    BUFGCTRL_X0Y16       BUFG (Prop_bufg_I_O)         0.029     1.125 r  clk_IBUF_BUFG_inst/O
                         net (fo=63, routed)          0.855     1.980    FIFO/U0/inst_fifo_gen/gconvfifo.rf/grf.rf/gntv_or_sync_fifo.gl1.lsshft/c0/clk
    SLICE_X38Y59         FDCE                                         r  FIFO/U0/inst_fifo_gen/gconvfifo.rf/grf.rf/gntv_or_sync_fifo.gl1.lsshft/c0/count_reg[3]/C
                         clock pessimism             -0.501     1.479    
    SLICE_X38Y59         FDCE (Remov_fdce_C_CLR)     -0.067     1.412    FIFO/U0/inst_fifo_gen/gconvfifo.rf/grf.rf/gntv_or_sync_fifo.gl1.lsshft/c0/count_reg[3]
  -------------------------------------------------------------------
                         required time                         -1.412    
                         arrival time                           2.133    
  -------------------------------------------------------------------
                         slack                                  0.721    

Slack (MET) :             0.734ns  (arrival time - required time)
  Source:                 FIFO/U0/inst_fifo_gen/gconvfifo.rf/grf.rf/rstblk/ngwrdrst.grst.g7serrst.gnsckt_wrst.gcc_rst.sckt_wr_rst_cc_reg[0]/C
                            (rising edge-triggered cell FDRE clocked by sys_clk_pin  {rise@0.000ns fall@5.000ns period=10.000ns})
  Destination:            FIFO/U0/inst_fifo_gen/gconvfifo.rf/grf.rf/gntv_or_sync_fifo.mem/gsm.sm/dout_i_reg[0]/CLR
                            (removal check against rising-edge clock sys_clk_pin  {rise@0.000ns fall@5.000ns period=10.000ns})
  Path Group:             **async_default**
  Path Type:              Removal (Min at Fast Process Corner)
  Requirement:            0.000ns  (sys_clk_pin rise@0.000ns - sys_clk_pin rise@0.000ns)
  Data Path Delay:        0.704ns  (logic 0.209ns (29.700%)  route 0.495ns (70.300%))
  Logic Levels:           1  (LUT3=1)
  Clock Path Skew:        0.037ns (DCD - SCD - CPR)
    Destination Clock Delay (DCD):    1.981ns
    Source Clock Delay      (SCD):    1.463ns
    Clock Pessimism Removal (CPR):    0.481ns

    Location             Delay type                Incr(ns)  Path(ns)    Netlist Resource(s)
  -------------------------------------------------------------------    -------------------
                         (clock sys_clk_pin rise edge)
                                                      0.000     0.000 r  
    H16                                               0.000     0.000 r  clk (IN)
                         net (fo=0)                   0.000     0.000    clk
    H16                  IBUF (Prop_ibuf_I_O)         0.225     0.225 r  clk_IBUF_inst/O
                         net (fo=1, routed)           0.627     0.852    clk_IBUF
    BUFGCTRL_X0Y16       BUFG (Prop_bufg_I_O)         0.026     0.878 r  clk_IBUF_BUFG_inst/O
                         net (fo=63, routed)          0.585     1.463    FIFO/U0/inst_fifo_gen/gconvfifo.rf/grf.rf/rstblk/clk
    SLICE_X38Y58         FDRE                                         r  FIFO/U0/inst_fifo_gen/gconvfifo.rf/grf.rf/rstblk/ngwrdrst.grst.g7serrst.gnsckt_wrst.gcc_rst.sckt_wr_rst_cc_reg[0]/C
  -------------------------------------------------------------------    -------------------
    SLICE_X38Y58         FDRE (Prop_fdre_C_Q)         0.164     1.627 f  FIFO/U0/inst_fifo_gen/gconvfifo.rf/grf.rf/rstblk/ngwrdrst.grst.g7serrst.gnsckt_wrst.gcc_rst.sckt_wr_rst_cc_reg[0]/Q
                         net (fo=4, routed)           0.186     1.813    FIFO/U0/inst_fifo_gen/gconvfifo.rf/grf.rf/rstblk/p_0_in[1]
    SLICE_X38Y58         LUT3 (Prop_lut3_I0_O)        0.045     1.858 f  FIFO/U0/inst_fifo_gen/gconvfifo.rf/grf.rf/rstblk/dout_i[1]_i_2/O
                         net (fo=16, routed)          0.308     2.167    FIFO/U0/inst_fifo_gen/gconvfifo.rf/grf.rf/gntv_or_sync_fifo.mem/gsm.sm/dout_i_reg[0]_0
    SLICE_X42Y60         FDCE                                         f  FIFO/U0/inst_fifo_gen/gconvfifo.rf/grf.rf/gntv_or_sync_fifo.mem/gsm.sm/dout_i_reg[0]/CLR
  -------------------------------------------------------------------    -------------------

                         (clock sys_clk_pin rise edge)
                                                      0.000     0.000 r  
    H16                                               0.000     0.000 r  clk (IN)
                         net (fo=0)                   0.000     0.000    clk
    H16                  IBUF (Prop_ibuf_I_O)         0.413     0.413 r  clk_IBUF_inst/O
                         net (fo=1, routed)           0.683     1.096    clk_IBUF
    BUFGCTRL_X0Y16       BUFG (Prop_bufg_I_O)         0.029     1.125 r  clk_IBUF_BUFG_inst/O
                         net (fo=63, routed)          0.856     1.981    FIFO/U0/inst_fifo_gen/gconvfifo.rf/grf.rf/gntv_or_sync_fifo.mem/gsm.sm/clk
    SLICE_X42Y60         FDCE                                         r  FIFO/U0/inst_fifo_gen/gconvfifo.rf/grf.rf/gntv_or_sync_fifo.mem/gsm.sm/dout_i_reg[0]/C
                         clock pessimism             -0.481     1.500    
    SLICE_X42Y60         FDCE (Remov_fdce_C_CLR)     -0.067     1.433    FIFO/U0/inst_fifo_gen/gconvfifo.rf/grf.rf/gntv_or_sync_fifo.mem/gsm.sm/dout_i_reg[0]
  -------------------------------------------------------------------
                         required time                         -1.433    
                         arrival time                           2.167    
  -------------------------------------------------------------------
                         slack                                  0.734    

Slack (MET) :             0.734ns  (arrival time - required time)
  Source:                 FIFO/U0/inst_fifo_gen/gconvfifo.rf/grf.rf/rstblk/ngwrdrst.grst.g7serrst.gnsckt_wrst.gcc_rst.sckt_wr_rst_cc_reg[0]/C
                            (rising edge-triggered cell FDRE clocked by sys_clk_pin  {rise@0.000ns fall@5.000ns period=10.000ns})
  Destination:            FIFO/U0/inst_fifo_gen/gconvfifo.rf/grf.rf/gntv_or_sync_fifo.mem/gsm.sm/dout_i_reg[1]/CLR
                            (removal check against rising-edge clock sys_clk_pin  {rise@0.000ns fall@5.000ns period=10.000ns})
  Path Group:             **async_default**
  Path Type:              Removal (Min at Fast Process Corner)
  Requirement:            0.000ns  (sys_clk_pin rise@0.000ns - sys_clk_pin rise@0.000ns)
  Data Path Delay:        0.704ns  (logic 0.209ns (29.700%)  route 0.495ns (70.300%))
  Logic Levels:           1  (LUT3=1)
  Clock Path Skew:        0.037ns (DCD - SCD - CPR)
    Destination Clock Delay (DCD):    1.981ns
    Source Clock Delay      (SCD):    1.463ns
    Clock Pessimism Removal (CPR):    0.481ns

    Location             Delay type                Incr(ns)  Path(ns)    Netlist Resource(s)
  -------------------------------------------------------------------    -------------------
                         (clock sys_clk_pin rise edge)
                                                      0.000     0.000 r  
    H16                                               0.000     0.000 r  clk (IN)
                         net (fo=0)                   0.000     0.000    clk
    H16                  IBUF (Prop_ibuf_I_O)         0.225     0.225 r  clk_IBUF_inst/O
                         net (fo=1, routed)           0.627     0.852    clk_IBUF
    BUFGCTRL_X0Y16       BUFG (Prop_bufg_I_O)         0.026     0.878 r  clk_IBUF_BUFG_inst/O
                         net (fo=63, routed)          0.585     1.463    FIFO/U0/inst_fifo_gen/gconvfifo.rf/grf.rf/rstblk/clk
    SLICE_X38Y58         FDRE                                         r  FIFO/U0/inst_fifo_gen/gconvfifo.rf/grf.rf/rstblk/ngwrdrst.grst.g7serrst.gnsckt_wrst.gcc_rst.sckt_wr_rst_cc_reg[0]/C
  -------------------------------------------------------------------    -------------------
    SLICE_X38Y58         FDRE (Prop_fdre_C_Q)         0.164     1.627 f  FIFO/U0/inst_fifo_gen/gconvfifo.rf/grf.rf/rstblk/ngwrdrst.grst.g7serrst.gnsckt_wrst.gcc_rst.sckt_wr_rst_cc_reg[0]/Q
                         net (fo=4, routed)           0.186     1.813    FIFO/U0/inst_fifo_gen/gconvfifo.rf/grf.rf/rstblk/p_0_in[1]
    SLICE_X38Y58         LUT3 (Prop_lut3_I0_O)        0.045     1.858 f  FIFO/U0/inst_fifo_gen/gconvfifo.rf/grf.rf/rstblk/dout_i[1]_i_2/O
                         net (fo=16, routed)          0.308     2.167    FIFO/U0/inst_fifo_gen/gconvfifo.rf/grf.rf/gntv_or_sync_fifo.mem/gsm.sm/dout_i_reg[0]_0
    SLICE_X42Y60         FDCE                                         f  FIFO/U0/inst_fifo_gen/gconvfifo.rf/grf.rf/gntv_or_sync_fifo.mem/gsm.sm/dout_i_reg[1]/CLR
  -------------------------------------------------------------------    -------------------

                         (clock sys_clk_pin rise edge)
                                                      0.000     0.000 r  
    H16                                               0.000     0.000 r  clk (IN)
                         net (fo=0)                   0.000     0.000    clk
    H16                  IBUF (Prop_ibuf_I_O)         0.413     0.413 r  clk_IBUF_inst/O
                         net (fo=1, routed)           0.683     1.096    clk_IBUF
    BUFGCTRL_X0Y16       BUFG (Prop_bufg_I_O)         0.029     1.125 r  clk_IBUF_BUFG_inst/O
                         net (fo=63, routed)          0.856     1.981    FIFO/U0/inst_fifo_gen/gconvfifo.rf/grf.rf/gntv_or_sync_fifo.mem/gsm.sm/clk
    SLICE_X42Y60         FDCE                                         r  FIFO/U0/inst_fifo_gen/gconvfifo.rf/grf.rf/gntv_or_sync_fifo.mem/gsm.sm/dout_i_reg[1]/C
                         clock pessimism             -0.481     1.500    
    SLICE_X42Y60         FDCE (Remov_fdce_C_CLR)     -0.067     1.433    FIFO/U0/inst_fifo_gen/gconvfifo.rf/grf.rf/gntv_or_sync_fifo.mem/gsm.sm/dout_i_reg[1]
  -------------------------------------------------------------------
                         required time                         -1.433    
                         arrival time                           2.167    
  -------------------------------------------------------------------
                         slack                                  0.734    

Slack (MET) :             0.749ns  (arrival time - required time)
  Source:                 FIFO/U0/inst_fifo_gen/gconvfifo.rf/grf.rf/rstblk/ngwrdrst.grst.g7serrst.gnsckt_wrst.gcc_rst.sckt_wr_rst_cc_reg[0]/C
                            (rising edge-triggered cell FDRE clocked by sys_clk_pin  {rise@0.000ns fall@5.000ns period=10.000ns})
  Destination:            FIFO/U0/inst_fifo_gen/gconvfifo.rf/grf.rf/gntv_or_sync_fifo.gl1.lsshft/rsts/ram_empty_fb_i_reg/PRE
                            (removal check against rising-edge clock sys_clk_pin  {rise@0.000ns fall@5.000ns period=10.000ns})
  Path Group:             **async_default**
  Path Type:              Removal (Min at Fast Process Corner)
  Requirement:            0.000ns  (sys_clk_pin rise@0.000ns - sys_clk_pin rise@0.000ns)
  Data Path Delay:        0.670ns  (logic 0.209ns (31.196%)  route 0.461ns (68.804%))
  Logic Levels:           1  (LUT3=1)
  Clock Path Skew:        0.016ns (DCD - SCD - CPR)
    Destination Clock Delay (DCD):    1.980ns
    Source Clock Delay      (SCD):    1.463ns
    Clock Pessimism Removal (CPR):    0.501ns

    Location             Delay type                Incr(ns)  Path(ns)    Netlist Resource(s)
  -------------------------------------------------------------------    -------------------
                         (clock sys_clk_pin rise edge)
                                                      0.000     0.000 r  
    H16                                               0.000     0.000 r  clk (IN)
                         net (fo=0)                   0.000     0.000    clk
    H16                  IBUF (Prop_ibuf_I_O)         0.225     0.225 r  clk_IBUF_inst/O
                         net (fo=1, routed)           0.627     0.852    clk_IBUF
    BUFGCTRL_X0Y16       BUFG (Prop_bufg_I_O)         0.026     0.878 r  clk_IBUF_BUFG_inst/O
                         net (fo=63, routed)          0.585     1.463    FIFO/U0/inst_fifo_gen/gconvfifo.rf/grf.rf/rstblk/clk
    SLICE_X38Y58         FDRE                                         r  FIFO/U0/inst_fifo_gen/gconvfifo.rf/grf.rf/rstblk/ngwrdrst.grst.g7serrst.gnsckt_wrst.gcc_rst.sckt_wr_rst_cc_reg[0]/C
  -------------------------------------------------------------------    -------------------
    SLICE_X38Y58         FDRE (Prop_fdre_C_Q)         0.164     1.627 f  FIFO/U0/inst_fifo_gen/gconvfifo.rf/grf.rf/rstblk/ngwrdrst.grst.g7serrst.gnsckt_wrst.gcc_rst.sckt_wr_rst_cc_reg[0]/Q
                         net (fo=4, routed)           0.186     1.813    FIFO/U0/inst_fifo_gen/gconvfifo.rf/grf.rf/rstblk/p_0_in[1]
    SLICE_X38Y58         LUT3 (Prop_lut3_I0_O)        0.045     1.858 f  FIFO/U0/inst_fifo_gen/gconvfifo.rf/grf.rf/rstblk/dout_i[1]_i_2/O
                         net (fo=16, routed)          0.275     2.133    FIFO/U0/inst_fifo_gen/gconvfifo.rf/grf.rf/gntv_or_sync_fifo.gl1.lsshft/rsts/ram_empty_i_reg_0
    SLICE_X39Y59         FDPE                                         f  FIFO/U0/inst_fifo_gen/gconvfifo.rf/grf.rf/gntv_or_sync_fifo.gl1.lsshft/rsts/ram_empty_fb_i_reg/PRE
  -------------------------------------------------------------------    -------------------

                         (clock sys_clk_pin rise edge)
                                                      0.000     0.000 r  
    H16                                               0.000     0.000 r  clk (IN)
                         net (fo=0)                   0.000     0.000    clk
    H16                  IBUF (Prop_ibuf_I_O)         0.413     0.413 r  clk_IBUF_inst/O
                         net (fo=1, routed)           0.683     1.096    clk_IBUF
    BUFGCTRL_X0Y16       BUFG (Prop_bufg_I_O)         0.029     1.125 r  clk_IBUF_BUFG_inst/O
                         net (fo=63, routed)          0.855     1.980    FIFO/U0/inst_fifo_gen/gconvfifo.rf/grf.rf/gntv_or_sync_fifo.gl1.lsshft/rsts/clk
    SLICE_X39Y59         FDPE                                         r  FIFO/U0/inst_fifo_gen/gconvfifo.rf/grf.rf/gntv_or_sync_fifo.gl1.lsshft/rsts/ram_empty_fb_i_reg/C
                         clock pessimism             -0.501     1.479    
    SLICE_X39Y59         FDPE (Remov_fdpe_C_PRE)     -0.095     1.384    FIFO/U0/inst_fifo_gen/gconvfifo.rf/grf.rf/gntv_or_sync_fifo.gl1.lsshft/rsts/ram_empty_fb_i_reg
  -------------------------------------------------------------------
                         required time                         -1.384    
                         arrival time                           2.133    
  -------------------------------------------------------------------
                         slack                                  0.749    





