Copyright 1986-2020 Xilinx, Inc. All Rights Reserved.
-----------------------------------------------------------------------------------------------------------------------------------------------------------------------------------------------------------------
| Tool Version : Vivado v.2020.2 (lin64) Build 3064766 Wed Nov 18 09:12:47 MST 2020
| Date         : Mon Aug 24 08:25:24 2026
| Host         : galileo running 64-bit Ubuntu 20.04.6 LTS
| Command      : report_timing_summary -max_paths 10 -file top_led_driver_timing_summary_routed.rpt -pb top_led_driver_timing_summary_routed.pb -rpx top_led_driver_timing_summary_routed.rpx -warn_on_violation
| Design       : top_led_driver
| Device       : 7z010-clg400
| Speed File   : -1  PRODUCTION 1.12 2019-11-22
-----------------------------------------------------------------------------------------------------------------------------------------------------------------------------------------------------------------

Timing Summary Report

------------------------------------------------------------------------------------------------
| Timer Settings
| --------------
------------------------------------------------------------------------------------------------

  Enable Multi Corner Analysis               :  Yes
  Enable Pessimism Removal                   :  Yes
  Pessimism Removal Resolution               :  Nearest Common Node
  Enable Input Delay Default Clock           :  No
  Enable Preset / Clear Arcs                 :  No
  Disable Flight Delays                      :  No
  Ignore I/O Paths                           :  No
  Timing Early Launch at Borrowing Latches   :  No
  Borrow Time for Max Delay Exceptions       :  Yes
  Merge Timing Exceptions                    :  Yes

  Corner  Analyze    Analyze    
  Name    Max Paths  Min Paths  
  ------  ---------  ---------  
  Slow    Yes        Yes        
  Fast    Yes        Yes        



check_timing report

Table of Contents
-----------------
1. checking no_clock (0)
2. checking constant_clock (0)
3. checking pulse_width_clock (0)
4. checking unconstrained_internal_endpoints (0)
5. checking no_input_delay (3)
6. checking no_output_delay (3)
7. checking multiple_clock (0)
8. checking generated_clocks (0)
9. checking loops (0)
10. checking partial_input_delay (0)
11. checking partial_output_delay (0)
12. checking latch_loops (0)

1. checking no_clock (0)
------------------------
 There are 0 register/latch pins with no clock.


2. checking constant_clock (0)
------------------------------
 There are 0 register/latch pins with constant_clock.


3. checking pulse_width_clock (0)
---------------------------------
 There are 0 register/latch pins which need pulse_width check


4. checking unconstrained_internal_endpoints (0)
------------------------------------------------
 There are 0 pins that are not constrained for maximum delay.

 There are 0 pins that are not constrained for maximum delay due to constant clock.


5. checking no_input_delay (3)
------------------------------
 There is 1 input port with no input delay specified. (HIGH)

 There are 2 input ports with no input delay but user has a false path constraint. (MEDIUM)


6. checking no_output_delay (3)
-------------------------------
 There are 0 ports with no output delay specified.

 There are 3 ports with no output delay but user has a false path constraint (MEDIUM)

 There are 0 ports with no output delay but with a timing clock defined on it or propagating through it


7. checking multiple_clock (0)
------------------------------
 There are 0 register/latch pins with multiple clocks.


8. checking generated_clocks (0)
--------------------------------
 There are 0 generated clocks that are not connected to a clock source.


9. checking loops (0)
---------------------
 There are 0 combinational loops in the design.


10. checking partial_input_delay (0)
------------------------------------
 There are 0 input ports with partial input delay specified.


11. checking partial_output_delay (0)
-------------------------------------
 There are 0 ports with partial output delay specified.


12. checking latch_loops (0)
----------------------------
 There are 0 combinational latch loops in the design through latch input



------------------------------------------------------------------------------------------------
| Design Timing Summary
| ---------------------
------------------------------------------------------------------------------------------------

    WNS(ns)      TNS(ns)  TNS Failing Endpoints  TNS Total Endpoints      WHS(ns)      THS(ns)  THS Failing Endpoints  THS Total Endpoints     WPWS(ns)     TPWS(ns)  TPWS Failing Endpoints  TPWS Total Endpoints  
    -------      -------  ---------------------  -------------------      -------      -------  ---------------------  -------------------     --------     --------  ----------------------  --------------------  
      4.977        0.000                      0                   30        0.260        0.000                      0                   30        4.500        0.000                       0                    32  


All user specified timing constraints are met.


------------------------------------------------------------------------------------------------
| Clock Summary
| -------------
------------------------------------------------------------------------------------------------

Clock        Waveform(ns)       Period(ns)      Frequency(MHz)
-----        ------------       ----------      --------------
sys_clk_pin  {0.000 5.000}      10.000          100.000         


------------------------------------------------------------------------------------------------
| Intra Clock Table
| -----------------
------------------------------------------------------------------------------------------------

Clock             WNS(ns)      TNS(ns)  TNS Failing Endpoints  TNS Total Endpoints      WHS(ns)      THS(ns)  THS Failing Endpoints  THS Total Endpoints     WPWS(ns)     TPWS(ns)  TPWS Failing Endpoints  TPWS Total Endpoints  
-----             -------      -------  ---------------------  -------------------      -------      -------  ---------------------  -------------------     --------     --------  ----------------------  --------------------  
sys_clk_pin         4.977        0.000                      0                   30        0.260        0.000                      0                   30        4.500        0.000                       0                    32  


------------------------------------------------------------------------------------------------
| Inter Clock Table
| -----------------
------------------------------------------------------------------------------------------------

From Clock    To Clock          WNS(ns)      TNS(ns)  TNS Failing Endpoints  TNS Total Endpoints      WHS(ns)      THS(ns)  THS Failing Endpoints  THS Total Endpoints  
----------    --------          -------      -------  ---------------------  -------------------      -------      -------  ---------------------  -------------------  


------------------------------------------------------------------------------------------------
| Other Path Groups Table
| -----------------------
------------------------------------------------------------------------------------------------

Path Group    From Clock    To Clock          WNS(ns)      TNS(ns)  TNS Failing Endpoints  TNS Total Endpoints      WHS(ns)      THS(ns)  THS Failing Endpoints  THS Total Endpoints  
----------    ----------    --------          -------      -------  ---------------------  -------------------      -------      -------  ---------------------  -------------------  


------------------------------------------------------------------------------------------------
| Timing Details
| --------------
------------------------------------------------------------------------------------------------


---------------------------------------------------------------------------------------------------
From Clock:  sys_clk_pin
  To Clock:  sys_clk_pin

Setup :            0  Failing Endpoints,  Worst Slack        4.977ns,  Total Violation        0.000ns
Hold  :            0  Failing Endpoints,  Worst Slack        0.260ns,  Total Violation        0.000ns
PW    :            0  Failing Endpoints,  Worst Slack        4.500ns,  Total Violation        0.000ns
---------------------------------------------------------------------------------------------------


Max Delay Paths
--------------------------------------------------------------------------------------
Slack (MET) :             4.977ns  (required time - arrival time)
  Source:                 DRV/CU/r_count_reg[15]/C
                            (rising edge-triggered cell FDCE clocked by sys_clk_pin  {rise@0.000ns fall@5.000ns period=10.000ns})
  Destination:            DRV/CU/r_count_reg[25]/D
                            (rising edge-triggered cell FDCE clocked by sys_clk_pin  {rise@0.000ns fall@5.000ns period=10.000ns})
  Path Group:             sys_clk_pin
  Path Type:              Setup (Max at Slow Process Corner)
  Requirement:            10.000ns  (sys_clk_pin rise@10.000ns - sys_clk_pin rise@0.000ns)
  Data Path Delay:        5.069ns  (logic 2.224ns (43.875%)  route 2.845ns (56.125%))
  Logic Levels:           9  (CARRY4=7 LUT6=2)
  Clock Path Skew:        -0.028ns (DCD - SCD + CPR)
    Destination Clock Delay (DCD):    4.916ns = ( 14.916 - 10.000 ) 
    Source Clock Delay      (SCD):    5.372ns
    Clock Pessimism Removal (CPR):    0.429ns
  Clock Uncertainty:      0.035ns  ((TSJ^2 + TIJ^2)^1/2 + DJ) / 2 + PE
    Total System Jitter     (TSJ):    0.071ns
    Total Input Jitter      (TIJ):    0.000ns
    Discrete Jitter          (DJ):    0.000ns
    Phase Error              (PE):    0.000ns

    Location             Delay type                Incr(ns)  Path(ns)    Netlist Resource(s)
  -------------------------------------------------------------------    -------------------
                         (clock sys_clk_pin rise edge)
                                                      0.000     0.000 r  
    H16                                               0.000     0.000 r  clk (IN)
                         net (fo=0)                   0.000     0.000    clk
    H16                  IBUF (Prop_ibuf_I_O)         1.457     1.457 r  clk_IBUF_inst/O
                         net (fo=1, routed)           2.076     3.533    clk_IBUF
    BUFGCTRL_X0Y16       BUFG (Prop_bufg_I_O)         0.101     3.634 r  clk_IBUF_BUFG_inst/O
                         net (fo=31, routed)          1.738     5.372    DRV/CU/clk_IBUF_BUFG
    SLICE_X42Y60         FDCE                                         r  DRV/CU/r_count_reg[15]/C
  -------------------------------------------------------------------    -------------------
    SLICE_X42Y60         FDCE (Prop_fdce_C_Q)         0.518     5.890 f  DRV/CU/r_count_reg[15]/Q
                         net (fo=2, routed)           0.997     6.887    DRV/CU/r_count_reg[15]
    SLICE_X43Y61         LUT6 (Prop_lut6_I4_O)        0.124     7.011 f  DRV/CU/r_state_i_4/O
                         net (fo=29, routed)          1.659     8.670    DRV/CU/r_state_i_4_n_0
    SLICE_X43Y57         LUT6 (Prop_lut6_I3_O)        0.124     8.794 r  DRV/CU/r_count[0]_i_2/O
                         net (fo=1, routed)           0.189     8.983    DRV/CU/r_count[0]_i_2_n_0
    SLICE_X42Y57         CARRY4 (Prop_carry4_DI[0]_CO[3])
                                                      0.550     9.533 r  DRV/CU/r_count_reg[0]_i_1/CO[3]
                         net (fo=1, routed)           0.000     9.533    DRV/CU/r_count_reg[0]_i_1_n_0
    SLICE_X42Y58         CARRY4 (Prop_carry4_CI_CO[3])
                                                      0.117     9.650 r  DRV/CU/r_count_reg[4]_i_1/CO[3]
                         net (fo=1, routed)           0.000     9.650    DRV/CU/r_count_reg[4]_i_1_n_0
    SLICE_X42Y59         CARRY4 (Prop_carry4_CI_CO[3])
                                                      0.117     9.767 r  DRV/CU/r_count_reg[8]_i_1/CO[3]
                         net (fo=1, routed)           0.000     9.767    DRV/CU/r_count_reg[8]_i_1_n_0
    SLICE_X42Y60         CARRY4 (Prop_carry4_CI_CO[3])
                                                      0.117     9.884 r  DRV/CU/r_count_reg[12]_i_1/CO[3]
                         net (fo=1, routed)           0.000     9.884    DRV/CU/r_count_reg[12]_i_1_n_0
    SLICE_X42Y61         CARRY4 (Prop_carry4_CI_CO[3])
                                                      0.117    10.001 r  DRV/CU/r_count_reg[16]_i_1/CO[3]
                         net (fo=1, routed)           0.000    10.001    DRV/CU/r_count_reg[16]_i_1_n_0
    SLICE_X42Y62         CARRY4 (Prop_carry4_CI_CO[3])
                                                      0.117    10.118 r  DRV/CU/r_count_reg[20]_i_1/CO[3]
                         net (fo=1, routed)           0.000    10.118    DRV/CU/r_count_reg[20]_i_1_n_0
    SLICE_X42Y63         CARRY4 (Prop_carry4_CI_O[1])
                                                      0.323    10.441 r  DRV/CU/r_count_reg[24]_i_1/O[1]
                         net (fo=1, routed)           0.000    10.441    DRV/CU/r_count_reg[24]_i_1_n_6
    SLICE_X42Y63         FDCE                                         r  DRV/CU/r_count_reg[25]/D
  -------------------------------------------------------------------    -------------------

                         (clock sys_clk_pin rise edge)
                                                     10.000    10.000 r  
    H16                                               0.000    10.000 r  clk (IN)
                         net (fo=0)                   0.000    10.000    clk
    H16                  IBUF (Prop_ibuf_I_O)         1.387    11.387 r  clk_IBUF_inst/O
                         net (fo=1, routed)           1.880    13.267    clk_IBUF
    BUFGCTRL_X0Y16       BUFG (Prop_bufg_I_O)         0.091    13.358 r  clk_IBUF_BUFG_inst/O
                         net (fo=31, routed)          1.558    14.916    DRV/CU/clk_IBUF_BUFG
    SLICE_X42Y63         FDCE                                         r  DRV/CU/r_count_reg[25]/C
                         clock pessimism              0.429    15.344    
                         clock uncertainty           -0.035    15.309    
    SLICE_X42Y63         FDCE (Setup_fdce_C_D)        0.109    15.418    DRV/CU/r_count_reg[25]
  -------------------------------------------------------------------
                         required time                         15.418    
                         arrival time                         -10.441    
  -------------------------------------------------------------------
                         slack                                  4.977    

Slack (MET) :             5.061ns  (required time - arrival time)
  Source:                 DRV/CU/r_count_reg[15]/C
                            (rising edge-triggered cell FDCE clocked by sys_clk_pin  {rise@0.000ns fall@5.000ns period=10.000ns})
  Destination:            DRV/CU/r_count_reg[26]/D
                            (rising edge-triggered cell FDCE clocked by sys_clk_pin  {rise@0.000ns fall@5.000ns period=10.000ns})
  Path Group:             sys_clk_pin
  Path Type:              Setup (Max at Slow Process Corner)
  Requirement:            10.000ns  (sys_clk_pin rise@10.000ns - sys_clk_pin rise@0.000ns)
  Data Path Delay:        4.985ns  (logic 2.140ns (42.929%)  route 2.845ns (57.071%))
  Logic Levels:           9  (CARRY4=7 LUT6=2)
  Clock Path Skew:        -0.028ns (DCD - SCD + CPR)
    Destination Clock Delay (DCD):    4.916ns = ( 14.916 - 10.000 ) 
    Source Clock Delay      (SCD):    5.372ns
    Clock Pessimism Removal (CPR):    0.429ns
  Clock Uncertainty:      0.035ns  ((TSJ^2 + TIJ^2)^1/2 + DJ) / 2 + PE
    Total System Jitter     (TSJ):    0.071ns
    Total Input Jitter      (TIJ):    0.000ns
    Discrete Jitter          (DJ):    0.000ns
    Phase Error              (PE):    0.000ns

    Location             Delay type                Incr(ns)  Path(ns)    Netlist Resource(s)
  -------------------------------------------------------------------    -------------------
                         (clock sys_clk_pin rise edge)
                                                      0.000     0.000 r  
    H16                                               0.000     0.000 r  clk (IN)
                         net (fo=0)                   0.000     0.000    clk
    H16                  IBUF (Prop_ibuf_I_O)         1.457     1.457 r  clk_IBUF_inst/O
                         net (fo=1, routed)           2.076     3.533    clk_IBUF
    BUFGCTRL_X0Y16       BUFG (Prop_bufg_I_O)         0.101     3.634 r  clk_IBUF_BUFG_inst/O
                         net (fo=31, routed)          1.738     5.372    DRV/CU/clk_IBUF_BUFG
    SLICE_X42Y60         FDCE                                         r  DRV/CU/r_count_reg[15]/C
  -------------------------------------------------------------------    -------------------
    SLICE_X42Y60         FDCE (Prop_fdce_C_Q)         0.518     5.890 f  DRV/CU/r_count_reg[15]/Q
                         net (fo=2, routed)           0.997     6.887    DRV/CU/r_count_reg[15]
    SLICE_X43Y61         LUT6 (Prop_lut6_I4_O)        0.124     7.011 f  DRV/CU/r_state_i_4/O
                         net (fo=29, routed)          1.659     8.670    DRV/CU/r_state_i_4_n_0
    SLICE_X43Y57         LUT6 (Prop_lut6_I3_O)        0.124     8.794 r  DRV/CU/r_count[0]_i_2/O
                         net (fo=1, routed)           0.189     8.983    DRV/CU/r_count[0]_i_2_n_0
    SLICE_X42Y57         CARRY4 (Prop_carry4_DI[0]_CO[3])
                                                      0.550     9.533 r  DRV/CU/r_count_reg[0]_i_1/CO[3]
                         net (fo=1, routed)           0.000     9.533    DRV/CU/r_count_reg[0]_i_1_n_0
    SLICE_X42Y58         CARRY4 (Prop_carry4_CI_CO[3])
                                                      0.117     9.650 r  DRV/CU/r_count_reg[4]_i_1/CO[3]
                         net (fo=1, routed)           0.000     9.650    DRV/CU/r_count_reg[4]_i_1_n_0
    SLICE_X42Y59         CARRY4 (Prop_carry4_CI_CO[3])
                                                      0.117     9.767 r  DRV/CU/r_count_reg[8]_i_1/CO[3]
                         net (fo=1, routed)           0.000     9.767    DRV/CU/r_count_reg[8]_i_1_n_0
    SLICE_X42Y60         CARRY4 (Prop_carry4_CI_CO[3])
                                                      0.117     9.884 r  DRV/CU/r_count_reg[12]_i_1/CO[3]
                         net (fo=1, routed)           0.000     9.884    DRV/CU/r_count_reg[12]_i_1_n_0
    SLICE_X42Y61         CARRY4 (Prop_carry4_CI_CO[3])
                                                      0.117    10.001 r  DRV/CU/r_count_reg[16]_i_1/CO[3]
                         net (fo=1, routed)           0.000    10.001    DRV/CU/r_count_reg[16]_i_1_n_0
    SLICE_X42Y62         CARRY4 (Prop_carry4_CI_CO[3])
                                                      0.117    10.118 r  DRV/CU/r_count_reg[20]_i_1/CO[3]
                         net (fo=1, routed)           0.000    10.118    DRV/CU/r_count_reg[20]_i_1_n_0
    SLICE_X42Y63         CARRY4 (Prop_carry4_CI_O[2])
                                                      0.239    10.357 r  DRV/CU/r_count_reg[24]_i_1/O[2]
                         net (fo=1, routed)           0.000    10.357    DRV/CU/r_count_reg[24]_i_1_n_5
    SLICE_X42Y63         FDCE                                         r  DRV/CU/r_count_reg[26]/D
  -------------------------------------------------------------------    -------------------

                         (clock sys_clk_pin rise edge)
                                                     10.000    10.000 r  
    H16                                               0.000    10.000 r  clk (IN)
                         net (fo=0)                   0.000    10.000    clk
    H16                  IBUF (Prop_ibuf_I_O)         1.387    11.387 r  clk_IBUF_inst/O
                         net (fo=1, routed)           1.880    13.267    clk_IBUF
    BUFGCTRL_X0Y16       BUFG (Prop_bufg_I_O)         0.091    13.358 r  clk_IBUF_BUFG_inst/O
                         net (fo=31, routed)          1.558    14.916    DRV/CU/clk_IBUF_BUFG
    SLICE_X42Y63         FDCE                                         r  DRV/CU/r_count_reg[26]/C
                         clock pessimism              0.429    15.344    
                         clock uncertainty           -0.035    15.309    
    SLICE_X42Y63         FDCE (Setup_fdce_C_D)        0.109    15.418    DRV/CU/r_count_reg[26]
  -------------------------------------------------------------------
                         required time                         15.418    
                         arrival time                         -10.357    
  -------------------------------------------------------------------
                         slack                                  5.061    

Slack (MET) :             5.081ns  (required time - arrival time)
  Source:                 DRV/CU/r_count_reg[15]/C
                            (rising edge-triggered cell FDCE clocked by sys_clk_pin  {rise@0.000ns fall@5.000ns period=10.000ns})
  Destination:            DRV/CU/r_count_reg[24]/D
                            (rising edge-triggered cell FDCE clocked by sys_clk_pin  {rise@0.000ns fall@5.000ns period=10.000ns})
  Path Group:             sys_clk_pin
  Path Type:              Setup (Max at Slow Process Corner)
  Requirement:            10.000ns  (sys_clk_pin rise@10.000ns - sys_clk_pin rise@0.000ns)
  Data Path Delay:        4.965ns  (logic 2.120ns (42.700%)  route 2.845ns (57.300%))
  Logic Levels:           9  (CARRY4=7 LUT6=2)
  Clock Path Skew:        -0.028ns (DCD - SCD + CPR)
    Destination Clock Delay (DCD):    4.916ns = ( 14.916 - 10.000 ) 
    Source Clock Delay      (SCD):    5.372ns
    Clock Pessimism Removal (CPR):    0.429ns
  Clock Uncertainty:      0.035ns  ((TSJ^2 + TIJ^2)^1/2 + DJ) / 2 + PE
    Total System Jitter     (TSJ):    0.071ns
    Total Input Jitter      (TIJ):    0.000ns
    Discrete Jitter          (DJ):    0.000ns
    Phase Error              (PE):    0.000ns

    Location             Delay type                Incr(ns)  Path(ns)    Netlist Resource(s)
  -------------------------------------------------------------------    -------------------
                         (clock sys_clk_pin rise edge)
                                                      0.000     0.000 r  
    H16                                               0.000     0.000 r  clk (IN)
                         net (fo=0)                   0.000     0.000    clk
    H16                  IBUF (Prop_ibuf_I_O)         1.457     1.457 r  clk_IBUF_inst/O
                         net (fo=1, routed)           2.076     3.533    clk_IBUF
    BUFGCTRL_X0Y16       BUFG (Prop_bufg_I_O)         0.101     3.634 r  clk_IBUF_BUFG_inst/O
                         net (fo=31, routed)          1.738     5.372    DRV/CU/clk_IBUF_BUFG
    SLICE_X42Y60         FDCE                                         r  DRV/CU/r_count_reg[15]/C
  -------------------------------------------------------------------    -------------------
    SLICE_X42Y60         FDCE (Prop_fdce_C_Q)         0.518     5.890 f  DRV/CU/r_count_reg[15]/Q
                         net (fo=2, routed)           0.997     6.887    DRV/CU/r_count_reg[15]
    SLICE_X43Y61         LUT6 (Prop_lut6_I4_O)        0.124     7.011 f  DRV/CU/r_state_i_4/O
                         net (fo=29, routed)          1.659     8.670    DRV/CU/r_state_i_4_n_0
    SLICE_X43Y57         LUT6 (Prop_lut6_I3_O)        0.124     8.794 r  DRV/CU/r_count[0]_i_2/O
                         net (fo=1, routed)           0.189     8.983    DRV/CU/r_count[0]_i_2_n_0
    SLICE_X42Y57         CARRY4 (Prop_carry4_DI[0]_CO[3])
                                                      0.550     9.533 r  DRV/CU/r_count_reg[0]_i_1/CO[3]
                         net (fo=1, routed)           0.000     9.533    DRV/CU/r_count_reg[0]_i_1_n_0
    SLICE_X42Y58         CARRY4 (Prop_carry4_CI_CO[3])
                                                      0.117     9.650 r  DRV/CU/r_count_reg[4]_i_1/CO[3]
                         net (fo=1, routed)           0.000     9.650    DRV/CU/r_count_reg[4]_i_1_n_0
    SLICE_X42Y59         CARRY4 (Prop_carry4_CI_CO[3])
                                                      0.117     9.767 r  DRV/CU/r_count_reg[8]_i_1/CO[3]
                         net (fo=1, routed)           0.000     9.767    DRV/CU/r_count_reg[8]_i_1_n_0
    SLICE_X42Y60         CARRY4 (Prop_carry4_CI_CO[3])
                                                      0.117     9.884 r  DRV/CU/r_count_reg[12]_i_1/CO[3]
                         net (fo=1, routed)           0.000     9.884    DRV/CU/r_count_reg[12]_i_1_n_0
    SLICE_X42Y61         CARRY4 (Prop_carry4_CI_CO[3])
                                                      0.117    10.001 r  DRV/CU/r_count_reg[16]_i_1/CO[3]
                         net (fo=1, routed)           0.000    10.001    DRV/CU/r_count_reg[16]_i_1_n_0
    SLICE_X42Y62         CARRY4 (Prop_carry4_CI_CO[3])
                                                      0.117    10.118 r  DRV/CU/r_count_reg[20]_i_1/CO[3]
                         net (fo=1, routed)           0.000    10.118    DRV/CU/r_count_reg[20]_i_1_n_0
    SLICE_X42Y63         CARRY4 (Prop_carry4_CI_O[0])
                                                      0.219    10.337 r  DRV/CU/r_count_reg[24]_i_1/O[0]
                         net (fo=1, routed)           0.000    10.337    DRV/CU/r_count_reg[24]_i_1_n_7
    SLICE_X42Y63         FDCE                                         r  DRV/CU/r_count_reg[24]/D
  -------------------------------------------------------------------    -------------------

                         (clock sys_clk_pin rise edge)
                                                     10.000    10.000 r  
    H16                                               0.000    10.000 r  clk (IN)
                         net (fo=0)                   0.000    10.000    clk
    H16                  IBUF (Prop_ibuf_I_O)         1.387    11.387 r  clk_IBUF_inst/O
                         net (fo=1, routed)           1.880    13.267    clk_IBUF
    BUFGCTRL_X0Y16       BUFG (Prop_bufg_I_O)         0.091    13.358 r  clk_IBUF_BUFG_inst/O
                         net (fo=31, routed)          1.558    14.916    DRV/CU/clk_IBUF_BUFG
    SLICE_X42Y63         FDCE                                         r  DRV/CU/r_count_reg[24]/C
                         clock pessimism              0.429    15.344    
                         clock uncertainty           -0.035    15.309    
    SLICE_X42Y63         FDCE (Setup_fdce_C_D)        0.109    15.418    DRV/CU/r_count_reg[24]
  -------------------------------------------------------------------
                         required time                         15.418    
                         arrival time                         -10.337    
  -------------------------------------------------------------------
                         slack                                  5.081    

Slack (MET) :             5.095ns  (required time - arrival time)
  Source:                 DRV/CU/r_count_reg[15]/C
                            (rising edge-triggered cell FDCE clocked by sys_clk_pin  {rise@0.000ns fall@5.000ns period=10.000ns})
  Destination:            DRV/CU/r_count_reg[21]/D
                            (rising edge-triggered cell FDCE clocked by sys_clk_pin  {rise@0.000ns fall@5.000ns period=10.000ns})
  Path Group:             sys_clk_pin
  Path Type:              Setup (Max at Slow Process Corner)
  Requirement:            10.000ns  (sys_clk_pin rise@10.000ns - sys_clk_pin rise@0.000ns)
  Data Path Delay:        4.952ns  (logic 2.107ns (42.549%)  route 2.845ns (57.451%))
  Logic Levels:           8  (CARRY4=6 LUT6=2)
  Clock Path Skew:        -0.027ns (DCD - SCD + CPR)
    Destination Clock Delay (DCD):    4.917ns = ( 14.917 - 10.000 ) 
    Source Clock Delay      (SCD):    5.372ns
    Clock Pessimism Removal (CPR):    0.429ns
  Clock Uncertainty:      0.035ns  ((TSJ^2 + TIJ^2)^1/2 + DJ) / 2 + PE
    Total System Jitter     (TSJ):    0.071ns
    Total Input Jitter      (TIJ):    0.000ns
    Discrete Jitter          (DJ):    0.000ns
    Phase Error              (PE):    0.000ns

    Location             Delay type                Incr(ns)  Path(ns)    Netlist Resource(s)
  -------------------------------------------------------------------    -------------------
                         (clock sys_clk_pin rise edge)
                                                      0.000     0.000 r  
    H16                                               0.000     0.000 r  clk (IN)
                         net (fo=0)                   0.000     0.000    clk
    H16                  IBUF (Prop_ibuf_I_O)         1.457     1.457 r  clk_IBUF_inst/O
                         net (fo=1, routed)           2.076     3.533    clk_IBUF
    BUFGCTRL_X0Y16       BUFG (Prop_bufg_I_O)         0.101     3.634 r  clk_IBUF_BUFG_inst/O
                         net (fo=31, routed)          1.738     5.372    DRV/CU/clk_IBUF_BUFG
    SLICE_X42Y60         FDCE                                         r  DRV/CU/r_count_reg[15]/C
  -------------------------------------------------------------------    -------------------
    SLICE_X42Y60         FDCE (Prop_fdce_C_Q)         0.518     5.890 f  DRV/CU/r_count_reg[15]/Q
                         net (fo=2, routed)           0.997     6.887    DRV/CU/r_count_reg[15]
    SLICE_X43Y61         LUT6 (Prop_lut6_I4_O)        0.124     7.011 f  DRV/CU/r_state_i_4/O
                         net (fo=29, routed)          1.659     8.670    DRV/CU/r_state_i_4_n_0
    SLICE_X43Y57         LUT6 (Prop_lut6_I3_O)        0.124     8.794 r  DRV/CU/r_count[0]_i_2/O
                         net (fo=1, routed)           0.189     8.983    DRV/CU/r_count[0]_i_2_n_0
    SLICE_X42Y57         CARRY4 (Prop_carry4_DI[0]_CO[3])
                                                      0.550     9.533 r  DRV/CU/r_count_reg[0]_i_1/CO[3]
                         net (fo=1, routed)           0.000     9.533    DRV/CU/r_count_reg[0]_i_1_n_0
    SLICE_X42Y58         CARRY4 (Prop_carry4_CI_CO[3])
                                                      0.117     9.650 r  DRV/CU/r_count_reg[4]_i_1/CO[3]
                         net (fo=1, routed)           0.000     9.650    DRV/CU/r_count_reg[4]_i_1_n_0
    SLICE_X42Y59         CARRY4 (Prop_carry4_CI_CO[3])
                                                      0.117     9.767 r  DRV/CU/r_count_reg[8]_i_1/CO[3]
                         net (fo=1, routed)           0.000     9.767    DRV/CU/r_count_reg[8]_i_1_n_0
    SLICE_X42Y60         CARRY4 (Prop_carry4_CI_CO[3])
                                                      0.117     9.884 r  DRV/CU/r_count_reg[12]_i_1/CO[3]
                         net (fo=1, routed)           0.000     9.884    DRV/CU/r_count_reg[12]_i_1_n_0
    SLICE_X42Y61         CARRY4 (Prop_carry4_CI_CO[3])
                                                      0.117    10.001 r  DRV/CU/r_count_reg[16]_i_1/CO[3]
                         net (fo=1, routed)           0.000    10.001    DRV/CU/r_count_reg[16]_i_1_n_0
    SLICE_X42Y62         CARRY4 (Prop_carry4_CI_O[1])
                                                      0.323    10.324 r  DRV/CU/r_count_reg[20]_i_1/O[1]
                         net (fo=1, routed)           0.000    10.324    DRV/CU/r_count_reg[20]_i_1_n_6
    SLICE_X42Y62         FDCE                                         r  DRV/CU/r_count_reg[21]/D
  -------------------------------------------------------------------    -------------------

                         (clock sys_clk_pin rise edge)
                                                     10.000    10.000 r  
    H16                                               0.000    10.000 r  clk (IN)
                         net (fo=0)                   0.000    10.000    clk
    H16                  IBUF (Prop_ibuf_I_O)         1.387    11.387 r  clk_IBUF_inst/O
                         net (fo=1, routed)           1.880    13.267    clk_IBUF
    BUFGCTRL_X0Y16       BUFG (Prop_bufg_I_O)         0.091    13.358 r  clk_IBUF_BUFG_inst/O
                         net (fo=31, routed)          1.559    14.917    DRV/CU/clk_IBUF_BUFG
    SLICE_X42Y62         FDCE                                         r  DRV/CU/r_count_reg[21]/C
                         clock pessimism              0.429    15.345    
                         clock uncertainty           -0.035    15.310    
    SLICE_X42Y62         FDCE (Setup_fdce_C_D)        0.109    15.419    DRV/CU/r_count_reg[21]
  -------------------------------------------------------------------
                         required time                         15.419    
                         arrival time                         -10.324    
  -------------------------------------------------------------------
                         slack                                  5.095    

Slack (MET) :             5.103ns  (required time - arrival time)
  Source:                 DRV/CU/r_count_reg[15]/C
                            (rising edge-triggered cell FDCE clocked by sys_clk_pin  {rise@0.000ns fall@5.000ns period=10.000ns})
  Destination:            DRV/CU/r_count_reg[23]/D
                            (rising edge-triggered cell FDCE clocked by sys_clk_pin  {rise@0.000ns fall@5.000ns period=10.000ns})
  Path Group:             sys_clk_pin
  Path Type:              Setup (Max at Slow Process Corner)
  Requirement:            10.000ns  (sys_clk_pin rise@10.000ns - sys_clk_pin rise@0.000ns)
  Data Path Delay:        4.944ns  (logic 2.099ns (42.456%)  route 2.845ns (57.544%))
  Logic Levels:           8  (CARRY4=6 LUT6=2)
  Clock Path Skew:        -0.027ns (DCD - SCD + CPR)
    Destination Clock Delay (DCD):    4.917ns = ( 14.917 - 10.000 ) 
    Source Clock Delay      (SCD):    5.372ns
    Clock Pessimism Removal (CPR):    0.429ns
  Clock Uncertainty:      0.035ns  ((TSJ^2 + TIJ^2)^1/2 + DJ) / 2 + PE
    Total System Jitter     (TSJ):    0.071ns
    Total Input Jitter      (TIJ):    0.000ns
    Discrete Jitter          (DJ):    0.000ns
    Phase Error              (PE):    0.000ns

    Location             Delay type                Incr(ns)  Path(ns)    Netlist Resource(s)
  -------------------------------------------------------------------    -------------------
                         (clock sys_clk_pin rise edge)
                                                      0.000     0.000 r  
    H16                                               0.000     0.000 r  clk (IN)
                         net (fo=0)                   0.000     0.000    clk
    H16                  IBUF (Prop_ibuf_I_O)         1.457     1.457 r  clk_IBUF_inst/O
                         net (fo=1, routed)           2.076     3.533    clk_IBUF
    BUFGCTRL_X0Y16       BUFG (Prop_bufg_I_O)         0.101     3.634 r  clk_IBUF_BUFG_inst/O
                         net (fo=31, routed)          1.738     5.372    DRV/CU/clk_IBUF_BUFG
    SLICE_X42Y60         FDCE                                         r  DRV/CU/r_count_reg[15]/C
  -------------------------------------------------------------------    -------------------
    SLICE_X42Y60         FDCE (Prop_fdce_C_Q)         0.518     5.890 f  DRV/CU/r_count_reg[15]/Q
                         net (fo=2, routed)           0.997     6.887    DRV/CU/r_count_reg[15]
    SLICE_X43Y61         LUT6 (Prop_lut6_I4_O)        0.124     7.011 f  DRV/CU/r_state_i_4/O
                         net (fo=29, routed)          1.659     8.670    DRV/CU/r_state_i_4_n_0
    SLICE_X43Y57         LUT6 (Prop_lut6_I3_O)        0.124     8.794 r  DRV/CU/r_count[0]_i_2/O
                         net (fo=1, routed)           0.189     8.983    DRV/CU/r_count[0]_i_2_n_0
    SLICE_X42Y57         CARRY4 (Prop_carry4_DI[0]_CO[3])
                                                      0.550     9.533 r  DRV/CU/r_count_reg[0]_i_1/CO[3]
                         net (fo=1, routed)           0.000     9.533    DRV/CU/r_count_reg[0]_i_1_n_0
    SLICE_X42Y58         CARRY4 (Prop_carry4_CI_CO[3])
                                                      0.117     9.650 r  DRV/CU/r_count_reg[4]_i_1/CO[3]
                         net (fo=1, routed)           0.000     9.650    DRV/CU/r_count_reg[4]_i_1_n_0
    SLICE_X42Y59         CARRY4 (Prop_carry4_CI_CO[3])
                                                      0.117     9.767 r  DRV/CU/r_count_reg[8]_i_1/CO[3]
                         net (fo=1, routed)           0.000     9.767    DRV/CU/r_count_reg[8]_i_1_n_0
    SLICE_X42Y60         CARRY4 (Prop_carry4_CI_CO[3])
                                                      0.117     9.884 r  DRV/CU/r_count_reg[12]_i_1/CO[3]
                         net (fo=1, routed)           0.000     9.884    DRV/CU/r_count_reg[12]_i_1_n_0
    SLICE_X42Y61         CARRY4 (Prop_carry4_CI_CO[3])
                                                      0.117    10.001 r  DRV/CU/r_count_reg[16]_i_1/CO[3]
                         net (fo=1, routed)           0.000    10.001    DRV/CU/r_count_reg[16]_i_1_n_0
    SLICE_X42Y62         CARRY4 (Prop_carry4_CI_O[3])
                                                      0.315    10.316 r  DRV/CU/r_count_reg[20]_i_1/O[3]
                         net (fo=1, routed)           0.000    10.316    DRV/CU/r_count_reg[20]_i_1_n_4
    SLICE_X42Y62         FDCE                                         r  DRV/CU/r_count_reg[23]/D
  -------------------------------------------------------------------    -------------------

                         (clock sys_clk_pin rise edge)
                                                     10.000    10.000 r  
    H16                                               0.000    10.000 r  clk (IN)
                         net (fo=0)                   0.000    10.000    clk
    H16                  IBUF (Prop_ibuf_I_O)         1.387    11.387 r  clk_IBUF_inst/O
                         net (fo=1, routed)           1.880    13.267    clk_IBUF
    BUFGCTRL_X0Y16       BUFG (Prop_bufg_I_O)         0.091    13.358 r  clk_IBUF_BUFG_inst/O
                         net (fo=31, routed)          1.559    14.917    DRV/CU/clk_IBUF_BUFG
    SLICE_X42Y62         FDCE                                         r  DRV/CU/r_count_reg[23]/C
                         clock pessimism              0.429    15.345    
                         clock uncertainty           -0.035    15.310    
    SLICE_X42Y62         FDCE (Setup_fdce_C_D)        0.109    15.419    DRV/CU/r_count_reg[23]
  -------------------------------------------------------------------
                         required time                         15.419    
                         arrival time                         -10.316    
  -------------------------------------------------------------------
                         slack                                  5.103    

Slack (MET) :             5.179ns  (required time - arrival time)
  Source:                 DRV/CU/r_count_reg[15]/C
                            (rising edge-triggered cell FDCE clocked by sys_clk_pin  {rise@0.000ns fall@5.000ns period=10.000ns})
  Destination:            DRV/CU/r_count_reg[22]/D
                            (rising edge-triggered cell FDCE clocked by sys_clk_pin  {rise@0.000ns fall@5.000ns period=10.000ns})
  Path Group:             sys_clk_pin
  Path Type:              Setup (Max at Slow Process Corner)
  Requirement:            10.000ns  (sys_clk_pin rise@10.000ns - sys_clk_pin rise@0.000ns)
  Data Path Delay:        4.868ns  (logic 2.023ns (41.558%)  route 2.845ns (58.442%))
  Logic Levels:           8  (CARRY4=6 LUT6=2)
  Clock Path Skew:        -0.027ns (DCD - SCD + CPR)
    Destination Clock Delay (DCD):    4.917ns = ( 14.917 - 10.000 ) 
    Source Clock Delay      (SCD):    5.372ns
    Clock Pessimism Removal (CPR):    0.429ns
  Clock Uncertainty:      0.035ns  ((TSJ^2 + TIJ^2)^1/2 + DJ) / 2 + PE
    Total System Jitter     (TSJ):    0.071ns
    Total Input Jitter      (TIJ):    0.000ns
    Discrete Jitter          (DJ):    0.000ns
    Phase Error              (PE):    0.000ns

    Location             Delay type                Incr(ns)  Path(ns)    Netlist Resource(s)
  -------------------------------------------------------------------    -------------------
                         (clock sys_clk_pin rise edge)
                                                      0.000     0.000 r  
    H16                                               0.000     0.000 r  clk (IN)
                         net (fo=0)                   0.000     0.000    clk
    H16                  IBUF (Prop_ibuf_I_O)         1.457     1.457 r  clk_IBUF_inst/O
                         net (fo=1, routed)           2.076     3.533    clk_IBUF
    BUFGCTRL_X0Y16       BUFG (Prop_bufg_I_O)         0.101     3.634 r  clk_IBUF_BUFG_inst/O
                         net (fo=31, routed)          1.738     5.372    DRV/CU/clk_IBUF_BUFG
    SLICE_X42Y60         FDCE                                         r  DRV/CU/r_count_reg[15]/C
  -------------------------------------------------------------------    -------------------
    SLICE_X42Y60         FDCE (Prop_fdce_C_Q)         0.518     5.890 f  DRV/CU/r_count_reg[15]/Q
                         net (fo=2, routed)           0.997     6.887    DRV/CU/r_count_reg[15]
    SLICE_X43Y61         LUT6 (Prop_lut6_I4_O)        0.124     7.011 f  DRV/CU/r_state_i_4/O
                         net (fo=29, routed)          1.659     8.670    DRV/CU/r_state_i_4_n_0
    SLICE_X43Y57         LUT6 (Prop_lut6_I3_O)        0.124     8.794 r  DRV/CU/r_count[0]_i_2/O
                         net (fo=1, routed)           0.189     8.983    DRV/CU/r_count[0]_i_2_n_0
    SLICE_X42Y57         CARRY4 (Prop_carry4_DI[0]_CO[3])
                                                      0.550     9.533 r  DRV/CU/r_count_reg[0]_i_1/CO[3]
                         net (fo=1, routed)           0.000     9.533    DRV/CU/r_count_reg[0]_i_1_n_0
    SLICE_X42Y58         CARRY4 (Prop_carry4_CI_CO[3])
                                                      0.117     9.650 r  DRV/CU/r_count_reg[4]_i_1/CO[3]
                         net (fo=1, routed)           0.000     9.650    DRV/CU/r_count_reg[4]_i_1_n_0
    SLICE_X42Y59         CARRY4 (Prop_carry4_CI_CO[3])
                                                      0.117     9.767 r  DRV/CU/r_count_reg[8]_i_1/CO[3]
                         net (fo=1, routed)           0.000     9.767    DRV/CU/r_count_reg[8]_i_1_n_0
    SLICE_X42Y60         CARRY4 (Prop_carry4_CI_CO[3])
                                                      0.117     9.884 r  DRV/CU/r_count_reg[12]_i_1/CO[3]
                         net (fo=1, routed)           0.000     9.884    DRV/CU/r_count_reg[12]_i_1_n_0
    SLICE_X42Y61         CARRY4 (Prop_carry4_CI_CO[3])
                                                      0.117    10.001 r  DRV/CU/r_count_reg[16]_i_1/CO[3]
                         net (fo=1, routed)           0.000    10.001    DRV/CU/r_count_reg[16]_i_1_n_0
    SLICE_X42Y62         CARRY4 (Prop_carry4_CI_O[2])
                                                      0.239    10.240 r  DRV/CU/r_count_reg[20]_i_1/O[2]
                         net (fo=1, routed)           0.000    10.240    DRV/CU/r_count_reg[20]_i_1_n_5
    SLICE_X42Y62         FDCE                                         r  DRV/CU/r_count_reg[22]/D
  -------------------------------------------------------------------    -------------------

                         (clock sys_clk_pin rise edge)
                                                     10.000    10.000 r  
    H16                                               0.000    10.000 r  clk (IN)
                         net (fo=0)                   0.000    10.000    clk
    H16                  IBUF (Prop_ibuf_I_O)         1.387    11.387 r  clk_IBUF_inst/O
                         net (fo=1, routed)           1.880    13.267    clk_IBUF
    BUFGCTRL_X0Y16       BUFG (Prop_bufg_I_O)         0.091    13.358 r  clk_IBUF_BUFG_inst/O
                         net (fo=31, routed)          1.559    14.917    DRV/CU/clk_IBUF_BUFG
    SLICE_X42Y62         FDCE                                         r  DRV/CU/r_count_reg[22]/C
                         clock pessimism              0.429    15.345    
                         clock uncertainty           -0.035    15.310    
    SLICE_X42Y62         FDCE (Setup_fdce_C_D)        0.109    15.419    DRV/CU/r_count_reg[22]
  -------------------------------------------------------------------
                         required time                         15.419    
                         arrival time                         -10.240    
  -------------------------------------------------------------------
                         slack                                  5.179    

Slack (MET) :             5.199ns  (required time - arrival time)
  Source:                 DRV/CU/r_count_reg[15]/C
                            (rising edge-triggered cell FDCE clocked by sys_clk_pin  {rise@0.000ns fall@5.000ns period=10.000ns})
  Destination:            DRV/CU/r_count_reg[20]/D
                            (rising edge-triggered cell FDCE clocked by sys_clk_pin  {rise@0.000ns fall@5.000ns period=10.000ns})
  Path Group:             sys_clk_pin
  Path Type:              Setup (Max at Slow Process Corner)
  Requirement:            10.000ns  (sys_clk_pin rise@10.000ns - sys_clk_pin rise@0.000ns)
  Data Path Delay:        4.848ns  (logic 2.003ns (41.317%)  route 2.845ns (58.683%))
  Logic Levels:           8  (CARRY4=6 LUT6=2)
  Clock Path Skew:        -0.027ns (DCD - SCD + CPR)
    Destination Clock Delay (DCD):    4.917ns = ( 14.917 - 10.000 ) 
    Source Clock Delay      (SCD):    5.372ns
    Clock Pessimism Removal (CPR):    0.429ns
  Clock Uncertainty:      0.035ns  ((TSJ^2 + TIJ^2)^1/2 + DJ) / 2 + PE
    Total System Jitter     (TSJ):    0.071ns
    Total Input Jitter      (TIJ):    0.000ns
    Discrete Jitter          (DJ):    0.000ns
    Phase Error              (PE):    0.000ns

    Location             Delay type                Incr(ns)  Path(ns)    Netlist Resource(s)
  -------------------------------------------------------------------    -------------------
                         (clock sys_clk_pin rise edge)
                                                      0.000     0.000 r  
    H16                                               0.000     0.000 r  clk (IN)
                         net (fo=0)                   0.000     0.000    clk
    H16                  IBUF (Prop_ibuf_I_O)         1.457     1.457 r  clk_IBUF_inst/O
                         net (fo=1, routed)           2.076     3.533    clk_IBUF
    BUFGCTRL_X0Y16       BUFG (Prop_bufg_I_O)         0.101     3.634 r  clk_IBUF_BUFG_inst/O
                         net (fo=31, routed)          1.738     5.372    DRV/CU/clk_IBUF_BUFG
    SLICE_X42Y60         FDCE                                         r  DRV/CU/r_count_reg[15]/C
  -------------------------------------------------------------------    -------------------
    SLICE_X42Y60         FDCE (Prop_fdce_C_Q)         0.518     5.890 f  DRV/CU/r_count_reg[15]/Q
                         net (fo=2, routed)           0.997     6.887    DRV/CU/r_count_reg[15]
    SLICE_X43Y61         LUT6 (Prop_lut6_I4_O)        0.124     7.011 f  DRV/CU/r_state_i_4/O
                         net (fo=29, routed)          1.659     8.670    DRV/CU/r_state_i_4_n_0
    SLICE_X43Y57         LUT6 (Prop_lut6_I3_O)        0.124     8.794 r  DRV/CU/r_count[0]_i_2/O
                         net (fo=1, routed)           0.189     8.983    DRV/CU/r_count[0]_i_2_n_0
    SLICE_X42Y57         CARRY4 (Prop_carry4_DI[0]_CO[3])
                                                      0.550     9.533 r  DRV/CU/r_count_reg[0]_i_1/CO[3]
                         net (fo=1, routed)           0.000     9.533    DRV/CU/r_count_reg[0]_i_1_n_0
    SLICE_X42Y58         CARRY4 (Prop_carry4_CI_CO[3])
                                                      0.117     9.650 r  DRV/CU/r_count_reg[4]_i_1/CO[3]
                         net (fo=1, routed)           0.000     9.650    DRV/CU/r_count_reg[4]_i_1_n_0
    SLICE_X42Y59         CARRY4 (Prop_carry4_CI_CO[3])
                                                      0.117     9.767 r  DRV/CU/r_count_reg[8]_i_1/CO[3]
                         net (fo=1, routed)           0.000     9.767    DRV/CU/r_count_reg[8]_i_1_n_0
    SLICE_X42Y60         CARRY4 (Prop_carry4_CI_CO[3])
                                                      0.117     9.884 r  DRV/CU/r_count_reg[12]_i_1/CO[3]
                         net (fo=1, routed)           0.000     9.884    DRV/CU/r_count_reg[12]_i_1_n_0
    SLICE_X42Y61         CARRY4 (Prop_carry4_CI_CO[3])
                                                      0.117    10.001 r  DRV/CU/r_count_reg[16]_i_1/CO[3]
                         net (fo=1, routed)           0.000    10.001    DRV/CU/r_count_reg[16]_i_1_n_0
    SLICE_X42Y62         CARRY4 (Prop_carry4_CI_O[0])
                                                      0.219    10.220 r  DRV/CU/r_count_reg[20]_i_1/O[0]
                         net (fo=1, routed)           0.000    10.220    DRV/CU/r_count_reg[20]_i_1_n_7
    SLICE_X42Y62         FDCE                                         r  DRV/CU/r_count_reg[20]/D
  -------------------------------------------------------------------    -------------------

                         (clock sys_clk_pin rise edge)
                                                     10.000    10.000 r  
    H16                                               0.000    10.000 r  clk (IN)
                         net (fo=0)                   0.000    10.000    clk
    H16                  IBUF (Prop_ibuf_I_O)         1.387    11.387 r  clk_IBUF_inst/O
                         net (fo=1, routed)           1.880    13.267    clk_IBUF
    BUFGCTRL_X0Y16       BUFG (Prop_bufg_I_O)         0.091    13.358 r  clk_IBUF_BUFG_inst/O
                         net (fo=31, routed)          1.559    14.917    DRV/CU/clk_IBUF_BUFG
    SLICE_X42Y62         FDCE                                         r  DRV/CU/r_count_reg[20]/C
                         clock pessimism              0.429    15.345    
                         clock uncertainty           -0.035    15.310    
    SLICE_X42Y62         FDCE (Setup_fdce_C_D)        0.109    15.419    DRV/CU/r_count_reg[20]
  -------------------------------------------------------------------
                         required time                         15.419    
                         arrival time                         -10.220    
  -------------------------------------------------------------------
                         slack                                  5.199    

Slack (MET) :             5.213ns  (required time - arrival time)
  Source:                 DRV/CU/r_count_reg[15]/C
                            (rising edge-triggered cell FDCE clocked by sys_clk_pin  {rise@0.000ns fall@5.000ns period=10.000ns})
  Destination:            DRV/CU/r_count_reg[17]/D
                            (rising edge-triggered cell FDCE clocked by sys_clk_pin  {rise@0.000ns fall@5.000ns period=10.000ns})
  Path Group:             sys_clk_pin
  Path Type:              Setup (Max at Slow Process Corner)
  Requirement:            10.000ns  (sys_clk_pin rise@10.000ns - sys_clk_pin rise@0.000ns)
  Data Path Delay:        4.835ns  (logic 1.990ns (41.159%)  route 2.845ns (58.841%))
  Logic Levels:           7  (CARRY4=5 LUT6=2)
  Clock Path Skew:        -0.026ns (DCD - SCD + CPR)
    Destination Clock Delay (DCD):    4.918ns = ( 14.918 - 10.000 ) 
    Source Clock Delay      (SCD):    5.372ns
    Clock Pessimism Removal (CPR):    0.429ns
  Clock Uncertainty:      0.035ns  ((TSJ^2 + TIJ^2)^1/2 + DJ) / 2 + PE
    Total System Jitter     (TSJ):    0.071ns
    Total Input Jitter      (TIJ):    0.000ns
    Discrete Jitter          (DJ):    0.000ns
    Phase Error              (PE):    0.000ns

    Location             Delay type                Incr(ns)  Path(ns)    Netlist Resource(s)
  -------------------------------------------------------------------    -------------------
                         (clock sys_clk_pin rise edge)
                                                      0.000     0.000 r  
    H16                                               0.000     0.000 r  clk (IN)
                         net (fo=0)                   0.000     0.000    clk
    H16                  IBUF (Prop_ibuf_I_O)         1.457     1.457 r  clk_IBUF_inst/O
                         net (fo=1, routed)           2.076     3.533    clk_IBUF
    BUFGCTRL_X0Y16       BUFG (Prop_bufg_I_O)         0.101     3.634 r  clk_IBUF_BUFG_inst/O
                         net (fo=31, routed)          1.738     5.372    DRV/CU/clk_IBUF_BUFG
    SLICE_X42Y60         FDCE                                         r  DRV/CU/r_count_reg[15]/C
  -------------------------------------------------------------------    -------------------
    SLICE_X42Y60         FDCE (Prop_fdce_C_Q)         0.518     5.890 f  DRV/CU/r_count_reg[15]/Q
                         net (fo=2, routed)           0.997     6.887    DRV/CU/r_count_reg[15]
    SLICE_X43Y61         LUT6 (Prop_lut6_I4_O)        0.124     7.011 f  DRV/CU/r_state_i_4/O
                         net (fo=29, routed)          1.659     8.670    DRV/CU/r_state_i_4_n_0
    SLICE_X43Y57         LUT6 (Prop_lut6_I3_O)        0.124     8.794 r  DRV/CU/r_count[0]_i_2/O
                         net (fo=1, routed)           0.189     8.983    DRV/CU/r_count[0]_i_2_n_0
    SLICE_X42Y57         CARRY4 (Prop_carry4_DI[0]_CO[3])
                                                      0.550     9.533 r  DRV/CU/r_count_reg[0]_i_1/CO[3]
                         net (fo=1, routed)           0.000     9.533    DRV/CU/r_count_reg[0]_i_1_n_0
    SLICE_X42Y58         CARRY4 (Prop_carry4_CI_CO[3])
                                                      0.117     9.650 r  DRV/CU/r_count_reg[4]_i_1/CO[3]
                         net (fo=1, routed)           0.000     9.650    DRV/CU/r_count_reg[4]_i_1_n_0
    SLICE_X42Y59         CARRY4 (Prop_carry4_CI_CO[3])
                                                      0.117     9.767 r  DRV/CU/r_count_reg[8]_i_1/CO[3]
                         net (fo=1, routed)           0.000     9.767    DRV/CU/r_count_reg[8]_i_1_n_0
    SLICE_X42Y60         CARRY4 (Prop_carry4_CI_CO[3])
                                                      0.117     9.884 r  DRV/CU/r_count_reg[12]_i_1/CO[3]
                         net (fo=1, routed)           0.000     9.884    DRV/CU/r_count_reg[12]_i_1_n_0
    SLICE_X42Y61         CARRY4 (Prop_carry4_CI_O[1])
                                                      0.323    10.207 r  DRV/CU/r_count_reg[16]_i_1/O[1]
                         net (fo=1, routed)           0.000    10.207    DRV/CU/r_count_reg[16]_i_1_n_6
    SLICE_X42Y61         FDCE                                         r  DRV/CU/r_count_reg[17]/D
  -------------------------------------------------------------------    -------------------

                         (clock sys_clk_pin rise edge)
                                                     10.000    10.000 r  
    H16                                               0.000    10.000 r  clk (IN)
                         net (fo=0)                   0.000    10.000    clk
    H16                  IBUF (Prop_ibuf_I_O)         1.387    11.387 r  clk_IBUF_inst/O
                         net (fo=1, routed)           1.880    13.267    clk_IBUF
    BUFGCTRL_X0Y16       BUFG (Prop_bufg_I_O)         0.091    13.358 r  clk_IBUF_BUFG_inst/O
                         net (fo=31, routed)          1.560    14.918    DRV/CU/clk_IBUF_BUFG
    SLICE_X42Y61         FDCE                                         r  DRV/CU/r_count_reg[17]/C
                         clock pessimism              0.429    15.346    
                         clock uncertainty           -0.035    15.311    
    SLICE_X42Y61         FDCE (Setup_fdce_C_D)        0.109    15.420    DRV/CU/r_count_reg[17]
  -------------------------------------------------------------------
                         required time                         15.420    
                         arrival time                         -10.207    
  -------------------------------------------------------------------
                         slack                                  5.213    

Slack (MET) :             5.221ns  (required time - arrival time)
  Source:                 DRV/CU/r_count_reg[15]/C
                            (rising edge-triggered cell FDCE clocked by sys_clk_pin  {rise@0.000ns fall@5.000ns period=10.000ns})
  Destination:            DRV/CU/r_count_reg[19]/D
                            (rising edge-triggered cell FDCE clocked by sys_clk_pin  {rise@0.000ns fall@5.000ns period=10.000ns})
  Path Group:             sys_clk_pin
  Path Type:              Setup (Max at Slow Process Corner)
  Requirement:            10.000ns  (sys_clk_pin rise@10.000ns - sys_clk_pin rise@0.000ns)
  Data Path Delay:        4.827ns  (logic 1.982ns (41.061%)  route 2.845ns (58.939%))
  Logic Levels:           7  (CARRY4=5 LUT6=2)
  Clock Path Skew:        -0.026ns (DCD - SCD + CPR)
    Destination Clock Delay (DCD):    4.918ns = ( 14.918 - 10.000 ) 
    Source Clock Delay      (SCD):    5.372ns
    Clock Pessimism Removal (CPR):    0.429ns
  Clock Uncertainty:      0.035ns  ((TSJ^2 + TIJ^2)^1/2 + DJ) / 2 + PE
    Total System Jitter     (TSJ):    0.071ns
    Total Input Jitter      (TIJ):    0.000ns
    Discrete Jitter          (DJ):    0.000ns
    Phase Error              (PE):    0.000ns

    Location             Delay type                Incr(ns)  Path(ns)    Netlist Resource(s)
  -------------------------------------------------------------------    -------------------
                         (clock sys_clk_pin rise edge)
                                                      0.000     0.000 r  
    H16                                               0.000     0.000 r  clk (IN)
                         net (fo=0)                   0.000     0.000    clk
    H16                  IBUF (Prop_ibuf_I_O)         1.457     1.457 r  clk_IBUF_inst/O
                         net (fo=1, routed)           2.076     3.533    clk_IBUF
    BUFGCTRL_X0Y16       BUFG (Prop_bufg_I_O)         0.101     3.634 r  clk_IBUF_BUFG_inst/O
                         net (fo=31, routed)          1.738     5.372    DRV/CU/clk_IBUF_BUFG
    SLICE_X42Y60         FDCE                                         r  DRV/CU/r_count_reg[15]/C
  -------------------------------------------------------------------    -------------------
    SLICE_X42Y60         FDCE (Prop_fdce_C_Q)         0.518     5.890 f  DRV/CU/r_count_reg[15]/Q
                         net (fo=2, routed)           0.997     6.887    DRV/CU/r_count_reg[15]
    SLICE_X43Y61         LUT6 (Prop_lut6_I4_O)        0.124     7.011 f  DRV/CU/r_state_i_4/O
                         net (fo=29, routed)          1.659     8.670    DRV/CU/r_state_i_4_n_0
    SLICE_X43Y57         LUT6 (Prop_lut6_I3_O)        0.124     8.794 r  DRV/CU/r_count[0]_i_2/O
                         net (fo=1, routed)           0.189     8.983    DRV/CU/r_count[0]_i_2_n_0
    SLICE_X42Y57         CARRY4 (Prop_carry4_DI[0]_CO[3])
                                                      0.550     9.533 r  DRV/CU/r_count_reg[0]_i_1/CO[3]
                         net (fo=1, routed)           0.000     9.533    DRV/CU/r_count_reg[0]_i_1_n_0
    SLICE_X42Y58         CARRY4 (Prop_carry4_CI_CO[3])
                                                      0.117     9.650 r  DRV/CU/r_count_reg[4]_i_1/CO[3]
                         net (fo=1, routed)           0.000     9.650    DRV/CU/r_count_reg[4]_i_1_n_0
    SLICE_X42Y59         CARRY4 (Prop_carry4_CI_CO[3])
                                                      0.117     9.767 r  DRV/CU/r_count_reg[8]_i_1/CO[3]
                         net (fo=1, routed)           0.000     9.767    DRV/CU/r_count_reg[8]_i_1_n_0
    SLICE_X42Y60         CARRY4 (Prop_carry4_CI_CO[3])
                                                      0.117     9.884 r  DRV/CU/r_count_reg[12]_i_1/CO[3]
                         net (fo=1, routed)           0.000     9.884    DRV/CU/r_count_reg[12]_i_1_n_0
    SLICE_X42Y61         CARRY4 (Prop_carry4_CI_O[3])
                                                      0.315    10.199 r  DRV/CU/r_count_reg[16]_i_1/O[3]
                         net (fo=1, routed)           0.000    10.199    DRV/CU/r_count_reg[16]_i_1_n_4
    SLICE_X42Y61         FDCE                                         r  DRV/CU/r_count_reg[19]/D
  -------------------------------------------------------------------    -------------------

                         (clock sys_clk_pin rise edge)
                                                     10.000    10.000 r  
    H16                                               0.000    10.000 r  clk (IN)
                         net (fo=0)                   0.000    10.000    clk
    H16                  IBUF (Prop_ibuf_I_O)         1.387    11.387 r  clk_IBUF_inst/O
                         net (fo=1, routed)           1.880    13.267    clk_IBUF
    BUFGCTRL_X0Y16       BUFG (Prop_bufg_I_O)         0.091    13.358 r  clk_IBUF_BUFG_inst/O
                         net (fo=31, routed)          1.560    14.918    DRV/CU/clk_IBUF_BUFG
    SLICE_X42Y61         FDCE                                         r  DRV/CU/r_count_reg[19]/C
                         clock pessimism              0.429    15.346    
                         clock uncertainty           -0.035    15.311    
    SLICE_X42Y61         FDCE (Setup_fdce_C_D)        0.109    15.420    DRV/CU/r_count_reg[19]
  -------------------------------------------------------------------
                         required time                         15.420    
                         arrival time                         -10.199    
  -------------------------------------------------------------------
                         slack                                  5.221    

Slack (MET) :             5.297ns  (required time - arrival time)
  Source:                 DRV/CU/r_count_reg[15]/C
                            (rising edge-triggered cell FDCE clocked by sys_clk_pin  {rise@0.000ns fall@5.000ns period=10.000ns})
  Destination:            DRV/CU/r_count_reg[18]/D
                            (rising edge-triggered cell FDCE clocked by sys_clk_pin  {rise@0.000ns fall@5.000ns period=10.000ns})
  Path Group:             sys_clk_pin
  Path Type:              Setup (Max at Slow Process Corner)
  Requirement:            10.000ns  (sys_clk_pin rise@10.000ns - sys_clk_pin rise@0.000ns)
  Data Path Delay:        4.751ns  (logic 1.906ns (40.119%)  route 2.845ns (59.881%))
  Logic Levels:           7  (CARRY4=5 LUT6=2)
  Clock Path Skew:        -0.026ns (DCD - SCD + CPR)
    Destination Clock Delay (DCD):    4.918ns = ( 14.918 - 10.000 ) 
    Source Clock Delay      (SCD):    5.372ns
    Clock Pessimism Removal (CPR):    0.429ns
  Clock Uncertainty:      0.035ns  ((TSJ^2 + TIJ^2)^1/2 + DJ) / 2 + PE
    Total System Jitter     (TSJ):    0.071ns
    Total Input Jitter      (TIJ):    0.000ns
    Discrete Jitter          (DJ):    0.000ns
    Phase Error              (PE):    0.000ns

    Location             Delay type                Incr(ns)  Path(ns)    Netlist Resource(s)
  -------------------------------------------------------------------    -------------------
                         (clock sys_clk_pin rise edge)
                                                      0.000     0.000 r  
    H16                                               0.000     0.000 r  clk (IN)
                         net (fo=0)                   0.000     0.000    clk
    H16                  IBUF (Prop_ibuf_I_O)         1.457     1.457 r  clk_IBUF_inst/O
                         net (fo=1, routed)           2.076     3.533    clk_IBUF
    BUFGCTRL_X0Y16       BUFG (Prop_bufg_I_O)         0.101     3.634 r  clk_IBUF_BUFG_inst/O
                         net (fo=31, routed)          1.738     5.372    DRV/CU/clk_IBUF_BUFG
    SLICE_X42Y60         FDCE                                         r  DRV/CU/r_count_reg[15]/C
  -------------------------------------------------------------------    -------------------
    SLICE_X42Y60         FDCE (Prop_fdce_C_Q)         0.518     5.890 f  DRV/CU/r_count_reg[15]/Q
                         net (fo=2, routed)           0.997     6.887    DRV/CU/r_count_reg[15]
    SLICE_X43Y61         LUT6 (Prop_lut6_I4_O)        0.124     7.011 f  DRV/CU/r_state_i_4/O
                         net (fo=29, routed)          1.659     8.670    DRV/CU/r_state_i_4_n_0
    SLICE_X43Y57         LUT6 (Prop_lut6_I3_O)        0.124     8.794 r  DRV/CU/r_count[0]_i_2/O
                         net (fo=1, routed)           0.189     8.983    DRV/CU/r_count[0]_i_2_n_0
    SLICE_X42Y57         CARRY4 (Prop_carry4_DI[0]_CO[3])
                                                      0.550     9.533 r  DRV/CU/r_count_reg[0]_i_1/CO[3]
                         net (fo=1, routed)           0.000     9.533    DRV/CU/r_count_reg[0]_i_1_n_0
    SLICE_X42Y58         CARRY4 (Prop_carry4_CI_CO[3])
                                                      0.117     9.650 r  DRV/CU/r_count_reg[4]_i_1/CO[3]
                         net (fo=1, routed)           0.000     9.650    DRV/CU/r_count_reg[4]_i_1_n_0
    SLICE_X42Y59         CARRY4 (Prop_carry4_CI_CO[3])
                                                      0.117     9.767 r  DRV/CU/r_count_reg[8]_i_1/CO[3]
                         net (fo=1, routed)           0.000     9.767    DRV/CU/r_count_reg[8]_i_1_n_0
    SLICE_X42Y60         CARRY4 (Prop_carry4_CI_CO[3])
                                                      0.117     9.884 r  DRV/CU/r_count_reg[12]_i_1/CO[3]
                         net (fo=1, routed)           0.000     9.884    DRV/CU/r_count_reg[12]_i_1_n_0
    SLICE_X42Y61         CARRY4 (Prop_carry4_CI_O[2])
                                                      0.239    10.123 r  DRV/CU/r_count_reg[16]_i_1/O[2]
                         net (fo=1, routed)           0.000    10.123    DRV/CU/r_count_reg[16]_i_1_n_5
    SLICE_X42Y61         FDCE                                         r  DRV/CU/r_count_reg[18]/D
  -------------------------------------------------------------------    -------------------

                         (clock sys_clk_pin rise edge)
                                                     10.000    10.000 r  
    H16                                               0.000    10.000 r  clk (IN)
                         net (fo=0)                   0.000    10.000    clk
    H16                  IBUF (Prop_ibuf_I_O)         1.387    11.387 r  clk_IBUF_inst/O
                         net (fo=1, routed)           1.880    13.267    clk_IBUF
    BUFGCTRL_X0Y16       BUFG (Prop_bufg_I_O)         0.091    13.358 r  clk_IBUF_BUFG_inst/O
                         net (fo=31, routed)          1.560    14.918    DRV/CU/clk_IBUF_BUFG
    SLICE_X42Y61         FDCE                                         r  DRV/CU/r_count_reg[18]/C
                         clock pessimism              0.429    15.346    
                         clock uncertainty           -0.035    15.311    
    SLICE_X42Y61         FDCE (Setup_fdce_C_D)        0.109    15.420    DRV/CU/r_count_reg[18]
  -------------------------------------------------------------------
                         required time                         15.420    
                         arrival time                         -10.123    
  -------------------------------------------------------------------
                         slack                                  5.297    





Min Delay Paths
--------------------------------------------------------------------------------------
Slack (MET) :             0.260ns  (arrival time - required time)
  Source:                 r_btn0_reg/C
                            (rising edge-triggered cell FDCE clocked by sys_clk_pin  {rise@0.000ns fall@5.000ns period=10.000ns})
  Destination:            DRV/r_color_reg[0]/D
                            (rising edge-triggered cell FDPE clocked by sys_clk_pin  {rise@0.000ns fall@5.000ns period=10.000ns})
  Path Group:             sys_clk_pin
  Path Type:              Hold (Min at Fast Process Corner)
  Requirement:            0.000ns  (sys_clk_pin rise@0.000ns - sys_clk_pin rise@0.000ns)
  Data Path Delay:        0.352ns  (logic 0.186ns (52.916%)  route 0.166ns (47.084%))
  Logic Levels:           1  (LUT4=1)
  Clock Path Skew:        0.000ns (DCD - SCD - CPR)
    Destination Clock Delay (DCD):    1.981ns
    Source Clock Delay      (SCD):    1.464ns
    Clock Pessimism Removal (CPR):    0.517ns

    Location             Delay type                Incr(ns)  Path(ns)    Netlist Resource(s)
  -------------------------------------------------------------------    -------------------
                         (clock sys_clk_pin rise edge)
                                                      0.000     0.000 r  
    H16                                               0.000     0.000 r  clk (IN)
                         net (fo=0)                   0.000     0.000    clk
    H16                  IBUF (Prop_ibuf_I_O)         0.225     0.225 r  clk_IBUF_inst/O
                         net (fo=1, routed)           0.627     0.852    clk_IBUF
    BUFGCTRL_X0Y16       BUFG (Prop_bufg_I_O)         0.026     0.878 r  clk_IBUF_BUFG_inst/O
                         net (fo=31, routed)          0.586     1.464    clk_IBUF_BUFG
    SLICE_X40Y61         FDCE                                         r  r_btn0_reg/C
  -------------------------------------------------------------------    -------------------
    SLICE_X40Y61         FDCE (Prop_fdce_C_Q)         0.141     1.605 r  r_btn0_reg/Q
                         net (fo=2, routed)           0.166     1.771    DRV/r_btn0
    SLICE_X40Y61         LUT4 (Prop_lut4_I2_O)        0.045     1.816 r  DRV/r_color[0]_i_1/O
                         net (fo=1, routed)           0.000     1.816    DRV/r_color[0]_i_1_n_0
    SLICE_X40Y61         FDPE                                         r  DRV/r_color_reg[0]/D
  -------------------------------------------------------------------    -------------------

                         (clock sys_clk_pin rise edge)
                                                      0.000     0.000 r  
    H16                                               0.000     0.000 r  clk (IN)
                         net (fo=0)                   0.000     0.000    clk
    H16                  IBUF (Prop_ibuf_I_O)         0.413     0.413 r  clk_IBUF_inst/O
                         net (fo=1, routed)           0.683     1.096    clk_IBUF
    BUFGCTRL_X0Y16       BUFG (Prop_bufg_I_O)         0.029     1.125 r  clk_IBUF_BUFG_inst/O
                         net (fo=31, routed)          0.856     1.981    DRV/clk_IBUF_BUFG
    SLICE_X40Y61         FDPE                                         r  DRV/r_color_reg[0]/C
                         clock pessimism             -0.517     1.464    
    SLICE_X40Y61         FDPE (Hold_fdpe_C_D)         0.092     1.556    DRV/r_color_reg[0]
  -------------------------------------------------------------------
                         required time                         -1.556    
                         arrival time                           1.816    
  -------------------------------------------------------------------
                         slack                                  0.260    

Slack (MET) :             0.263ns  (arrival time - required time)
  Source:                 DRV/r_state_reg/C
                            (rising edge-triggered cell FDCE clocked by sys_clk_pin  {rise@0.000ns fall@5.000ns period=10.000ns})
  Destination:            DRV/r_state_reg/D
                            (rising edge-triggered cell FDCE clocked by sys_clk_pin  {rise@0.000ns fall@5.000ns period=10.000ns})
  Path Group:             sys_clk_pin
  Path Type:              Hold (Min at Fast Process Corner)
  Requirement:            0.000ns  (sys_clk_pin rise@0.000ns - sys_clk_pin rise@0.000ns)
  Data Path Delay:        0.354ns  (logic 0.186ns (52.507%)  route 0.168ns (47.493%))
  Logic Levels:           1  (LUT6=1)
  Clock Path Skew:        0.000ns (DCD - SCD - CPR)
    Destination Clock Delay (DCD):    1.981ns
    Source Clock Delay      (SCD):    1.464ns
    Clock Pessimism Removal (CPR):    0.517ns

    Location             Delay type                Incr(ns)  Path(ns)    Netlist Resource(s)
  -------------------------------------------------------------------    -------------------
                         (clock sys_clk_pin rise edge)
                                                      0.000     0.000 r  
    H16                                               0.000     0.000 r  clk (IN)
                         net (fo=0)                   0.000     0.000    clk
    H16                  IBUF (Prop_ibuf_I_O)         0.225     0.225 r  clk_IBUF_inst/O
                         net (fo=1, routed)           0.627     0.852    clk_IBUF
    BUFGCTRL_X0Y16       BUFG (Prop_bufg_I_O)         0.026     0.878 r  clk_IBUF_BUFG_inst/O
                         net (fo=31, routed)          0.586     1.464    DRV/clk_IBUF_BUFG
    SLICE_X43Y61         FDCE                                         r  DRV/r_state_reg/C
  -------------------------------------------------------------------    -------------------
    SLICE_X43Y61         FDCE (Prop_fdce_C_Q)         0.141     1.605 r  DRV/r_state_reg/Q
                         net (fo=4, routed)           0.168     1.773    DRV/CU/r_state
    SLICE_X43Y61         LUT6 (Prop_lut6_I0_O)        0.045     1.818 r  DRV/CU/r_state_i_1/O
                         net (fo=1, routed)           0.000     1.818    DRV/next_state
    SLICE_X43Y61         FDCE                                         r  DRV/r_state_reg/D
  -------------------------------------------------------------------    -------------------

                         (clock sys_clk_pin rise edge)
                                                      0.000     0.000 r  
    H16                                               0.000     0.000 r  clk (IN)
                         net (fo=0)                   0.000     0.000    clk
    H16                  IBUF (Prop_ibuf_I_O)         0.413     0.413 r  clk_IBUF_inst/O
                         net (fo=1, routed)           0.683     1.096    clk_IBUF
    BUFGCTRL_X0Y16       BUFG (Prop_bufg_I_O)         0.029     1.125 r  clk_IBUF_BUFG_inst/O
                         net (fo=31, routed)          0.856     1.981    DRV/clk_IBUF_BUFG
    SLICE_X43Y61         FDCE                                         r  DRV/r_state_reg/C
                         clock pessimism             -0.517     1.464    
    SLICE_X43Y61         FDCE (Hold_fdce_C_D)         0.091     1.555    DRV/r_state_reg
  -------------------------------------------------------------------
                         required time                         -1.555    
                         arrival time                           1.818    
  -------------------------------------------------------------------
                         slack                                  0.263    

Slack (MET) :             0.288ns  (arrival time - required time)
  Source:                 DRV/CU/r_count_reg[11]/C
                            (rising edge-triggered cell FDCE clocked by sys_clk_pin  {rise@0.000ns fall@5.000ns period=10.000ns})
  Destination:            DRV/CU/r_count_reg[11]/D
                            (rising edge-triggered cell FDCE clocked by sys_clk_pin  {rise@0.000ns fall@5.000ns period=10.000ns})
  Path Group:             sys_clk_pin
  Path Type:              Hold (Min at Fast Process Corner)
  Requirement:            0.000ns  (sys_clk_pin rise@0.000ns - sys_clk_pin rise@0.000ns)
  Data Path Delay:        0.422ns  (logic 0.273ns (64.655%)  route 0.149ns (35.345%))
  Logic Levels:           2  (CARRY4=1 LUT6=1)
  Clock Path Skew:        0.000ns (DCD - SCD - CPR)
    Destination Clock Delay (DCD):    1.982ns
    Source Clock Delay      (SCD):    1.465ns
    Clock Pessimism Removal (CPR):    0.517ns

    Location             Delay type                Incr(ns)  Path(ns)    Netlist Resource(s)
  -------------------------------------------------------------------    -------------------
                         (clock sys_clk_pin rise edge)
                                                      0.000     0.000 r  
    H16                                               0.000     0.000 r  clk (IN)
                         net (fo=0)                   0.000     0.000    clk
    H16                  IBUF (Prop_ibuf_I_O)         0.225     0.225 r  clk_IBUF_inst/O
                         net (fo=1, routed)           0.627     0.852    clk_IBUF
    BUFGCTRL_X0Y16       BUFG (Prop_bufg_I_O)         0.026     0.878 r  clk_IBUF_BUFG_inst/O
                         net (fo=31, routed)          0.587     1.465    DRV/CU/clk_IBUF_BUFG
    SLICE_X42Y59         FDCE                                         r  DRV/CU/r_count_reg[11]/C
  -------------------------------------------------------------------    -------------------
    SLICE_X42Y59         FDCE (Prop_fdce_C_Q)         0.164     1.629 r  DRV/CU/r_count_reg[11]/Q
                         net (fo=3, routed)           0.149     1.778    DRV/CU/r_count_reg[11]
    SLICE_X42Y59         LUT6 (Prop_lut6_I0_O)        0.045     1.823 r  DRV/CU/r_count[8]_i_2/O
                         net (fo=1, routed)           0.000     1.823    DRV/CU/r_count[8]_i_2_n_0
    SLICE_X42Y59         CARRY4 (Prop_carry4_S[3]_O[3])
                                                      0.064     1.887 r  DRV/CU/r_count_reg[8]_i_1/O[3]
                         net (fo=1, routed)           0.000     1.887    DRV/CU/r_count_reg[8]_i_1_n_4
    SLICE_X42Y59         FDCE                                         r  DRV/CU/r_count_reg[11]/D
  -------------------------------------------------------------------    -------------------

                         (clock sys_clk_pin rise edge)
                                                      0.000     0.000 r  
    H16                                               0.000     0.000 r  clk (IN)
                         net (fo=0)                   0.000     0.000    clk
    H16                  IBUF (Prop_ibuf_I_O)         0.413     0.413 r  clk_IBUF_inst/O
                         net (fo=1, routed)           0.683     1.096    clk_IBUF
    BUFGCTRL_X0Y16       BUFG (Prop_bufg_I_O)         0.029     1.125 r  clk_IBUF_BUFG_inst/O
                         net (fo=31, routed)          0.857     1.982    DRV/CU/clk_IBUF_BUFG
    SLICE_X42Y59         FDCE                                         r  DRV/CU/r_count_reg[11]/C
                         clock pessimism             -0.517     1.465    
    SLICE_X42Y59         FDCE (Hold_fdce_C_D)         0.134     1.599    DRV/CU/r_count_reg[11]
  -------------------------------------------------------------------
                         required time                         -1.599    
                         arrival time                           1.887    
  -------------------------------------------------------------------
                         slack                                  0.288    

Slack (MET) :             0.288ns  (arrival time - required time)
  Source:                 DRV/CU/r_count_reg[15]/C
                            (rising edge-triggered cell FDCE clocked by sys_clk_pin  {rise@0.000ns fall@5.000ns period=10.000ns})
  Destination:            DRV/CU/r_count_reg[15]/D
                            (rising edge-triggered cell FDCE clocked by sys_clk_pin  {rise@0.000ns fall@5.000ns period=10.000ns})
  Path Group:             sys_clk_pin
  Path Type:              Hold (Min at Fast Process Corner)
  Requirement:            0.000ns  (sys_clk_pin rise@0.000ns - sys_clk_pin rise@0.000ns)
  Data Path Delay:        0.422ns  (logic 0.273ns (64.655%)  route 0.149ns (35.345%))
  Logic Levels:           2  (CARRY4=1 LUT6=1)
  Clock Path Skew:        0.000ns (DCD - SCD - CPR)
    Destination Clock Delay (DCD):    1.981ns
    Source Clock Delay      (SCD):    1.464ns
    Clock Pessimism Removal (CPR):    0.517ns

    Location             Delay type                Incr(ns)  Path(ns)    Netlist Resource(s)
  -------------------------------------------------------------------    -------------------
                         (clock sys_clk_pin rise edge)
                                                      0.000     0.000 r  
    H16                                               0.000     0.000 r  clk (IN)
                         net (fo=0)                   0.000     0.000    clk
    H16                  IBUF (Prop_ibuf_I_O)         0.225     0.225 r  clk_IBUF_inst/O
                         net (fo=1, routed)           0.627     0.852    clk_IBUF
    BUFGCTRL_X0Y16       BUFG (Prop_bufg_I_O)         0.026     0.878 r  clk_IBUF_BUFG_inst/O
                         net (fo=31, routed)          0.586     1.464    DRV/CU/clk_IBUF_BUFG
    SLICE_X42Y60         FDCE                                         r  DRV/CU/r_count_reg[15]/C
  -------------------------------------------------------------------    -------------------
    SLICE_X42Y60         FDCE (Prop_fdce_C_Q)         0.164     1.628 r  DRV/CU/r_count_reg[15]/Q
                         net (fo=2, routed)           0.149     1.777    DRV/CU/r_count_reg[15]
    SLICE_X42Y60         LUT6 (Prop_lut6_I0_O)        0.045     1.822 r  DRV/CU/r_count[12]_i_2/O
                         net (fo=1, routed)           0.000     1.822    DRV/CU/r_count[12]_i_2_n_0
    SLICE_X42Y60         CARRY4 (Prop_carry4_S[3]_O[3])
                                                      0.064     1.886 r  DRV/CU/r_count_reg[12]_i_1/O[3]
                         net (fo=1, routed)           0.000     1.886    DRV/CU/r_count_reg[12]_i_1_n_4
    SLICE_X42Y60         FDCE                                         r  DRV/CU/r_count_reg[15]/D
  -------------------------------------------------------------------    -------------------

                         (clock sys_clk_pin rise edge)
                                                      0.000     0.000 r  
    H16                                               0.000     0.000 r  clk (IN)
                         net (fo=0)                   0.000     0.000    clk
    H16                  IBUF (Prop_ibuf_I_O)         0.413     0.413 r  clk_IBUF_inst/O
                         net (fo=1, routed)           0.683     1.096    clk_IBUF
    BUFGCTRL_X0Y16       BUFG (Prop_bufg_I_O)         0.029     1.125 r  clk_IBUF_BUFG_inst/O
                         net (fo=31, routed)          0.856     1.981    DRV/CU/clk_IBUF_BUFG
    SLICE_X42Y60         FDCE                                         r  DRV/CU/r_count_reg[15]/C
                         clock pessimism             -0.517     1.464    
    SLICE_X42Y60         FDCE (Hold_fdce_C_D)         0.134     1.598    DRV/CU/r_count_reg[15]
  -------------------------------------------------------------------
                         required time                         -1.598    
                         arrival time                           1.886    
  -------------------------------------------------------------------
                         slack                                  0.288    

Slack (MET) :             0.288ns  (arrival time - required time)
  Source:                 DRV/CU/r_count_reg[3]/C
                            (rising edge-triggered cell FDCE clocked by sys_clk_pin  {rise@0.000ns fall@5.000ns period=10.000ns})
  Destination:            DRV/CU/r_count_reg[3]/D
                            (rising edge-triggered cell FDCE clocked by sys_clk_pin  {rise@0.000ns fall@5.000ns period=10.000ns})
  Path Group:             sys_clk_pin
  Path Type:              Hold (Min at Fast Process Corner)
  Requirement:            0.000ns  (sys_clk_pin rise@0.000ns - sys_clk_pin rise@0.000ns)
  Data Path Delay:        0.422ns  (logic 0.273ns (64.655%)  route 0.149ns (35.345%))
  Logic Levels:           2  (CARRY4=1 LUT6=1)
  Clock Path Skew:        0.000ns (DCD - SCD - CPR)
    Destination Clock Delay (DCD):    1.982ns
    Source Clock Delay      (SCD):    1.465ns
    Clock Pessimism Removal (CPR):    0.517ns

    Location             Delay type                Incr(ns)  Path(ns)    Netlist Resource(s)
  -------------------------------------------------------------------    -------------------
                         (clock sys_clk_pin rise edge)
                                                      0.000     0.000 r  
    H16                                               0.000     0.000 r  clk (IN)
                         net (fo=0)                   0.000     0.000    clk
    H16                  IBUF (Prop_ibuf_I_O)         0.225     0.225 r  clk_IBUF_inst/O
                         net (fo=1, routed)           0.627     0.852    clk_IBUF
    BUFGCTRL_X0Y16       BUFG (Prop_bufg_I_O)         0.026     0.878 r  clk_IBUF_BUFG_inst/O
                         net (fo=31, routed)          0.587     1.465    DRV/CU/clk_IBUF_BUFG
    SLICE_X42Y57         FDCE                                         r  DRV/CU/r_count_reg[3]/C
  -------------------------------------------------------------------    -------------------
    SLICE_X42Y57         FDCE (Prop_fdce_C_Q)         0.164     1.629 r  DRV/CU/r_count_reg[3]/Q
                         net (fo=2, routed)           0.149     1.778    DRV/CU/r_count_reg[3]
    SLICE_X42Y57         LUT6 (Prop_lut6_I0_O)        0.045     1.823 r  DRV/CU/r_count[0]_i_3/O
                         net (fo=1, routed)           0.000     1.823    DRV/CU/r_count[0]_i_3_n_0
    SLICE_X42Y57         CARRY4 (Prop_carry4_S[3]_O[3])
                                                      0.064     1.887 r  DRV/CU/r_count_reg[0]_i_1/O[3]
                         net (fo=1, routed)           0.000     1.887    DRV/CU/r_count_reg[0]_i_1_n_4
    SLICE_X42Y57         FDCE                                         r  DRV/CU/r_count_reg[3]/D
  -------------------------------------------------------------------    -------------------

                         (clock sys_clk_pin rise edge)
                                                      0.000     0.000 r  
    H16                                               0.000     0.000 r  clk (IN)
                         net (fo=0)                   0.000     0.000    clk
    H16                  IBUF (Prop_ibuf_I_O)         0.413     0.413 r  clk_IBUF_inst/O
                         net (fo=1, routed)           0.683     1.096    clk_IBUF
    BUFGCTRL_X0Y16       BUFG (Prop_bufg_I_O)         0.029     1.125 r  clk_IBUF_BUFG_inst/O
                         net (fo=31, routed)          0.857     1.982    DRV/CU/clk_IBUF_BUFG
    SLICE_X42Y57         FDCE                                         r  DRV/CU/r_count_reg[3]/C
                         clock pessimism             -0.517     1.465    
    SLICE_X42Y57         FDCE (Hold_fdce_C_D)         0.134     1.599    DRV/CU/r_count_reg[3]
  -------------------------------------------------------------------
                         required time                         -1.599    
                         arrival time                           1.887    
  -------------------------------------------------------------------
                         slack                                  0.288    

Slack (MET) :             0.298ns  (arrival time - required time)
  Source:                 DRV/CU/r_count_reg[23]/C
                            (rising edge-triggered cell FDCE clocked by sys_clk_pin  {rise@0.000ns fall@5.000ns period=10.000ns})
  Destination:            DRV/CU/r_count_reg[23]/D
                            (rising edge-triggered cell FDCE clocked by sys_clk_pin  {rise@0.000ns fall@5.000ns period=10.000ns})
  Path Group:             sys_clk_pin
  Path Type:              Hold (Min at Fast Process Corner)
  Requirement:            0.000ns  (sys_clk_pin rise@0.000ns - sys_clk_pin rise@0.000ns)
  Data Path Delay:        0.432ns  (logic 0.273ns (63.149%)  route 0.159ns (36.851%))
  Logic Levels:           2  (CARRY4=1 LUT6=1)
  Clock Path Skew:        0.000ns (DCD - SCD - CPR)
    Destination Clock Delay (DCD):    1.979ns
    Source Clock Delay      (SCD):    1.463ns
    Clock Pessimism Removal (CPR):    0.516ns

    Location             Delay type                Incr(ns)  Path(ns)    Netlist Resource(s)
  -------------------------------------------------------------------    -------------------
                         (clock sys_clk_pin rise edge)
                                                      0.000     0.000 r  
    H16                                               0.000     0.000 r  clk (IN)
                         net (fo=0)                   0.000     0.000    clk
    H16                  IBUF (Prop_ibuf_I_O)         0.225     0.225 r  clk_IBUF_inst/O
                         net (fo=1, routed)           0.627     0.852    clk_IBUF
    BUFGCTRL_X0Y16       BUFG (Prop_bufg_I_O)         0.026     0.878 r  clk_IBUF_BUFG_inst/O
                         net (fo=31, routed)          0.585     1.463    DRV/CU/clk_IBUF_BUFG
    SLICE_X42Y62         FDCE                                         r  DRV/CU/r_count_reg[23]/C
  -------------------------------------------------------------------    -------------------
    SLICE_X42Y62         FDCE (Prop_fdce_C_Q)         0.164     1.627 r  DRV/CU/r_count_reg[23]/Q
                         net (fo=3, routed)           0.159     1.786    DRV/CU/r_count_reg[23]
    SLICE_X42Y62         LUT6 (Prop_lut6_I0_O)        0.045     1.831 r  DRV/CU/r_count[20]_i_2/O
                         net (fo=1, routed)           0.000     1.831    DRV/CU/r_count[20]_i_2_n_0
    SLICE_X42Y62         CARRY4 (Prop_carry4_S[3]_O[3])
                                                      0.064     1.895 r  DRV/CU/r_count_reg[20]_i_1/O[3]
                         net (fo=1, routed)           0.000     1.895    DRV/CU/r_count_reg[20]_i_1_n_4
    SLICE_X42Y62         FDCE                                         r  DRV/CU/r_count_reg[23]/D
  -------------------------------------------------------------------    -------------------

                         (clock sys_clk_pin rise edge)
                                                      0.000     0.000 r  
    H16                                               0.000     0.000 r  clk (IN)
                         net (fo=0)                   0.000     0.000    clk
    H16                  IBUF (Prop_ibuf_I_O)         0.413     0.413 r  clk_IBUF_inst/O
                         net (fo=1, routed)           0.683     1.096    clk_IBUF
    BUFGCTRL_X0Y16       BUFG (Prop_bufg_I_O)         0.029     1.125 r  clk_IBUF_BUFG_inst/O
                         net (fo=31, routed)          0.854     1.979    DRV/CU/clk_IBUF_BUFG
    SLICE_X42Y62         FDCE                                         r  DRV/CU/r_count_reg[23]/C
                         clock pessimism             -0.516     1.463    
    SLICE_X42Y62         FDCE (Hold_fdce_C_D)         0.134     1.597    DRV/CU/r_count_reg[23]
  -------------------------------------------------------------------
                         required time                         -1.597    
                         arrival time                           1.895    
  -------------------------------------------------------------------
                         slack                                  0.298    

Slack (MET) :             0.298ns  (arrival time - required time)
  Source:                 DRV/CU/r_count_reg[7]/C
                            (rising edge-triggered cell FDCE clocked by sys_clk_pin  {rise@0.000ns fall@5.000ns period=10.000ns})
  Destination:            DRV/CU/r_count_reg[7]/D
                            (rising edge-triggered cell FDCE clocked by sys_clk_pin  {rise@0.000ns fall@5.000ns period=10.000ns})
  Path Group:             sys_clk_pin
  Path Type:              Hold (Min at Fast Process Corner)
  Requirement:            0.000ns  (sys_clk_pin rise@0.000ns - sys_clk_pin rise@0.000ns)
  Data Path Delay:        0.432ns  (logic 0.273ns (63.149%)  route 0.159ns (36.851%))
  Logic Levels:           2  (CARRY4=1 LUT6=1)
  Clock Path Skew:        0.000ns (DCD - SCD - CPR)
    Destination Clock Delay (DCD):    1.982ns
    Source Clock Delay      (SCD):    1.465ns
    Clock Pessimism Removal (CPR):    0.517ns

    Location             Delay type                Incr(ns)  Path(ns)    Netlist Resource(s)
  -------------------------------------------------------------------    -------------------
                         (clock sys_clk_pin rise edge)
                                                      0.000     0.000 r  
    H16                                               0.000     0.000 r  clk (IN)
                         net (fo=0)                   0.000     0.000    clk
    H16                  IBUF (Prop_ibuf_I_O)         0.225     0.225 r  clk_IBUF_inst/O
                         net (fo=1, routed)           0.627     0.852    clk_IBUF
    BUFGCTRL_X0Y16       BUFG (Prop_bufg_I_O)         0.026     0.878 r  clk_IBUF_BUFG_inst/O
                         net (fo=31, routed)          0.587     1.465    DRV/CU/clk_IBUF_BUFG
    SLICE_X42Y58         FDCE                                         r  DRV/CU/r_count_reg[7]/C
  -------------------------------------------------------------------    -------------------
    SLICE_X42Y58         FDCE (Prop_fdce_C_Q)         0.164     1.629 r  DRV/CU/r_count_reg[7]/Q
                         net (fo=3, routed)           0.159     1.788    DRV/CU/r_count_reg[7]
    SLICE_X42Y58         LUT6 (Prop_lut6_I0_O)        0.045     1.833 r  DRV/CU/r_count[4]_i_2/O
                         net (fo=1, routed)           0.000     1.833    DRV/CU/r_count[4]_i_2_n_0
    SLICE_X42Y58         CARRY4 (Prop_carry4_S[3]_O[3])
                                                      0.064     1.897 r  DRV/CU/r_count_reg[4]_i_1/O[3]
                         net (fo=1, routed)           0.000     1.897    DRV/CU/r_count_reg[4]_i_1_n_4
    SLICE_X42Y58         FDCE                                         r  DRV/CU/r_count_reg[7]/D
  -------------------------------------------------------------------    -------------------

                         (clock sys_clk_pin rise edge)
                                                      0.000     0.000 r  
    H16                                               0.000     0.000 r  clk (IN)
                         net (fo=0)                   0.000     0.000    clk
    H16                  IBUF (Prop_ibuf_I_O)         0.413     0.413 r  clk_IBUF_inst/O
                         net (fo=1, routed)           0.683     1.096    clk_IBUF
    BUFGCTRL_X0Y16       BUFG (Prop_bufg_I_O)         0.029     1.125 r  clk_IBUF_BUFG_inst/O
                         net (fo=31, routed)          0.857     1.982    DRV/CU/clk_IBUF_BUFG
    SLICE_X42Y58         FDCE                                         r  DRV/CU/r_count_reg[7]/C
                         clock pessimism             -0.517     1.465    
    SLICE_X42Y58         FDCE (Hold_fdce_C_D)         0.134     1.599    DRV/CU/r_count_reg[7]
  -------------------------------------------------------------------
                         required time                         -1.599    
                         arrival time                           1.897    
  -------------------------------------------------------------------
                         slack                                  0.298    

Slack (MET) :             0.299ns  (arrival time - required time)
  Source:                 DRV/CU/r_count_reg[19]/C
                            (rising edge-triggered cell FDCE clocked by sys_clk_pin  {rise@0.000ns fall@5.000ns period=10.000ns})
  Destination:            DRV/CU/r_count_reg[19]/D
                            (rising edge-triggered cell FDCE clocked by sys_clk_pin  {rise@0.000ns fall@5.000ns period=10.000ns})
  Path Group:             sys_clk_pin
  Path Type:              Hold (Min at Fast Process Corner)
  Requirement:            0.000ns  (sys_clk_pin rise@0.000ns - sys_clk_pin rise@0.000ns)
  Data Path Delay:        0.433ns  (logic 0.273ns (62.999%)  route 0.160ns (37.001%))
  Logic Levels:           2  (CARRY4=1 LUT6=1)
  Clock Path Skew:        0.000ns (DCD - SCD - CPR)
    Destination Clock Delay (DCD):    1.981ns
    Source Clock Delay      (SCD):    1.464ns
    Clock Pessimism Removal (CPR):    0.517ns

    Location             Delay type                Incr(ns)  Path(ns)    Netlist Resource(s)
  -------------------------------------------------------------------    -------------------
                         (clock sys_clk_pin rise edge)
                                                      0.000     0.000 r  
    H16                                               0.000     0.000 r  clk (IN)
                         net (fo=0)                   0.000     0.000    clk
    H16                  IBUF (Prop_ibuf_I_O)         0.225     0.225 r  clk_IBUF_inst/O
                         net (fo=1, routed)           0.627     0.852    clk_IBUF
    BUFGCTRL_X0Y16       BUFG (Prop_bufg_I_O)         0.026     0.878 r  clk_IBUF_BUFG_inst/O
                         net (fo=31, routed)          0.586     1.464    DRV/CU/clk_IBUF_BUFG
    SLICE_X42Y61         FDCE                                         r  DRV/CU/r_count_reg[19]/C
  -------------------------------------------------------------------    -------------------
    SLICE_X42Y61         FDCE (Prop_fdce_C_Q)         0.164     1.628 r  DRV/CU/r_count_reg[19]/Q
                         net (fo=3, routed)           0.160     1.788    DRV/CU/r_count_reg[19]
    SLICE_X42Y61         LUT6 (Prop_lut6_I0_O)        0.045     1.833 r  DRV/CU/r_count[16]_i_2/O
                         net (fo=1, routed)           0.000     1.833    DRV/CU/r_count[16]_i_2_n_0
    SLICE_X42Y61         CARRY4 (Prop_carry4_S[3]_O[3])
                                                      0.064     1.897 r  DRV/CU/r_count_reg[16]_i_1/O[3]
                         net (fo=1, routed)           0.000     1.897    DRV/CU/r_count_reg[16]_i_1_n_4
    SLICE_X42Y61         FDCE                                         r  DRV/CU/r_count_reg[19]/D
  -------------------------------------------------------------------    -------------------

                         (clock sys_clk_pin rise edge)
                                                      0.000     0.000 r  
    H16                                               0.000     0.000 r  clk (IN)
                         net (fo=0)                   0.000     0.000    clk
    H16                  IBUF (Prop_ibuf_I_O)         0.413     0.413 r  clk_IBUF_inst/O
                         net (fo=1, routed)           0.683     1.096    clk_IBUF
    BUFGCTRL_X0Y16       BUFG (Prop_bufg_I_O)         0.029     1.125 r  clk_IBUF_BUFG_inst/O
                         net (fo=31, routed)          0.856     1.981    DRV/CU/clk_IBUF_BUFG
    SLICE_X42Y61         FDCE                                         r  DRV/CU/r_count_reg[19]/C
                         clock pessimism             -0.517     1.464    
    SLICE_X42Y61         FDCE (Hold_fdce_C_D)         0.134     1.598    DRV/CU/r_count_reg[19]
  -------------------------------------------------------------------
                         required time                         -1.598    
                         arrival time                           1.897    
  -------------------------------------------------------------------
                         slack                                  0.299    

Slack (MET) :             0.319ns  (arrival time - required time)
  Source:                 DRV/CU/r_count_reg[12]/C
                            (rising edge-triggered cell FDCE clocked by sys_clk_pin  {rise@0.000ns fall@5.000ns period=10.000ns})
  Destination:            DRV/CU/r_count_reg[12]/D
                            (rising edge-triggered cell FDCE clocked by sys_clk_pin  {rise@0.000ns fall@5.000ns period=10.000ns})
  Path Group:             sys_clk_pin
  Path Type:              Hold (Min at Fast Process Corner)
  Requirement:            0.000ns  (sys_clk_pin rise@0.000ns - sys_clk_pin rise@0.000ns)
  Data Path Delay:        0.453ns  (logic 0.279ns (61.561%)  route 0.174ns (38.439%))
  Logic Levels:           2  (CARRY4=1 LUT6=1)
  Clock Path Skew:        0.000ns (DCD - SCD - CPR)
    Destination Clock Delay (DCD):    1.981ns
    Source Clock Delay      (SCD):    1.464ns
    Clock Pessimism Removal (CPR):    0.517ns

    Location             Delay type                Incr(ns)  Path(ns)    Netlist Resource(s)
  -------------------------------------------------------------------    -------------------
                         (clock sys_clk_pin rise edge)
                                                      0.000     0.000 r  
    H16                                               0.000     0.000 r  clk (IN)
                         net (fo=0)                   0.000     0.000    clk
    H16                  IBUF (Prop_ibuf_I_O)         0.225     0.225 r  clk_IBUF_inst/O
                         net (fo=1, routed)           0.627     0.852    clk_IBUF
    BUFGCTRL_X0Y16       BUFG (Prop_bufg_I_O)         0.026     0.878 r  clk_IBUF_BUFG_inst/O
                         net (fo=31, routed)          0.586     1.464    DRV/CU/clk_IBUF_BUFG
    SLICE_X42Y60         FDCE                                         r  DRV/CU/r_count_reg[12]/C
  -------------------------------------------------------------------    -------------------
    SLICE_X42Y60         FDCE (Prop_fdce_C_Q)         0.164     1.628 r  DRV/CU/r_count_reg[12]/Q
                         net (fo=2, routed)           0.174     1.802    DRV/CU/r_count_reg[12]
    SLICE_X42Y60         LUT6 (Prop_lut6_I0_O)        0.045     1.847 r  DRV/CU/r_count[12]_i_5/O
                         net (fo=1, routed)           0.000     1.847    DRV/CU/r_count[12]_i_5_n_0
    SLICE_X42Y60         CARRY4 (Prop_carry4_S[0]_O[0])
                                                      0.070     1.917 r  DRV/CU/r_count_reg[12]_i_1/O[0]
                         net (fo=1, routed)           0.000     1.917    DRV/CU/r_count_reg[12]_i_1_n_7
    SLICE_X42Y60         FDCE                                         r  DRV/CU/r_count_reg[12]/D
  -------------------------------------------------------------------    -------------------

                         (clock sys_clk_pin rise edge)
                                                      0.000     0.000 r  
    H16                                               0.000     0.000 r  clk (IN)
                         net (fo=0)                   0.000     0.000    clk
    H16                  IBUF (Prop_ibuf_I_O)         0.413     0.413 r  clk_IBUF_inst/O
                         net (fo=1, routed)           0.683     1.096    clk_IBUF
    BUFGCTRL_X0Y16       BUFG (Prop_bufg_I_O)         0.029     1.125 r  clk_IBUF_BUFG_inst/O
                         net (fo=31, routed)          0.856     1.981    DRV/CU/clk_IBUF_BUFG
    SLICE_X42Y60         FDCE                                         r  DRV/CU/r_count_reg[12]/C
                         clock pessimism             -0.517     1.464    
    SLICE_X42Y60         FDCE (Hold_fdce_C_D)         0.134     1.598    DRV/CU/r_count_reg[12]
  -------------------------------------------------------------------
                         required time                         -1.598    
                         arrival time                           1.917    
  -------------------------------------------------------------------
                         slack                                  0.319    

Slack (MET) :             0.320ns  (arrival time - required time)
  Source:                 DRV/CU/r_count_reg[24]/C
                            (rising edge-triggered cell FDCE clocked by sys_clk_pin  {rise@0.000ns fall@5.000ns period=10.000ns})
  Destination:            DRV/CU/r_count_reg[24]/D
                            (rising edge-triggered cell FDCE clocked by sys_clk_pin  {rise@0.000ns fall@5.000ns period=10.000ns})
  Path Group:             sys_clk_pin
  Path Type:              Hold (Min at Fast Process Corner)
  Requirement:            0.000ns  (sys_clk_pin rise@0.000ns - sys_clk_pin rise@0.000ns)
  Data Path Delay:        0.454ns  (logic 0.279ns (61.421%)  route 0.175ns (38.579%))
  Logic Levels:           2  (CARRY4=1 LUT6=1)
  Clock Path Skew:        0.000ns (DCD - SCD - CPR)
    Destination Clock Delay (DCD):    1.978ns
    Source Clock Delay      (SCD):    1.462ns
    Clock Pessimism Removal (CPR):    0.516ns

    Location             Delay type                Incr(ns)  Path(ns)    Netlist Resource(s)
  -------------------------------------------------------------------    -------------------
                         (clock sys_clk_pin rise edge)
                                                      0.000     0.000 r  
    H16                                               0.000     0.000 r  clk (IN)
                         net (fo=0)                   0.000     0.000    clk
    H16                  IBUF (Prop_ibuf_I_O)         0.225     0.225 r  clk_IBUF_inst/O
                         net (fo=1, routed)           0.627     0.852    clk_IBUF
    BUFGCTRL_X0Y16       BUFG (Prop_bufg_I_O)         0.026     0.878 r  clk_IBUF_BUFG_inst/O
                         net (fo=31, routed)          0.584     1.462    DRV/CU/clk_IBUF_BUFG
    SLICE_X42Y63         FDCE                                         r  DRV/CU/r_count_reg[24]/C
  -------------------------------------------------------------------    -------------------
    SLICE_X42Y63         FDCE (Prop_fdce_C_Q)         0.164     1.626 r  DRV/CU/r_count_reg[24]/Q
                         net (fo=2, routed)           0.175     1.801    DRV/CU/r_count_reg[24]
    SLICE_X42Y63         LUT6 (Prop_lut6_I0_O)        0.045     1.846 r  DRV/CU/r_count[24]_i_4/O
                         net (fo=1, routed)           0.000     1.846    DRV/CU/r_count[24]_i_4_n_0
    SLICE_X42Y63         CARRY4 (Prop_carry4_S[0]_O[0])
                                                      0.070     1.916 r  DRV/CU/r_count_reg[24]_i_1/O[0]
                         net (fo=1, routed)           0.000     1.916    DRV/CU/r_count_reg[24]_i_1_n_7
    SLICE_X42Y63         FDCE                                         r  DRV/CU/r_count_reg[24]/D
  -------------------------------------------------------------------    -------------------

                         (clock sys_clk_pin rise edge)
                                                      0.000     0.000 r  
    H16                                               0.000     0.000 r  clk (IN)
                         net (fo=0)                   0.000     0.000    clk
    H16                  IBUF (Prop_ibuf_I_O)         0.413     0.413 r  clk_IBUF_inst/O
                         net (fo=1, routed)           0.683     1.096    clk_IBUF
    BUFGCTRL_X0Y16       BUFG (Prop_bufg_I_O)         0.029     1.125 r  clk_IBUF_BUFG_inst/O
                         net (fo=31, routed)          0.853     1.978    DRV/CU/clk_IBUF_BUFG
    SLICE_X42Y63         FDCE                                         r  DRV/CU/r_count_reg[24]/C
                         clock pessimism             -0.516     1.462    
    SLICE_X42Y63         FDCE (Hold_fdce_C_D)         0.134     1.596    DRV/CU/r_count_reg[24]
  -------------------------------------------------------------------
                         required time                         -1.596    
                         arrival time                           1.916    
  -------------------------------------------------------------------
                         slack                                  0.320    





Pulse Width Checks
--------------------------------------------------------------------------------------
Clock Name:         sys_clk_pin
Waveform(ns):       { 0.000 5.000 }
Period(ns):         10.000
Sources:            { clk }

Check Type        Corner  Lib Pin  Reference Pin  Required(ns)  Actual(ns)  Slack(ns)  Location        Pin
Min Period        n/a     BUFG/I   n/a            2.155         10.000      7.845      BUFGCTRL_X0Y16  clk_IBUF_BUFG_inst/I
Min Period        n/a     FDCE/C   n/a            1.000         10.000      9.000      SLICE_X42Y57    DRV/CU/r_count_reg[0]/C
Min Period        n/a     FDCE/C   n/a            1.000         10.000      9.000      SLICE_X42Y59    DRV/CU/r_count_reg[10]/C
Min Period        n/a     FDCE/C   n/a            1.000         10.000      9.000      SLICE_X42Y59    DRV/CU/r_count_reg[11]/C
Min Period        n/a     FDCE/C   n/a            1.000         10.000      9.000      SLICE_X42Y60    DRV/CU/r_count_reg[12]/C
Min Period        n/a     FDCE/C   n/a            1.000         10.000      9.000      SLICE_X42Y60    DRV/CU/r_count_reg[13]/C
Min Period        n/a     FDCE/C   n/a            1.000         10.000      9.000      SLICE_X42Y60    DRV/CU/r_count_reg[14]/C
Min Period        n/a     FDCE/C   n/a            1.000         10.000      9.000      SLICE_X42Y60    DRV/CU/r_count_reg[15]/C
Min Period        n/a     FDCE/C   n/a            1.000         10.000      9.000      SLICE_X42Y61    DRV/CU/r_count_reg[16]/C
Min Period        n/a     FDCE/C   n/a            1.000         10.000      9.000      SLICE_X42Y61    DRV/CU/r_count_reg[17]/C
Low Pulse Width   Slow    FDCE/C   n/a            0.500         5.000       4.500      SLICE_X42Y57    DRV/CU/r_count_reg[0]/C
Low Pulse Width   Fast    FDCE/C   n/a            0.500         5.000       4.500      SLICE_X42Y57    DRV/CU/r_count_reg[0]/C
Low Pulse Width   Slow    FDCE/C   n/a            0.500         5.000       4.500      SLICE_X42Y59    DRV/CU/r_count_reg[10]/C
Low Pulse Width   Fast    FDCE/C   n/a            0.500         5.000       4.500      SLICE_X42Y59    DRV/CU/r_count_reg[10]/C
Low Pulse Width   Slow    FDCE/C   n/a            0.500         5.000       4.500      SLICE_X42Y59    DRV/CU/r_count_reg[11]/C
Low Pulse Width   Fast    FDCE/C   n/a            0.500         5.000       4.500      SLICE_X42Y59    DRV/CU/r_count_reg[11]/C
Low Pulse Width   Slow    FDCE/C   n/a            0.500         5.000       4.500      SLICE_X42Y60    DRV/CU/r_count_reg[12]/C
Low Pulse Width   Fast    FDCE/C   n/a            0.500         5.000       4.500      SLICE_X42Y60    DRV/CU/r_count_reg[12]/C
Low Pulse Width   Slow    FDCE/C   n/a            0.500         5.000       4.500      SLICE_X42Y60    DRV/CU/r_count_reg[13]/C
Low Pulse Width   Fast    FDCE/C   n/a            0.500         5.000       4.500      SLICE_X42Y60    DRV/CU/r_count_reg[13]/C
High Pulse Width  Fast    FDCE/C   n/a            0.500         5.000       4.500      SLICE_X42Y62    DRV/CU/r_count_reg[20]/C
High Pulse Width  Fast    FDCE/C   n/a            0.500         5.000       4.500      SLICE_X42Y62    DRV/CU/r_count_reg[21]/C
High Pulse Width  Fast    FDCE/C   n/a            0.500         5.000       4.500      SLICE_X42Y62    DRV/CU/r_count_reg[22]/C
High Pulse Width  Fast    FDCE/C   n/a            0.500         5.000       4.500      SLICE_X42Y62    DRV/CU/r_count_reg[23]/C
High Pulse Width  Fast    FDCE/C   n/a            0.500         5.000       4.500      SLICE_X42Y57    DRV/CU/r_count_reg[0]/C
High Pulse Width  Fast    FDCE/C   n/a            0.500         5.000       4.500      SLICE_X42Y59    DRV/CU/r_count_reg[10]/C
High Pulse Width  Fast    FDCE/C   n/a            0.500         5.000       4.500      SLICE_X42Y59    DRV/CU/r_count_reg[11]/C
High Pulse Width  Fast    FDCE/C   n/a            0.500         5.000       4.500      SLICE_X42Y60    DRV/CU/r_count_reg[12]/C
High Pulse Width  Fast    FDCE/C   n/a            0.500         5.000       4.500      SLICE_X42Y60    DRV/CU/r_count_reg[13]/C
High Pulse Width  Fast    FDCE/C   n/a            0.500         5.000       4.500      SLICE_X42Y60    DRV/CU/r_count_reg[14]/C



