Copyright 1986-2020 Xilinx, Inc. All Rights Reserved.
----------------------------------------------------------------------------------------------------------------------------------------------------------------------------------------------
| Tool Version : Vivado v.2020.2 (lin64) Build 3064766 Wed Nov 18 09:12:47 MST 2020
| Date         : Mon Aug 24 08:25:15 2026
| Host         : galileo running 64-bit Ubuntu 20.04.6 LTS
| Command      : report_timing_summary -max_paths 10 -file top_led_driver_timing_summary_placed.rpt -pb top_led_driver_timing_summary_placed.pb -rpx top_led_driver_timing_summary_placed.rpx
| Design       : top_led_driver
| Device       : 7z010-clg400
| Speed File   : -1  PRODUCTION 1.12 2019-11-22
----------------------------------------------------------------------------------------------------------------------------------------------------------------------------------------------

Timing Summary Report

------------------------------------------------------------------------------------------------
| Timer Settings
| --------------
------------------------------------------------------------------------------------------------

  Enable Multi Corner Analysis               :  Yes
  Enable Pessimism Removal                   :  Yes
  Pessimism Removal Resolution               :  Nearest Common Node
  Enable Input Delay Default Clock           :  No
  Enable Preset / Clear Arcs                 :  No
  Disable Flight Delays                      :  No
  Ignore I/O Paths                           :  No
  Timing Early Launch at Borrowing Latches   :  No
  Borrow Time for Max Delay Exceptions       :  Yes
  Merge Timing Exceptions                    :  Yes

  Corner  Analyze    Analyze    
  Name    Max Paths  Min Paths  
  ------  ---------  ---------  
  Slow    Yes        Yes        
  Fast    Yes        Yes        



check_timing report

Table of Contents
-----------------
1. checking no_clock (0)
2. checking constant_clock (0)
3. checking pulse_width_clock (0)
4. checking unconstrained_internal_endpoints (0)
5. checking no_input_delay (3)
6. checking no_output_delay (3)
7. checking multiple_clock (0)
8. checking generated_clocks (0)
9. checking loops (0)
10. checking partial_input_delay (0)
11. checking partial_output_delay (0)
12. checking latch_loops (0)

1. checking no_clock (0)
------------------------
 There are 0 register/latch pins with no clock.


2. checking constant_clock (0)
------------------------------
 There are 0 register/latch pins with constant_clock.


3. checking pulse_width_clock (0)
---------------------------------
 There are 0 register/latch pins which need pulse_width check


4. checking unconstrained_internal_endpoints (0)
------------------------------------------------
 There are 0 pins that are not constrained for maximum delay.

 There are 0 pins that are not constrained for maximum delay due to constant clock.


5. checking no_input_delay (3)
------------------------------
 There is 1 input port with no input delay specified. (HIGH)

 There are 2 input ports with no input delay but user has a false path constraint. (MEDIUM)


6. checking no_output_delay (3)
-------------------------------
 There are 0 ports with no output delay specified.

 There are 3 ports with no output delay but user has a false path constraint (MEDIUM)

 There are 0 ports with no output delay but with a timing clock defined on it or propagating through it


7. checking multiple_clock (0)
------------------------------
 There are 0 register/latch pins with multiple clocks.


8. checking generated_clocks (0)
--------------------------------
 There are 0 generated clocks that are not connected to a clock source.


9. checking loops (0)
---------------------
 There are 0 combinational loops in the design.


10. checking partial_input_delay (0)
------------------------------------
 There are 0 input ports with partial input delay specified.


11. checking partial_output_delay (0)
-------------------------------------
 There are 0 ports with partial output delay specified.


12. checking latch_loops (0)
----------------------------
 There are 0 combinational latch loops in the design through latch input



------------------------------------------------------------------------------------------------
| Design Timing Summary
| ---------------------
------------------------------------------------------------------------------------------------

    WNS(ns)      TNS(ns)  TNS Failing Endpoints  TNS Total Endpoints      WHS(ns)      THS(ns)  THS Failing Endpoints  THS Total Endpoints     WPWS(ns)     TPWS(ns)  TPWS Failing Endpoints  TPWS Total Endpoints  
    -------      -------  ---------------------  -------------------      -------      -------  ---------------------  -------------------     --------     --------  ----------------------  --------------------  
      5.469        0.000                      0                   30        0.236        0.000                      0                   30        4.500        0.000                       0                    32  


All user specified timing constraints are met.


------------------------------------------------------------------------------------------------
| Clock Summary
| -------------
------------------------------------------------------------------------------------------------

Clock        Waveform(ns)       Period(ns)      Frequency(MHz)
-----        ------------       ----------      --------------
sys_clk_pin  {0.000 5.000}      10.000          100.000         


------------------------------------------------------------------------------------------------
| Intra Clock Table
| -----------------
------------------------------------------------------------------------------------------------

Clock             WNS(ns)      TNS(ns)  TNS Failing Endpoints  TNS Total Endpoints      WHS(ns)      THS(ns)  THS Failing Endpoints  THS Total Endpoints     WPWS(ns)     TPWS(ns)  TPWS Failing Endpoints  TPWS Total Endpoints  
-----             -------      -------  ---------------------  -------------------      -------      -------  ---------------------  -------------------     --------     --------  ----------------------  --------------------  
sys_clk_pin         5.469        0.000                      0                   30        0.236        0.000                      0                   30        4.500        0.000                       0                    32  


------------------------------------------------------------------------------------------------
| Inter Clock Table
| -----------------
------------------------------------------------------------------------------------------------

From Clock    To Clock          WNS(ns)      TNS(ns)  TNS Failing Endpoints  TNS Total Endpoints      WHS(ns)      THS(ns)  THS Failing Endpoints  THS Total Endpoints  
----------    --------          -------      -------  ---------------------  -------------------      -------      -------  ---------------------  -------------------  


------------------------------------------------------------------------------------------------
| Other Path Groups Table
| -----------------------
------------------------------------------------------------------------------------------------

Path Group    From Clock    To Clock          WNS(ns)      TNS(ns)  TNS Failing Endpoints  TNS Total Endpoints      WHS(ns)      THS(ns)  THS Failing Endpoints  THS Total Endpoints  
----------    ----------    --------          -------      -------  ---------------------  -------------------      -------      -------  ---------------------  -------------------  


------------------------------------------------------------------------------------------------
| Timing Details
| --------------
------------------------------------------------------------------------------------------------


---------------------------------------------------------------------------------------------------
From Clock:  sys_clk_pin
  To Clock:  sys_clk_pin

Setup :            0  Failing Endpoints,  Worst Slack        5.469ns,  Total Violation        0.000ns
Hold  :            0  Failing Endpoints,  Worst Slack        0.236ns,  Total Violation        0.000ns
PW    :            0  Failing Endpoints,  Worst Slack        4.500ns,  Total Violation        0.000ns
---------------------------------------------------------------------------------------------------


Max Delay Paths
--------------------------------------------------------------------------------------
Slack (MET) :             5.469ns  (required time - arrival time)
  Source:                 DRV/CU/r_count_reg[20]/C
                            (rising edge-triggered cell FDCE clocked by sys_clk_pin  {rise@0.000ns fall@5.000ns period=10.000ns})
  Destination:            DRV/CU/r_count_reg[25]/D
                            (rising edge-triggered cell FDCE clocked by sys_clk_pin  {rise@0.000ns fall@5.000ns period=10.000ns})
  Path Group:             sys_clk_pin
  Path Type:              Setup (Max at Slow Process Corner)
  Requirement:            10.000ns  (sys_clk_pin rise@10.000ns - sys_clk_pin rise@0.000ns)
  Data Path Delay:        4.579ns  (logic 2.224ns (48.570%)  route 2.355ns (51.430%))
  Logic Levels:           9  (CARRY4=7 LUT6=2)
  Clock Path Skew:        -0.026ns (DCD - SCD + CPR)
    Destination Clock Delay (DCD):    5.007ns = ( 15.007 - 10.000 ) 
    Source Clock Delay      (SCD):    5.370ns
    Clock Pessimism Removal (CPR):    0.337ns
  Clock Uncertainty:      0.035ns  ((TSJ^2 + TIJ^2)^1/2 + DJ) / 2 + PE
    Total System Jitter     (TSJ):    0.071ns
    Total Input Jitter      (TIJ):    0.000ns
    Discrete Jitter          (DJ):    0.000ns
    Phase Error              (PE):    0.000ns

    Location             Delay type                Incr(ns)  Path(ns)    Netlist Resource(s)
  -------------------------------------------------------------------    -------------------
                         (clock sys_clk_pin rise edge)
                                                      0.000     0.000 r  
    H16                                               0.000     0.000 r  clk (IN)
                         net (fo=0)                   0.000     0.000    clk
    H16                  IBUF (Prop_ibuf_I_O)         1.457     1.457 r  clk_IBUF_inst/O
                         net (fo=1, estimated)        2.076     3.533    clk_IBUF
    BUFGCTRL_X0Y16       BUFG (Prop_bufg_I_O)         0.101     3.634 r  clk_IBUF_BUFG_inst/O
                         net (fo=31, estimated)       1.736     5.370    DRV/CU/clk_IBUF_BUFG
    SLICE_X42Y62         FDCE                                         r  DRV/CU/r_count_reg[20]/C
  -------------------------------------------------------------------    -------------------
    SLICE_X42Y62         FDCE (Prop_fdce_C_Q)         0.518     5.888 r  DRV/CU/r_count_reg[20]/Q
                         net (fo=3, estimated)        1.018     6.906    DRV/CU/r_count_reg[20]
    SLICE_X43Y61         LUT6 (Prop_lut6_I0_O)        0.124     7.030 f  DRV/CU/r_state_i_4/O
                         net (fo=29, estimated)       1.146     8.176    DRV/CU/r_state_i_4_n_0
    SLICE_X43Y57         LUT6 (Prop_lut6_I3_O)        0.124     8.300 r  DRV/CU/r_count[0]_i_2/O
                         net (fo=1, estimated)        0.191     8.491    DRV/CU/r_count[0]_i_2_n_0
    SLICE_X42Y57         CARRY4 (Prop_carry4_DI[0]_CO[3])
                                                      0.550     9.041 r  DRV/CU/r_count_reg[0]_i_1/CO[3]
                         net (fo=1, estimated)        0.000     9.041    DRV/CU/r_count_reg[0]_i_1_n_0
    SLICE_X42Y58         CARRY4 (Prop_carry4_CI_CO[3])
                                                      0.117     9.158 r  DRV/CU/r_count_reg[4]_i_1/CO[3]
                         net (fo=1, estimated)        0.000     9.158    DRV/CU/r_count_reg[4]_i_1_n_0
    SLICE_X42Y59         CARRY4 (Prop_carry4_CI_CO[3])
                                                      0.117     9.275 r  DRV/CU/r_count_reg[8]_i_1/CO[3]
                         net (fo=1, estimated)        0.000     9.275    DRV/CU/r_count_reg[8]_i_1_n_0
    SLICE_X42Y60         CARRY4 (Prop_carry4_CI_CO[3])
                                                      0.117     9.392 r  DRV/CU/r_count_reg[12]_i_1/CO[3]
                         net (fo=1, estimated)        0.000     9.392    DRV/CU/r_count_reg[12]_i_1_n_0
    SLICE_X42Y61         CARRY4 (Prop_carry4_CI_CO[3])
                                                      0.117     9.509 r  DRV/CU/r_count_reg[16]_i_1/CO[3]
                         net (fo=1, estimated)        0.000     9.509    DRV/CU/r_count_reg[16]_i_1_n_0
    SLICE_X42Y62         CARRY4 (Prop_carry4_CI_CO[3])
                                                      0.117     9.626 r  DRV/CU/r_count_reg[20]_i_1/CO[3]
                         net (fo=1, estimated)        0.000     9.626    DRV/CU/r_count_reg[20]_i_1_n_0
    SLICE_X42Y63         CARRY4 (Prop_carry4_CI_O[1])
                                                      0.323     9.949 r  DRV/CU/r_count_reg[24]_i_1/O[1]
                         net (fo=1, routed)           0.000     9.949    DRV/CU/r_count_reg[24]_i_1_n_6
    SLICE_X42Y63         FDCE                                         r  DRV/CU/r_count_reg[25]/D
  -------------------------------------------------------------------    -------------------

                         (clock sys_clk_pin rise edge)
                                                     10.000    10.000 r  
    H16                                               0.000    10.000 r  clk (IN)
                         net (fo=0)                   0.000    10.000    clk
    H16                  IBUF (Prop_ibuf_I_O)         1.387    11.387 r  clk_IBUF_inst/O
                         net (fo=1, estimated)        1.972    13.359    clk_IBUF
    BUFGCTRL_X0Y16       BUFG (Prop_bufg_I_O)         0.091    13.450 r  clk_IBUF_BUFG_inst/O
                         net (fo=31, estimated)       1.557    15.007    DRV/CU/clk_IBUF_BUFG
    SLICE_X42Y63         FDCE                                         r  DRV/CU/r_count_reg[25]/C
                         clock pessimism              0.337    15.344    
                         clock uncertainty           -0.035    15.309    
    SLICE_X42Y63         FDCE (Setup_fdce_C_D)        0.109    15.418    DRV/CU/r_count_reg[25]
  -------------------------------------------------------------------
                         required time                         15.418    
                         arrival time                          -9.949    
  -------------------------------------------------------------------
                         slack                                  5.469    

Slack (MET) :             5.553ns  (required time - arrival time)
  Source:                 DRV/CU/r_count_reg[20]/C
                            (rising edge-triggered cell FDCE clocked by sys_clk_pin  {rise@0.000ns fall@5.000ns period=10.000ns})
  Destination:            DRV/CU/r_count_reg[26]/D
                            (rising edge-triggered cell FDCE clocked by sys_clk_pin  {rise@0.000ns fall@5.000ns period=10.000ns})
  Path Group:             sys_clk_pin
  Path Type:              Setup (Max at Slow Process Corner)
  Requirement:            10.000ns  (sys_clk_pin rise@10.000ns - sys_clk_pin rise@0.000ns)
  Data Path Delay:        4.495ns  (logic 2.140ns (47.608%)  route 2.355ns (52.392%))
  Logic Levels:           9  (CARRY4=7 LUT6=2)
  Clock Path Skew:        -0.026ns (DCD - SCD + CPR)
    Destination Clock Delay (DCD):    5.007ns = ( 15.007 - 10.000 ) 
    Source Clock Delay      (SCD):    5.370ns
    Clock Pessimism Removal (CPR):    0.337ns
  Clock Uncertainty:      0.035ns  ((TSJ^2 + TIJ^2)^1/2 + DJ) / 2 + PE
    Total System Jitter     (TSJ):    0.071ns
    Total Input Jitter      (TIJ):    0.000ns
    Discrete Jitter          (DJ):    0.000ns
    Phase Error              (PE):    0.000ns

    Location             Delay type                Incr(ns)  Path(ns)    Netlist Resource(s)
  -------------------------------------------------------------------    -------------------
                         (clock sys_clk_pin rise edge)
                                                      0.000     0.000 r  
    H16                                               0.000     0.000 r  clk (IN)
                         net (fo=0)                   0.000     0.000    clk
    H16                  IBUF (Prop_ibuf_I_O)         1.457     1.457 r  clk_IBUF_inst/O
                         net (fo=1, estimated)        2.076     3.533    clk_IBUF
    BUFGCTRL_X0Y16       BUFG (Prop_bufg_I_O)         0.101     3.634 r  clk_IBUF_BUFG_inst/O
                         net (fo=31, estimated)       1.736     5.370    DRV/CU/clk_IBUF_BUFG
    SLICE_X42Y62         FDCE                                         r  DRV/CU/r_count_reg[20]/C
  -------------------------------------------------------------------    -------------------
    SLICE_X42Y62         FDCE (Prop_fdce_C_Q)         0.518     5.888 r  DRV/CU/r_count_reg[20]/Q
                         net (fo=3, estimated)        1.018     6.906    DRV/CU/r_count_reg[20]
    SLICE_X43Y61         LUT6 (Prop_lut6_I0_O)        0.124     7.030 f  DRV/CU/r_state_i_4/O
                         net (fo=29, estimated)       1.146     8.176    DRV/CU/r_state_i_4_n_0
    SLICE_X43Y57         LUT6 (Prop_lut6_I3_O)        0.124     8.300 r  DRV/CU/r_count[0]_i_2/O
                         net (fo=1, estimated)        0.191     8.491    DRV/CU/r_count[0]_i_2_n_0
    SLICE_X42Y57         CARRY4 (Prop_carry4_DI[0]_CO[3])
                                                      0.550     9.041 r  DRV/CU/r_count_reg[0]_i_1/CO[3]
                         net (fo=1, estimated)        0.000     9.041    DRV/CU/r_count_reg[0]_i_1_n_0
    SLICE_X42Y58         CARRY4 (Prop_carry4_CI_CO[3])
                                                      0.117     9.158 r  DRV/CU/r_count_reg[4]_i_1/CO[3]
                         net (fo=1, estimated)        0.000     9.158    DRV/CU/r_count_reg[4]_i_1_n_0
    SLICE_X42Y59         CARRY4 (Prop_carry4_CI_CO[3])
                                                      0.117     9.275 r  DRV/CU/r_count_reg[8]_i_1/CO[3]
                         net (fo=1, estimated)        0.000     9.275    DRV/CU/r_count_reg[8]_i_1_n_0
    SLICE_X42Y60         CARRY4 (Prop_carry4_CI_CO[3])
                                                      0.117     9.392 r  DRV/CU/r_count_reg[12]_i_1/CO[3]
                         net (fo=1, estimated)        0.000     9.392    DRV/CU/r_count_reg[12]_i_1_n_0
    SLICE_X42Y61         CARRY4 (Prop_carry4_CI_CO[3])
                                                      0.117     9.509 r  DRV/CU/r_count_reg[16]_i_1/CO[3]
                         net (fo=1, estimated)        0.000     9.509    DRV/CU/r_count_reg[16]_i_1_n_0
    SLICE_X42Y62         CARRY4 (Prop_carry4_CI_CO[3])
                                                      0.117     9.626 r  DRV/CU/r_count_reg[20]_i_1/CO[3]
                         net (fo=1, estimated)        0.000     9.626    DRV/CU/r_count_reg[20]_i_1_n_0
    SLICE_X42Y63         CARRY4 (Prop_carry4_CI_O[2])
                                                      0.239     9.865 r  DRV/CU/r_count_reg[24]_i_1/O[2]
                         net (fo=1, routed)           0.000     9.865    DRV/CU/r_count_reg[24]_i_1_n_5
    SLICE_X42Y63         FDCE                                         r  DRV/CU/r_count_reg[26]/D
  -------------------------------------------------------------------    -------------------

                         (clock sys_clk_pin rise edge)
                                                     10.000    10.000 r  
    H16                                               0.000    10.000 r  clk (IN)
                         net (fo=0)                   0.000    10.000    clk
    H16                  IBUF (Prop_ibuf_I_O)         1.387    11.387 r  clk_IBUF_inst/O
                         net (fo=1, estimated)        1.972    13.359    clk_IBUF
    BUFGCTRL_X0Y16       BUFG (Prop_bufg_I_O)         0.091    13.450 r  clk_IBUF_BUFG_inst/O
                         net (fo=31, estimated)       1.557    15.007    DRV/CU/clk_IBUF_BUFG
    SLICE_X42Y63         FDCE                                         r  DRV/CU/r_count_reg[26]/C
                         clock pessimism              0.337    15.344    
                         clock uncertainty           -0.035    15.309    
    SLICE_X42Y63         FDCE (Setup_fdce_C_D)        0.109    15.418    DRV/CU/r_count_reg[26]
  -------------------------------------------------------------------
                         required time                         15.418    
                         arrival time                          -9.865    
  -------------------------------------------------------------------
                         slack                                  5.553    

Slack (MET) :             5.573ns  (required time - arrival time)
  Source:                 DRV/CU/r_count_reg[20]/C
                            (rising edge-triggered cell FDCE clocked by sys_clk_pin  {rise@0.000ns fall@5.000ns period=10.000ns})
  Destination:            DRV/CU/r_count_reg[24]/D
                            (rising edge-triggered cell FDCE clocked by sys_clk_pin  {rise@0.000ns fall@5.000ns period=10.000ns})
  Path Group:             sys_clk_pin
  Path Type:              Setup (Max at Slow Process Corner)
  Requirement:            10.000ns  (sys_clk_pin rise@10.000ns - sys_clk_pin rise@0.000ns)
  Data Path Delay:        4.475ns  (logic 2.120ns (47.374%)  route 2.355ns (52.626%))
  Logic Levels:           9  (CARRY4=7 LUT6=2)
  Clock Path Skew:        -0.026ns (DCD - SCD + CPR)
    Destination Clock Delay (DCD):    5.007ns = ( 15.007 - 10.000 ) 
    Source Clock Delay      (SCD):    5.370ns
    Clock Pessimism Removal (CPR):    0.337ns
  Clock Uncertainty:      0.035ns  ((TSJ^2 + TIJ^2)^1/2 + DJ) / 2 + PE
    Total System Jitter     (TSJ):    0.071ns
    Total Input Jitter      (TIJ):    0.000ns
    Discrete Jitter          (DJ):    0.000ns
    Phase Error              (PE):    0.000ns

    Location             Delay type                Incr(ns)  Path(ns)    Netlist Resource(s)
  -------------------------------------------------------------------    -------------------
                         (clock sys_clk_pin rise edge)
                                                      0.000     0.000 r  
    H16                                               0.000     0.000 r  clk (IN)
                         net (fo=0)                   0.000     0.000    clk
    H16                  IBUF (Prop_ibuf_I_O)         1.457     1.457 r  clk_IBUF_inst/O
                         net (fo=1, estimated)        2.076     3.533    clk_IBUF
    BUFGCTRL_X0Y16       BUFG (Prop_bufg_I_O)         0.101     3.634 r  clk_IBUF_BUFG_inst/O
                         net (fo=31, estimated)       1.736     5.370    DRV/CU/clk_IBUF_BUFG
    SLICE_X42Y62         FDCE                                         r  DRV/CU/r_count_reg[20]/C
  -------------------------------------------------------------------    -------------------
    SLICE_X42Y62         FDCE (Prop_fdce_C_Q)         0.518     5.888 r  DRV/CU/r_count_reg[20]/Q
                         net (fo=3, estimated)        1.018     6.906    DRV/CU/r_count_reg[20]
    SLICE_X43Y61         LUT6 (Prop_lut6_I0_O)        0.124     7.030 f  DRV/CU/r_state_i_4/O
                         net (fo=29, estimated)       1.146     8.176    DRV/CU/r_state_i_4_n_0
    SLICE_X43Y57         LUT6 (Prop_lut6_I3_O)        0.124     8.300 r  DRV/CU/r_count[0]_i_2/O
                         net (fo=1, estimated)        0.191     8.491    DRV/CU/r_count[0]_i_2_n_0
    SLICE_X42Y57         CARRY4 (Prop_carry4_DI[0]_CO[3])
                                                      0.550     9.041 r  DRV/CU/r_count_reg[0]_i_1/CO[3]
                         net (fo=1, estimated)        0.000     9.041    DRV/CU/r_count_reg[0]_i_1_n_0
    SLICE_X42Y58         CARRY4 (Prop_carry4_CI_CO[3])
                                                      0.117     9.158 r  DRV/CU/r_count_reg[4]_i_1/CO[3]
                         net (fo=1, estimated)        0.000     9.158    DRV/CU/r_count_reg[4]_i_1_n_0
    SLICE_X42Y59         CARRY4 (Prop_carry4_CI_CO[3])
                                                      0.117     9.275 r  DRV/CU/r_count_reg[8]_i_1/CO[3]
                         net (fo=1, estimated)        0.000     9.275    DRV/CU/r_count_reg[8]_i_1_n_0
    SLICE_X42Y60         CARRY4 (Prop_carry4_CI_CO[3])
                                                      0.117     9.392 r  DRV/CU/r_count_reg[12]_i_1/CO[3]
                         net (fo=1, estimated)        0.000     9.392    DRV/CU/r_count_reg[12]_i_1_n_0
    SLICE_X42Y61         CARRY4 (Prop_carry4_CI_CO[3])
                                                      0.117     9.509 r  DRV/CU/r_count_reg[16]_i_1/CO[3]
                         net (fo=1, estimated)        0.000     9.509    DRV/CU/r_count_reg[16]_i_1_n_0
    SLICE_X42Y62         CARRY4 (Prop_carry4_CI_CO[3])
                                                      0.117     9.626 r  DRV/CU/r_count_reg[20]_i_1/CO[3]
                         net (fo=1, estimated)        0.000     9.626    DRV/CU/r_count_reg[20]_i_1_n_0
    SLICE_X42Y63         CARRY4 (Prop_carry4_CI_O[0])
                                                      0.219     9.845 r  DRV/CU/r_count_reg[24]_i_1/O[0]
                         net (fo=1, routed)           0.000     9.845    DRV/CU/r_count_reg[24]_i_1_n_7
    SLICE_X42Y63         FDCE                                         r  DRV/CU/r_count_reg[24]/D
  -------------------------------------------------------------------    -------------------

                         (clock sys_clk_pin rise edge)
                                                     10.000    10.000 r  
    H16                                               0.000    10.000 r  clk (IN)
                         net (fo=0)                   0.000    10.000    clk
    H16                  IBUF (Prop_ibuf_I_O)         1.387    11.387 r  clk_IBUF_inst/O
                         net (fo=1, estimated)        1.972    13.359    clk_IBUF
    BUFGCTRL_X0Y16       BUFG (Prop_bufg_I_O)         0.091    13.450 r  clk_IBUF_BUFG_inst/O
                         net (fo=31, estimated)       1.557    15.007    DRV/CU/clk_IBUF_BUFG
    SLICE_X42Y63         FDCE                                         r  DRV/CU/r_count_reg[24]/C
                         clock pessimism              0.337    15.344    
                         clock uncertainty           -0.035    15.309    
    SLICE_X42Y63         FDCE (Setup_fdce_C_D)        0.109    15.418    DRV/CU/r_count_reg[24]
  -------------------------------------------------------------------
                         required time                         15.418    
                         arrival time                          -9.845    
  -------------------------------------------------------------------
                         slack                                  5.573    

Slack (MET) :             5.587ns  (required time - arrival time)
  Source:                 DRV/CU/r_count_reg[20]/C
                            (rising edge-triggered cell FDCE clocked by sys_clk_pin  {rise@0.000ns fall@5.000ns period=10.000ns})
  Destination:            DRV/CU/r_count_reg[21]/D
                            (rising edge-triggered cell FDCE clocked by sys_clk_pin  {rise@0.000ns fall@5.000ns period=10.000ns})
  Path Group:             sys_clk_pin
  Path Type:              Setup (Max at Slow Process Corner)
  Requirement:            10.000ns  (sys_clk_pin rise@10.000ns - sys_clk_pin rise@0.000ns)
  Data Path Delay:        4.462ns  (logic 2.107ns (47.221%)  route 2.355ns (52.779%))
  Logic Levels:           8  (CARRY4=6 LUT6=2)
  Clock Path Skew:        -0.025ns (DCD - SCD + CPR)
    Destination Clock Delay (DCD):    5.008ns = ( 15.008 - 10.000 ) 
    Source Clock Delay      (SCD):    5.370ns
    Clock Pessimism Removal (CPR):    0.337ns
  Clock Uncertainty:      0.035ns  ((TSJ^2 + TIJ^2)^1/2 + DJ) / 2 + PE
    Total System Jitter     (TSJ):    0.071ns
    Total Input Jitter      (TIJ):    0.000ns
    Discrete Jitter          (DJ):    0.000ns
    Phase Error              (PE):    0.000ns

    Location             Delay type                Incr(ns)  Path(ns)    Netlist Resource(s)
  -------------------------------------------------------------------    -------------------
                         (clock sys_clk_pin rise edge)
                                                      0.000     0.000 r  
    H16                                               0.000     0.000 r  clk (IN)
                         net (fo=0)                   0.000     0.000    clk
    H16                  IBUF (Prop_ibuf_I_O)         1.457     1.457 r  clk_IBUF_inst/O
                         net (fo=1, estimated)        2.076     3.533    clk_IBUF
    BUFGCTRL_X0Y16       BUFG (Prop_bufg_I_O)         0.101     3.634 r  clk_IBUF_BUFG_inst/O
                         net (fo=31, estimated)       1.736     5.370    DRV/CU/clk_IBUF_BUFG
    SLICE_X42Y62         FDCE                                         r  DRV/CU/r_count_reg[20]/C
  -------------------------------------------------------------------    -------------------
    SLICE_X42Y62         FDCE (Prop_fdce_C_Q)         0.518     5.888 r  DRV/CU/r_count_reg[20]/Q
                         net (fo=3, estimated)        1.018     6.906    DRV/CU/r_count_reg[20]
    SLICE_X43Y61         LUT6 (Prop_lut6_I0_O)        0.124     7.030 f  DRV/CU/r_state_i_4/O
                         net (fo=29, estimated)       1.146     8.176    DRV/CU/r_state_i_4_n_0
    SLICE_X43Y57         LUT6 (Prop_lut6_I3_O)        0.124     8.300 r  DRV/CU/r_count[0]_i_2/O
                         net (fo=1, estimated)        0.191     8.491    DRV/CU/r_count[0]_i_2_n_0
    SLICE_X42Y57         CARRY4 (Prop_carry4_DI[0]_CO[3])
                                                      0.550     9.041 r  DRV/CU/r_count_reg[0]_i_1/CO[3]
                         net (fo=1, estimated)        0.000     9.041    DRV/CU/r_count_reg[0]_i_1_n_0
    SLICE_X42Y58         CARRY4 (Prop_carry4_CI_CO[3])
                                                      0.117     9.158 r  DRV/CU/r_count_reg[4]_i_1/CO[3]
                         net (fo=1, estimated)        0.000     9.158    DRV/CU/r_count_reg[4]_i_1_n_0
    SLICE_X42Y59         CARRY4 (Prop_carry4_CI_CO[3])
                                                      0.117     9.275 r  DRV/CU/r_count_reg[8]_i_1/CO[3]
                         net (fo=1, estimated)        0.000     9.275    DRV/CU/r_count_reg[8]_i_1_n_0
    SLICE_X42Y60         CARRY4 (Prop_carry4_CI_CO[3])
                                                      0.117     9.392 r  DRV/CU/r_count_reg[12]_i_1/CO[3]
                         net (fo=1, estimated)        0.000     9.392    DRV/CU/r_count_reg[12]_i_1_n_0
    SLICE_X42Y61         CARRY4 (Prop_carry4_CI_CO[3])
                                                      0.117     9.509 r  DRV/CU/r_count_reg[16]_i_1/CO[3]
                         net (fo=1, estimated)        0.000     9.509    DRV/CU/r_count_reg[16]_i_1_n_0
    SLICE_X42Y62         CARRY4 (Prop_carry4_CI_O[1])
                                                      0.323     9.832 r  DRV/CU/r_count_reg[20]_i_1/O[1]
                         net (fo=1, routed)           0.000     9.832    DRV/CU/r_count_reg[20]_i_1_n_6
    SLICE_X42Y62         FDCE                                         r  DRV/CU/r_count_reg[21]/D
  -------------------------------------------------------------------    -------------------

                         (clock sys_clk_pin rise edge)
                                                     10.000    10.000 r  
    H16                                               0.000    10.000 r  clk (IN)
                         net (fo=0)                   0.000    10.000    clk
    H16                  IBUF (Prop_ibuf_I_O)         1.387    11.387 r  clk_IBUF_inst/O
                         net (fo=1, estimated)        1.972    13.359    clk_IBUF
    BUFGCTRL_X0Y16       BUFG (Prop_bufg_I_O)         0.091    13.450 r  clk_IBUF_BUFG_inst/O
                         net (fo=31, estimated)       1.558    15.008    DRV/CU/clk_IBUF_BUFG
    SLICE_X42Y62         FDCE                                         r  DRV/CU/r_count_reg[21]/C
                         clock pessimism              0.337    15.345    
                         clock uncertainty           -0.035    15.310    
    SLICE_X42Y62         FDCE (Setup_fdce_C_D)        0.109    15.419    DRV/CU/r_count_reg[21]
  -------------------------------------------------------------------
                         required time                         15.419    
                         arrival time                          -9.832    
  -------------------------------------------------------------------
                         slack                                  5.587    

Slack (MET) :             5.595ns  (required time - arrival time)
  Source:                 DRV/CU/r_count_reg[20]/C
                            (rising edge-triggered cell FDCE clocked by sys_clk_pin  {rise@0.000ns fall@5.000ns period=10.000ns})
  Destination:            DRV/CU/r_count_reg[23]/D
                            (rising edge-triggered cell FDCE clocked by sys_clk_pin  {rise@0.000ns fall@5.000ns period=10.000ns})
  Path Group:             sys_clk_pin
  Path Type:              Setup (Max at Slow Process Corner)
  Requirement:            10.000ns  (sys_clk_pin rise@10.000ns - sys_clk_pin rise@0.000ns)
  Data Path Delay:        4.454ns  (logic 2.099ns (47.126%)  route 2.355ns (52.874%))
  Logic Levels:           8  (CARRY4=6 LUT6=2)
  Clock Path Skew:        -0.025ns (DCD - SCD + CPR)
    Destination Clock Delay (DCD):    5.008ns = ( 15.008 - 10.000 ) 
    Source Clock Delay      (SCD):    5.370ns
    Clock Pessimism Removal (CPR):    0.337ns
  Clock Uncertainty:      0.035ns  ((TSJ^2 + TIJ^2)^1/2 + DJ) / 2 + PE
    Total System Jitter     (TSJ):    0.071ns
    Total Input Jitter      (TIJ):    0.000ns
    Discrete Jitter          (DJ):    0.000ns
    Phase Error              (PE):    0.000ns

    Location             Delay type                Incr(ns)  Path(ns)    Netlist Resource(s)
  -------------------------------------------------------------------    -------------------
                         (clock sys_clk_pin rise edge)
                                                      0.000     0.000 r  
    H16                                               0.000     0.000 r  clk (IN)
                         net (fo=0)                   0.000     0.000    clk
    H16                  IBUF (Prop_ibuf_I_O)         1.457     1.457 r  clk_IBUF_inst/O
                         net (fo=1, estimated)        2.076     3.533    clk_IBUF
    BUFGCTRL_X0Y16       BUFG (Prop_bufg_I_O)         0.101     3.634 r  clk_IBUF_BUFG_inst/O
                         net (fo=31, estimated)       1.736     5.370    DRV/CU/clk_IBUF_BUFG
    SLICE_X42Y62         FDCE                                         r  DRV/CU/r_count_reg[20]/C
  -------------------------------------------------------------------    -------------------
    SLICE_X42Y62         FDCE (Prop_fdce_C_Q)         0.518     5.888 r  DRV/CU/r_count_reg[20]/Q
                         net (fo=3, estimated)        1.018     6.906    DRV/CU/r_count_reg[20]
    SLICE_X43Y61         LUT6 (Prop_lut6_I0_O)        0.124     7.030 f  DRV/CU/r_state_i_4/O
                         net (fo=29, estimated)       1.146     8.176    DRV/CU/r_state_i_4_n_0
    SLICE_X43Y57         LUT6 (Prop_lut6_I3_O)        0.124     8.300 r  DRV/CU/r_count[0]_i_2/O
                         net (fo=1, estimated)        0.191     8.491    DRV/CU/r_count[0]_i_2_n_0
    SLICE_X42Y57         CARRY4 (Prop_carry4_DI[0]_CO[3])
                                                      0.550     9.041 r  DRV/CU/r_count_reg[0]_i_1/CO[3]
                         net (fo=1, estimated)        0.000     9.041    DRV/CU/r_count_reg[0]_i_1_n_0
    SLICE_X42Y58         CARRY4 (Prop_carry4_CI_CO[3])
                                                      0.117     9.158 r  DRV/CU/r_count_reg[4]_i_1/CO[3]
                         net (fo=1, estimated)        0.000     9.158    DRV/CU/r_count_reg[4]_i_1_n_0
    SLICE_X42Y59         CARRY4 (Prop_carry4_CI_CO[3])
                                                      0.117     9.275 r  DRV/CU/r_count_reg[8]_i_1/CO[3]
                         net (fo=1, estimated)        0.000     9.275    DRV/CU/r_count_reg[8]_i_1_n_0
    SLICE_X42Y60         CARRY4 (Prop_carry4_CI_CO[3])
                                                      0.117     9.392 r  DRV/CU/r_count_reg[12]_i_1/CO[3]
                         net (fo=1, estimated)        0.000     9.392    DRV/CU/r_count_reg[12]_i_1_n_0
    SLICE_X42Y61         CARRY4 (Prop_carry4_CI_CO[3])
                                                      0.117     9.509 r  DRV/CU/r_count_reg[16]_i_1/CO[3]
                         net (fo=1, estimated)        0.000     9.509    DRV/CU/r_count_reg[16]_i_1_n_0
    SLICE_X42Y62         CARRY4 (Prop_carry4_CI_O[3])
                                                      0.315     9.824 r  DRV/CU/r_count_reg[20]_i_1/O[3]
                         net (fo=1, routed)           0.000     9.824    DRV/CU/r_count_reg[20]_i_1_n_4
    SLICE_X42Y62         FDCE                                         r  DRV/CU/r_count_reg[23]/D
  -------------------------------------------------------------------    -------------------

                         (clock sys_clk_pin rise edge)
                                                     10.000    10.000 r  
    H16                                               0.000    10.000 r  clk (IN)
                         net (fo=0)                   0.000    10.000    clk
    H16                  IBUF (Prop_ibuf_I_O)         1.387    11.387 r  clk_IBUF_inst/O
                         net (fo=1, estimated)        1.972    13.359    clk_IBUF
    BUFGCTRL_X0Y16       BUFG (Prop_bufg_I_O)         0.091    13.450 r  clk_IBUF_BUFG_inst/O
                         net (fo=31, estimated)       1.558    15.008    DRV/CU/clk_IBUF_BUFG
    SLICE_X42Y62         FDCE                                         r  DRV/CU/r_count_reg[23]/C
                         clock pessimism              0.337    15.345    
                         clock uncertainty           -0.035    15.310    
    SLICE_X42Y62         FDCE (Setup_fdce_C_D)        0.109    15.419    DRV/CU/r_count_reg[23]
  -------------------------------------------------------------------
                         required time                         15.419    
                         arrival time                          -9.824    
  -------------------------------------------------------------------
                         slack                                  5.595    

Slack (MET) :             5.671ns  (required time - arrival time)
  Source:                 DRV/CU/r_count_reg[20]/C
                            (rising edge-triggered cell FDCE clocked by sys_clk_pin  {rise@0.000ns fall@5.000ns period=10.000ns})
  Destination:            DRV/CU/r_count_reg[22]/D
                            (rising edge-triggered cell FDCE clocked by sys_clk_pin  {rise@0.000ns fall@5.000ns period=10.000ns})
  Path Group:             sys_clk_pin
  Path Type:              Setup (Max at Slow Process Corner)
  Requirement:            10.000ns  (sys_clk_pin rise@10.000ns - sys_clk_pin rise@0.000ns)
  Data Path Delay:        4.378ns  (logic 2.023ns (46.208%)  route 2.355ns (53.792%))
  Logic Levels:           8  (CARRY4=6 LUT6=2)
  Clock Path Skew:        -0.025ns (DCD - SCD + CPR)
    Destination Clock Delay (DCD):    5.008ns = ( 15.008 - 10.000 ) 
    Source Clock Delay      (SCD):    5.370ns
    Clock Pessimism Removal (CPR):    0.337ns
  Clock Uncertainty:      0.035ns  ((TSJ^2 + TIJ^2)^1/2 + DJ) / 2 + PE
    Total System Jitter     (TSJ):    0.071ns
    Total Input Jitter      (TIJ):    0.000ns
    Discrete Jitter          (DJ):    0.000ns
    Phase Error              (PE):    0.000ns

    Location             Delay type                Incr(ns)  Path(ns)    Netlist Resource(s)
  -------------------------------------------------------------------    -------------------
                         (clock sys_clk_pin rise edge)
                                                      0.000     0.000 r  
    H16                                               0.000     0.000 r  clk (IN)
                         net (fo=0)                   0.000     0.000    clk
    H16                  IBUF (Prop_ibuf_I_O)         1.457     1.457 r  clk_IBUF_inst/O
                         net (fo=1, estimated)        2.076     3.533    clk_IBUF
    BUFGCTRL_X0Y16       BUFG (Prop_bufg_I_O)         0.101     3.634 r  clk_IBUF_BUFG_inst/O
                         net (fo=31, estimated)       1.736     5.370    DRV/CU/clk_IBUF_BUFG
    SLICE_X42Y62         FDCE                                         r  DRV/CU/r_count_reg[20]/C
  -------------------------------------------------------------------    -------------------
    SLICE_X42Y62         FDCE (Prop_fdce_C_Q)         0.518     5.888 r  DRV/CU/r_count_reg[20]/Q
                         net (fo=3, estimated)        1.018     6.906    DRV/CU/r_count_reg[20]
    SLICE_X43Y61         LUT6 (Prop_lut6_I0_O)        0.124     7.030 f  DRV/CU/r_state_i_4/O
                         net (fo=29, estimated)       1.146     8.176    DRV/CU/r_state_i_4_n_0
    SLICE_X43Y57         LUT6 (Prop_lut6_I3_O)        0.124     8.300 r  DRV/CU/r_count[0]_i_2/O
                         net (fo=1, estimated)        0.191     8.491    DRV/CU/r_count[0]_i_2_n_0
    SLICE_X42Y57         CARRY4 (Prop_carry4_DI[0]_CO[3])
                                                      0.550     9.041 r  DRV/CU/r_count_reg[0]_i_1/CO[3]
                         net (fo=1, estimated)        0.000     9.041    DRV/CU/r_count_reg[0]_i_1_n_0
    SLICE_X42Y58         CARRY4 (Prop_carry4_CI_CO[3])
                                                      0.117     9.158 r  DRV/CU/r_count_reg[4]_i_1/CO[3]
                         net (fo=1, estimated)        0.000     9.158    DRV/CU/r_count_reg[4]_i_1_n_0
    SLICE_X42Y59         CARRY4 (Prop_carry4_CI_CO[3])
                                                      0.117     9.275 r  DRV/CU/r_count_reg[8]_i_1/CO[3]
                         net (fo=1, estimated)        0.000     9.275    DRV/CU/r_count_reg[8]_i_1_n_0
    SLICE_X42Y60         CARRY4 (Prop_carry4_CI_CO[3])
                                                      0.117     9.392 r  DRV/CU/r_count_reg[12]_i_1/CO[3]
                         net (fo=1, estimated)        0.000     9.392    DRV/CU/r_count_reg[12]_i_1_n_0
    SLICE_X42Y61         CARRY4 (Prop_carry4_CI_CO[3])
                                                      0.117     9.509 r  DRV/CU/r_count_reg[16]_i_1/CO[3]
                         net (fo=1, estimated)        0.000     9.509    DRV/CU/r_count_reg[16]_i_1_n_0
    SLICE_X42Y62         CARRY4 (Prop_carry4_CI_O[2])
                                                      0.239     9.748 r  DRV/CU/r_count_reg[20]_i_1/O[2]
                         net (fo=1, routed)           0.000     9.748    DRV/CU/r_count_reg[20]_i_1_n_5
    SLICE_X42Y62         FDCE                                         r  DRV/CU/r_count_reg[22]/D
  -------------------------------------------------------------------    -------------------

                         (clock sys_clk_pin rise edge)
                                                     10.000    10.000 r  
    H16                                               0.000    10.000 r  clk (IN)
                         net (fo=0)                   0.000    10.000    clk
    H16                  IBUF (Prop_ibuf_I_O)         1.387    11.387 r  clk_IBUF_inst/O
                         net (fo=1, estimated)        1.972    13.359    clk_IBUF
    BUFGCTRL_X0Y16       BUFG (Prop_bufg_I_O)         0.091    13.450 r  clk_IBUF_BUFG_inst/O
                         net (fo=31, estimated)       1.558    15.008    DRV/CU/clk_IBUF_BUFG
    SLICE_X42Y62         FDCE                                         r  DRV/CU/r_count_reg[22]/C
                         clock pessimism              0.337    15.345    
                         clock uncertainty           -0.035    15.310    
    SLICE_X42Y62         FDCE (Setup_fdce_C_D)        0.109    15.419    DRV/CU/r_count_reg[22]
  -------------------------------------------------------------------
                         required time                         15.419    
                         arrival time                          -9.748    
  -------------------------------------------------------------------
                         slack                                  5.671    

Slack (MET) :             5.691ns  (required time - arrival time)
  Source:                 DRV/CU/r_count_reg[20]/C
                            (rising edge-triggered cell FDCE clocked by sys_clk_pin  {rise@0.000ns fall@5.000ns period=10.000ns})
  Destination:            DRV/CU/r_count_reg[20]/D
                            (rising edge-triggered cell FDCE clocked by sys_clk_pin  {rise@0.000ns fall@5.000ns period=10.000ns})
  Path Group:             sys_clk_pin
  Path Type:              Setup (Max at Slow Process Corner)
  Requirement:            10.000ns  (sys_clk_pin rise@10.000ns - sys_clk_pin rise@0.000ns)
  Data Path Delay:        4.358ns  (logic 2.003ns (45.961%)  route 2.355ns (54.039%))
  Logic Levels:           8  (CARRY4=6 LUT6=2)
  Clock Path Skew:        -0.025ns (DCD - SCD + CPR)
    Destination Clock Delay (DCD):    5.008ns = ( 15.008 - 10.000 ) 
    Source Clock Delay      (SCD):    5.370ns
    Clock Pessimism Removal (CPR):    0.337ns
  Clock Uncertainty:      0.035ns  ((TSJ^2 + TIJ^2)^1/2 + DJ) / 2 + PE
    Total System Jitter     (TSJ):    0.071ns
    Total Input Jitter      (TIJ):    0.000ns
    Discrete Jitter          (DJ):    0.000ns
    Phase Error              (PE):    0.000ns

    Location             Delay type                Incr(ns)  Path(ns)    Netlist Resource(s)
  -------------------------------------------------------------------    -------------------
                         (clock sys_clk_pin rise edge)
                                                      0.000     0.000 r  
    H16                                               0.000     0.000 r  clk (IN)
                         net (fo=0)                   0.000     0.000    clk
    H16                  IBUF (Prop_ibuf_I_O)         1.457     1.457 r  clk_IBUF_inst/O
                         net (fo=1, estimated)        2.076     3.533    clk_IBUF
    BUFGCTRL_X0Y16       BUFG (Prop_bufg_I_O)         0.101     3.634 r  clk_IBUF_BUFG_inst/O
                         net (fo=31, estimated)       1.736     5.370    DRV/CU/clk_IBUF_BUFG
    SLICE_X42Y62         FDCE                                         r  DRV/CU/r_count_reg[20]/C
  -------------------------------------------------------------------    -------------------
    SLICE_X42Y62         FDCE (Prop_fdce_C_Q)         0.518     5.888 r  DRV/CU/r_count_reg[20]/Q
                         net (fo=3, estimated)        1.018     6.906    DRV/CU/r_count_reg[20]
    SLICE_X43Y61         LUT6 (Prop_lut6_I0_O)        0.124     7.030 f  DRV/CU/r_state_i_4/O
                         net (fo=29, estimated)       1.146     8.176    DRV/CU/r_state_i_4_n_0
    SLICE_X43Y57         LUT6 (Prop_lut6_I3_O)        0.124     8.300 r  DRV/CU/r_count[0]_i_2/O
                         net (fo=1, estimated)        0.191     8.491    DRV/CU/r_count[0]_i_2_n_0
    SLICE_X42Y57         CARRY4 (Prop_carry4_DI[0]_CO[3])
                                                      0.550     9.041 r  DRV/CU/r_count_reg[0]_i_1/CO[3]
                         net (fo=1, estimated)        0.000     9.041    DRV/CU/r_count_reg[0]_i_1_n_0
    SLICE_X42Y58         CARRY4 (Prop_carry4_CI_CO[3])
                                                      0.117     9.158 r  DRV/CU/r_count_reg[4]_i_1/CO[3]
                         net (fo=1, estimated)        0.000     9.158    DRV/CU/r_count_reg[4]_i_1_n_0
    SLICE_X42Y59         CARRY4 (Prop_carry4_CI_CO[3])
                                                      0.117     9.275 r  DRV/CU/r_count_reg[8]_i_1/CO[3]
                         net (fo=1, estimated)        0.000     9.275    DRV/CU/r_count_reg[8]_i_1_n_0
    SLICE_X42Y60         CARRY4 (Prop_carry4_CI_CO[3])
                                                      0.117     9.392 r  DRV/CU/r_count_reg[12]_i_1/CO[3]
                         net (fo=1, estimated)        0.000     9.392    DRV/CU/r_count_reg[12]_i_1_n_0
    SLICE_X42Y61         CARRY4 (Prop_carry4_CI_CO[3])
                                                      0.117     9.509 r  DRV/CU/r_count_reg[16]_i_1/CO[3]
                         net (fo=1, estimated)        0.000     9.509    DRV/CU/r_count_reg[16]_i_1_n_0
    SLICE_X42Y62         CARRY4 (Prop_carry4_CI_O[0])
                                                      0.219     9.728 r  DRV/CU/r_count_reg[20]_i_1/O[0]
                         net (fo=1, routed)           0.000     9.728    DRV/CU/r_count_reg[20]_i_1_n_7
    SLICE_X42Y62         FDCE                                         r  DRV/CU/r_count_reg[20]/D
  -------------------------------------------------------------------    -------------------

                         (clock sys_clk_pin rise edge)
                                                     10.000    10.000 r  
    H16                                               0.000    10.000 r  clk (IN)
                         net (fo=0)                   0.000    10.000    clk
    H16                  IBUF (Prop_ibuf_I_O)         1.387    11.387 r  clk_IBUF_inst/O
                         net (fo=1, estimated)        1.972    13.359    clk_IBUF
    BUFGCTRL_X0Y16       BUFG (Prop_bufg_I_O)         0.091    13.450 r  clk_IBUF_BUFG_inst/O
                         net (fo=31, estimated)       1.558    15.008    DRV/CU/clk_IBUF_BUFG
    SLICE_X42Y62         FDCE                                         r  DRV/CU/r_count_reg[20]/C
                         clock pessimism              0.337    15.345    
                         clock uncertainty           -0.035    15.310    
    SLICE_X42Y62         FDCE (Setup_fdce_C_D)        0.109    15.419    DRV/CU/r_count_reg[20]
  -------------------------------------------------------------------
                         required time                         15.419    
                         arrival time                          -9.728    
  -------------------------------------------------------------------
                         slack                                  5.691    

Slack (MET) :             5.705ns  (required time - arrival time)
  Source:                 DRV/CU/r_count_reg[20]/C
                            (rising edge-triggered cell FDCE clocked by sys_clk_pin  {rise@0.000ns fall@5.000ns period=10.000ns})
  Destination:            DRV/CU/r_count_reg[17]/D
                            (rising edge-triggered cell FDCE clocked by sys_clk_pin  {rise@0.000ns fall@5.000ns period=10.000ns})
  Path Group:             sys_clk_pin
  Path Type:              Setup (Max at Slow Process Corner)
  Requirement:            10.000ns  (sys_clk_pin rise@10.000ns - sys_clk_pin rise@0.000ns)
  Data Path Delay:        4.345ns  (logic 1.990ns (45.800%)  route 2.355ns (54.200%))
  Logic Levels:           7  (CARRY4=5 LUT6=2)
  Clock Path Skew:        -0.024ns (DCD - SCD + CPR)
    Destination Clock Delay (DCD):    5.009ns = ( 15.009 - 10.000 ) 
    Source Clock Delay      (SCD):    5.370ns
    Clock Pessimism Removal (CPR):    0.337ns
  Clock Uncertainty:      0.035ns  ((TSJ^2 + TIJ^2)^1/2 + DJ) / 2 + PE
    Total System Jitter     (TSJ):    0.071ns
    Total Input Jitter      (TIJ):    0.000ns
    Discrete Jitter          (DJ):    0.000ns
    Phase Error              (PE):    0.000ns

    Location             Delay type                Incr(ns)  Path(ns)    Netlist Resource(s)
  -------------------------------------------------------------------    -------------------
                         (clock sys_clk_pin rise edge)
                                                      0.000     0.000 r  
    H16                                               0.000     0.000 r  clk (IN)
                         net (fo=0)                   0.000     0.000    clk
    H16                  IBUF (Prop_ibuf_I_O)         1.457     1.457 r  clk_IBUF_inst/O
                         net (fo=1, estimated)        2.076     3.533    clk_IBUF
    BUFGCTRL_X0Y16       BUFG (Prop_bufg_I_O)         0.101     3.634 r  clk_IBUF_BUFG_inst/O
                         net (fo=31, estimated)       1.736     5.370    DRV/CU/clk_IBUF_BUFG
    SLICE_X42Y62         FDCE                                         r  DRV/CU/r_count_reg[20]/C
  -------------------------------------------------------------------    -------------------
    SLICE_X42Y62         FDCE (Prop_fdce_C_Q)         0.518     5.888 r  DRV/CU/r_count_reg[20]/Q
                         net (fo=3, estimated)        1.018     6.906    DRV/CU/r_count_reg[20]
    SLICE_X43Y61         LUT6 (Prop_lut6_I0_O)        0.124     7.030 f  DRV/CU/r_state_i_4/O
                         net (fo=29, estimated)       1.146     8.176    DRV/CU/r_state_i_4_n_0
    SLICE_X43Y57         LUT6 (Prop_lut6_I3_O)        0.124     8.300 r  DRV/CU/r_count[0]_i_2/O
                         net (fo=1, estimated)        0.191     8.491    DRV/CU/r_count[0]_i_2_n_0
    SLICE_X42Y57         CARRY4 (Prop_carry4_DI[0]_CO[3])
                                                      0.550     9.041 r  DRV/CU/r_count_reg[0]_i_1/CO[3]
                         net (fo=1, estimated)        0.000     9.041    DRV/CU/r_count_reg[0]_i_1_n_0
    SLICE_X42Y58         CARRY4 (Prop_carry4_CI_CO[3])
                                                      0.117     9.158 r  DRV/CU/r_count_reg[4]_i_1/CO[3]
                         net (fo=1, estimated)        0.000     9.158    DRV/CU/r_count_reg[4]_i_1_n_0
    SLICE_X42Y59         CARRY4 (Prop_carry4_CI_CO[3])
                                                      0.117     9.275 r  DRV/CU/r_count_reg[8]_i_1/CO[3]
                         net (fo=1, estimated)        0.000     9.275    DRV/CU/r_count_reg[8]_i_1_n_0
    SLICE_X42Y60         CARRY4 (Prop_carry4_CI_CO[3])
                                                      0.117     9.392 r  DRV/CU/r_count_reg[12]_i_1/CO[3]
                         net (fo=1, estimated)        0.000     9.392    DRV/CU/r_count_reg[12]_i_1_n_0
    SLICE_X42Y61         CARRY4 (Prop_carry4_CI_O[1])
                                                      0.323     9.715 r  DRV/CU/r_count_reg[16]_i_1/O[1]
                         net (fo=1, routed)           0.000     9.715    DRV/CU/r_count_reg[16]_i_1_n_6
    SLICE_X42Y61         FDCE                                         r  DRV/CU/r_count_reg[17]/D
  -------------------------------------------------------------------    -------------------

                         (clock sys_clk_pin rise edge)
                                                     10.000    10.000 r  
    H16                                               0.000    10.000 r  clk (IN)
                         net (fo=0)                   0.000    10.000    clk
    H16                  IBUF (Prop_ibuf_I_O)         1.387    11.387 r  clk_IBUF_inst/O
                         net (fo=1, estimated)        1.972    13.359    clk_IBUF
    BUFGCTRL_X0Y16       BUFG (Prop_bufg_I_O)         0.091    13.450 r  clk_IBUF_BUFG_inst/O
                         net (fo=31, estimated)       1.559    15.009    DRV/CU/clk_IBUF_BUFG
    SLICE_X42Y61         FDCE                                         r  DRV/CU/r_count_reg[17]/C
                         clock pessimism              0.337    15.346    
                         clock uncertainty           -0.035    15.311    
    SLICE_X42Y61         FDCE (Setup_fdce_C_D)        0.109    15.420    DRV/CU/r_count_reg[17]
  -------------------------------------------------------------------
                         required time                         15.420    
                         arrival time                          -9.715    
  -------------------------------------------------------------------
                         slack                                  5.705    

Slack (MET) :             5.713ns  (required time - arrival time)
  Source:                 DRV/CU/r_count_reg[20]/C
                            (rising edge-triggered cell FDCE clocked by sys_clk_pin  {rise@0.000ns fall@5.000ns period=10.000ns})
  Destination:            DRV/CU/r_count_reg[19]/D
                            (rising edge-triggered cell FDCE clocked by sys_clk_pin  {rise@0.000ns fall@5.000ns period=10.000ns})
  Path Group:             sys_clk_pin
  Path Type:              Setup (Max at Slow Process Corner)
  Requirement:            10.000ns  (sys_clk_pin rise@10.000ns - sys_clk_pin rise@0.000ns)
  Data Path Delay:        4.337ns  (logic 1.982ns (45.700%)  route 2.355ns (54.300%))
  Logic Levels:           7  (CARRY4=5 LUT6=2)
  Clock Path Skew:        -0.024ns (DCD - SCD + CPR)
    Destination Clock Delay (DCD):    5.009ns = ( 15.009 - 10.000 ) 
    Source Clock Delay      (SCD):    5.370ns
    Clock Pessimism Removal (CPR):    0.337ns
  Clock Uncertainty:      0.035ns  ((TSJ^2 + TIJ^2)^1/2 + DJ) / 2 + PE
    Total System Jitter     (TSJ):    0.071ns
    Total Input Jitter      (TIJ):    0.000ns
    Discrete Jitter          (DJ):    0.000ns
    Phase Error              (PE):    0.000ns

    Location             Delay type                Incr(ns)  Path(ns)    Netlist Resource(s)
  -------------------------------------------------------------------    -------------------
                         (clock sys_clk_pin rise edge)
                                                      0.000     0.000 r  
    H16                                               0.000     0.000 r  clk (IN)
                         net (fo=0)                   0.000     0.000    clk
    H16                  IBUF (Prop_ibuf_I_O)         1.457     1.457 r  clk_IBUF_inst/O
                         net (fo=1, estimated)        2.076     3.533    clk_IBUF
    BUFGCTRL_X0Y16       BUFG (Prop_bufg_I_O)         0.101     3.634 r  clk_IBUF_BUFG_inst/O
                         net (fo=31, estimated)       1.736     5.370    DRV/CU/clk_IBUF_BUFG
    SLICE_X42Y62         FDCE                                         r  DRV/CU/r_count_reg[20]/C
  -------------------------------------------------------------------    -------------------
    SLICE_X42Y62         FDCE (Prop_fdce_C_Q)         0.518     5.888 r  DRV/CU/r_count_reg[20]/Q
                         net (fo=3, estimated)        1.018     6.906    DRV/CU/r_count_reg[20]
    SLICE_X43Y61         LUT6 (Prop_lut6_I0_O)        0.124     7.030 f  DRV/CU/r_state_i_4/O
                         net (fo=29, estimated)       1.146     8.176    DRV/CU/r_state_i_4_n_0
    SLICE_X43Y57         LUT6 (Prop_lut6_I3_O)        0.124     8.300 r  DRV/CU/r_count[0]_i_2/O
                         net (fo=1, estimated)        0.191     8.491    DRV/CU/r_count[0]_i_2_n_0
    SLICE_X42Y57         CARRY4 (Prop_carry4_DI[0]_CO[3])
                                                      0.550     9.041 r  DRV/CU/r_count_reg[0]_i_1/CO[3]
                         net (fo=1, estimated)        0.000     9.041    DRV/CU/r_count_reg[0]_i_1_n_0
    SLICE_X42Y58         CARRY4 (Prop_carry4_CI_CO[3])
                                                      0.117     9.158 r  DRV/CU/r_count_reg[4]_i_1/CO[3]
                         net (fo=1, estimated)        0.000     9.158    DRV/CU/r_count_reg[4]_i_1_n_0
    SLICE_X42Y59         CARRY4 (Prop_carry4_CI_CO[3])
                                                      0.117     9.275 r  DRV/CU/r_count_reg[8]_i_1/CO[3]
                         net (fo=1, estimated)        0.000     9.275    DRV/CU/r_count_reg[8]_i_1_n_0
    SLICE_X42Y60         CARRY4 (Prop_carry4_CI_CO[3])
                                                      0.117     9.392 r  DRV/CU/r_count_reg[12]_i_1/CO[3]
                         net (fo=1, estimated)        0.000     9.392    DRV/CU/r_count_reg[12]_i_1_n_0
    SLICE_X42Y61         CARRY4 (Prop_carry4_CI_O[3])
                                                      0.315     9.707 r  DRV/CU/r_count_reg[16]_i_1/O[3]
                         net (fo=1, routed)           0.000     9.707    DRV/CU/r_count_reg[16]_i_1_n_4
    SLICE_X42Y61         FDCE                                         r  DRV/CU/r_count_reg[19]/D
  -------------------------------------------------------------------    -------------------

                         (clock sys_clk_pin rise edge)
                                                     10.000    10.000 r  
    H16                                               0.000    10.000 r  clk (IN)
                         net (fo=0)                   0.000    10.000    clk
    H16                  IBUF (Prop_ibuf_I_O)         1.387    11.387 r  clk_IBUF_inst/O
                         net (fo=1, estimated)        1.972    13.359    clk_IBUF
    BUFGCTRL_X0Y16       BUFG (Prop_bufg_I_O)         0.091    13.450 r  clk_IBUF_BUFG_inst/O
                         net (fo=31, estimated)       1.559    15.009    DRV/CU/clk_IBUF_BUFG
    SLICE_X42Y61         FDCE                                         r  DRV/CU/r_count_reg[19]/C
                         clock pessimism              0.337    15.346    
                         clock uncertainty           -0.035    15.311    
    SLICE_X42Y61         FDCE (Setup_fdce_C_D)        0.109    15.420    DRV/CU/r_count_reg[19]
  -------------------------------------------------------------------
                         required time                         15.420    
                         arrival time                          -9.707    
  -------------------------------------------------------------------
                         slack                                  5.713    

Slack (MET) :             5.789ns  (required time - arrival time)
  Source:                 DRV/CU/r_count_reg[20]/C
                            (rising edge-triggered cell FDCE clocked by sys_clk_pin  {rise@0.000ns fall@5.000ns period=10.000ns})
  Destination:            DRV/CU/r_count_reg[18]/D
                            (rising edge-triggered cell FDCE clocked by sys_clk_pin  {rise@0.000ns fall@5.000ns period=10.000ns})
  Path Group:             sys_clk_pin
  Path Type:              Setup (Max at Slow Process Corner)
  Requirement:            10.000ns  (sys_clk_pin rise@10.000ns - sys_clk_pin rise@0.000ns)
  Data Path Delay:        4.261ns  (logic 1.906ns (44.731%)  route 2.355ns (55.269%))
  Logic Levels:           7  (CARRY4=5 LUT6=2)
  Clock Path Skew:        -0.024ns (DCD - SCD + CPR)
    Destination Clock Delay (DCD):    5.009ns = ( 15.009 - 10.000 ) 
    Source Clock Delay      (SCD):    5.370ns
    Clock Pessimism Removal (CPR):    0.337ns
  Clock Uncertainty:      0.035ns  ((TSJ^2 + TIJ^2)^1/2 + DJ) / 2 + PE
    Total System Jitter     (TSJ):    0.071ns
    Total Input Jitter      (TIJ):    0.000ns
    Discrete Jitter          (DJ):    0.000ns
    Phase Error              (PE):    0.000ns

    Location             Delay type                Incr(ns)  Path(ns)    Netlist Resource(s)
  -------------------------------------------------------------------    -------------------
                         (clock sys_clk_pin rise edge)
                                                      0.000     0.000 r  
    H16                                               0.000     0.000 r  clk (IN)
                         net (fo=0)                   0.000     0.000    clk
    H16                  IBUF (Prop_ibuf_I_O)         1.457     1.457 r  clk_IBUF_inst/O
                         net (fo=1, estimated)        2.076     3.533    clk_IBUF
    BUFGCTRL_X0Y16       BUFG (Prop_bufg_I_O)         0.101     3.634 r  clk_IBUF_BUFG_inst/O
                         net (fo=31, estimated)       1.736     5.370    DRV/CU/clk_IBUF_BUFG
    SLICE_X42Y62         FDCE                                         r  DRV/CU/r_count_reg[20]/C
  -------------------------------------------------------------------    -------------------
    SLICE_X42Y62         FDCE (Prop_fdce_C_Q)         0.518     5.888 r  DRV/CU/r_count_reg[20]/Q
                         net (fo=3, estimated)        1.018     6.906    DRV/CU/r_count_reg[20]
    SLICE_X43Y61         LUT6 (Prop_lut6_I0_O)        0.124     7.030 f  DRV/CU/r_state_i_4/O
                         net (fo=29, estimated)       1.146     8.176    DRV/CU/r_state_i_4_n_0
    SLICE_X43Y57         LUT6 (Prop_lut6_I3_O)        0.124     8.300 r  DRV/CU/r_count[0]_i_2/O
                         net (fo=1, estimated)        0.191     8.491    DRV/CU/r_count[0]_i_2_n_0
    SLICE_X42Y57         CARRY4 (Prop_carry4_DI[0]_CO[3])
                                                      0.550     9.041 r  DRV/CU/r_count_reg[0]_i_1/CO[3]
                         net (fo=1, estimated)        0.000     9.041    DRV/CU/r_count_reg[0]_i_1_n_0
    SLICE_X42Y58         CARRY4 (Prop_carry4_CI_CO[3])
                                                      0.117     9.158 r  DRV/CU/r_count_reg[4]_i_1/CO[3]
                         net (fo=1, estimated)        0.000     9.158    DRV/CU/r_count_reg[4]_i_1_n_0
    SLICE_X42Y59         CARRY4 (Prop_carry4_CI_CO[3])
                                                      0.117     9.275 r  DRV/CU/r_count_reg[8]_i_1/CO[3]
                         net (fo=1, estimated)        0.000     9.275    DRV/CU/r_count_reg[8]_i_1_n_0
    SLICE_X42Y60         CARRY4 (Prop_carry4_CI_CO[3])
                                                      0.117     9.392 r  DRV/CU/r_count_reg[12]_i_1/CO[3]
                         net (fo=1, estimated)        0.000     9.392    DRV/CU/r_count_reg[12]_i_1_n_0
    SLICE_X42Y61         CARRY4 (Prop_carry4_CI_O[2])
                                                      0.239     9.631 r  DRV/CU/r_count_reg[16]_i_1/O[2]
                         net (fo=1, routed)           0.000     9.631    DRV/CU/r_count_reg[16]_i_1_n_5
    SLICE_X42Y61         FDCE                                         r  DRV/CU/r_count_reg[18]/D
  -------------------------------------------------------------------    -------------------

                         (clock sys_clk_pin rise edge)
                                                     10.000    10.000 r  
    H16                                               0.000    10.000 r  clk (IN)
                         net (fo=0)                   0.000    10.000    clk
    H16                  IBUF (Prop_ibuf_I_O)         1.387    11.387 r  clk_IBUF_inst/O
                         net (fo=1, estimated)        1.972    13.359    clk_IBUF
    BUFGCTRL_X0Y16       BUFG (Prop_bufg_I_O)         0.091    13.450 r  clk_IBUF_BUFG_inst/O
                         net (fo=31, estimated)       1.559    15.009    DRV/CU/clk_IBUF_BUFG
    SLICE_X42Y61         FDCE                                         r  DRV/CU/r_count_reg[18]/C
                         clock pessimism              0.337    15.346    
                         clock uncertainty           -0.035    15.311    
    SLICE_X42Y61         FDCE (Setup_fdce_C_D)        0.109    15.420    DRV/CU/r_count_reg[18]
  -------------------------------------------------------------------
                         required time                         15.420    
                         arrival time                          -9.631    
  -------------------------------------------------------------------
                         slack                                  5.789    





Min Delay Paths
--------------------------------------------------------------------------------------
Slack (MET) :             0.236ns  (arrival time - required time)
  Source:                 DRV/r_color_reg[0]/C
                            (rising edge-triggered cell FDPE clocked by sys_clk_pin  {rise@0.000ns fall@5.000ns period=10.000ns})
  Destination:            DRV/r_color_reg[0]/D
                            (rising edge-triggered cell FDPE clocked by sys_clk_pin  {rise@0.000ns fall@5.000ns period=10.000ns})
  Path Group:             sys_clk_pin
  Path Type:              Hold (Min at Fast Process Corner)
  Requirement:            0.000ns  (sys_clk_pin rise@0.000ns - sys_clk_pin rise@0.000ns)
  Data Path Delay:        0.344ns  (logic 0.186ns (53.993%)  route 0.158ns (46.007%))
  Logic Levels:           1  (LUT4=1)
  Clock Path Skew:        0.016ns (DCD - SCD - CPR)
    Destination Clock Delay (DCD):    2.218ns
    Source Clock Delay      (SCD):    1.711ns
    Clock Pessimism Removal (CPR):    0.491ns

    Location             Delay type                Incr(ns)  Path(ns)    Netlist Resource(s)
  -------------------------------------------------------------------    -------------------
                         (clock sys_clk_pin rise edge)
                                                      0.000     0.000 r  
    H16                                               0.000     0.000 r  clk (IN)
                         net (fo=0)                   0.000     0.000    clk
    H16                  IBUF (Prop_ibuf_I_O)         0.225     0.225 r  clk_IBUF_inst/O
                         net (fo=1, estimated)        0.875     1.100    clk_IBUF
    BUFGCTRL_X0Y16       BUFG (Prop_bufg_I_O)         0.026     1.126 r  clk_IBUF_BUFG_inst/O
                         net (fo=31, estimated)       0.585     1.711    DRV/clk_IBUF_BUFG
    SLICE_X40Y61         FDPE                                         r  DRV/r_color_reg[0]/C
  -------------------------------------------------------------------    -------------------
    SLICE_X40Y61         FDPE (Prop_fdpe_C_Q)         0.141     1.852 r  DRV/r_color_reg[0]/Q
                         net (fo=4, estimated)        0.158     2.011    DRV/r_color[0]
    SLICE_X40Y61         LUT4 (Prop_lut4_I3_O)        0.045     2.056 r  DRV/r_color[0]_i_1/O
                         net (fo=1, routed)           0.000     2.056    DRV/r_color[0]_i_1_n_0
    SLICE_X40Y61         FDPE                                         r  DRV/r_color_reg[0]/D
  -------------------------------------------------------------------    -------------------

                         (clock sys_clk_pin rise edge)
                                                      0.000     0.000 r  
    H16                                               0.000     0.000 r  clk (IN)
                         net (fo=0)                   0.000     0.000    clk
    H16                  IBUF (Prop_ibuf_I_O)         0.413     0.413 r  clk_IBUF_inst/O
                         net (fo=1, estimated)        0.921     1.334    clk_IBUF
    BUFGCTRL_X0Y16       BUFG (Prop_bufg_I_O)         0.029     1.363 r  clk_IBUF_BUFG_inst/O
                         net (fo=31, estimated)       0.855     2.218    DRV/clk_IBUF_BUFG
    SLICE_X40Y61         FDPE                                         r  DRV/r_color_reg[0]/C
                         clock pessimism             -0.491     1.727    
    SLICE_X40Y61         FDPE (Hold_fdpe_C_D)         0.092     1.819    DRV/r_color_reg[0]
  -------------------------------------------------------------------
                         required time                         -1.819    
                         arrival time                           2.056    
  -------------------------------------------------------------------
                         slack                                  0.236    

Slack (MET) :             0.430ns  (arrival time - required time)
  Source:                 DRV/r_state_reg/C
                            (rising edge-triggered cell FDCE clocked by sys_clk_pin  {rise@0.000ns fall@5.000ns period=10.000ns})
  Destination:            DRV/r_state_reg/D
                            (rising edge-triggered cell FDCE clocked by sys_clk_pin  {rise@0.000ns fall@5.000ns period=10.000ns})
  Path Group:             sys_clk_pin
  Path Type:              Hold (Min at Fast Process Corner)
  Requirement:            0.000ns  (sys_clk_pin rise@0.000ns - sys_clk_pin rise@0.000ns)
  Data Path Delay:        0.537ns  (logic 0.186ns (34.656%)  route 0.351ns (65.344%))
  Logic Levels:           1  (LUT6=1)
  Clock Path Skew:        0.016ns (DCD - SCD - CPR)
    Destination Clock Delay (DCD):    2.218ns
    Source Clock Delay      (SCD):    1.711ns
    Clock Pessimism Removal (CPR):    0.491ns

    Location             Delay type                Incr(ns)  Path(ns)    Netlist Resource(s)
  -------------------------------------------------------------------    -------------------
                         (clock sys_clk_pin rise edge)
                                                      0.000     0.000 r  
    H16                                               0.000     0.000 r  clk (IN)
                         net (fo=0)                   0.000     0.000    clk
    H16                  IBUF (Prop_ibuf_I_O)         0.225     0.225 r  clk_IBUF_inst/O
                         net (fo=1, estimated)        0.875     1.100    clk_IBUF
    BUFGCTRL_X0Y16       BUFG (Prop_bufg_I_O)         0.026     1.126 r  clk_IBUF_BUFG_inst/O
                         net (fo=31, estimated)       0.585     1.711    DRV/clk_IBUF_BUFG
    SLICE_X43Y61         FDCE                                         r  DRV/r_state_reg/C
  -------------------------------------------------------------------    -------------------
    SLICE_X43Y61         FDCE (Prop_fdce_C_Q)         0.141     1.852 r  DRV/r_state_reg/Q
                         net (fo=4, estimated)        0.351     2.203    DRV/CU/r_state
    SLICE_X43Y61         LUT6 (Prop_lut6_I0_O)        0.045     2.248 r  DRV/CU/r_state_i_1/O
                         net (fo=1, routed)           0.000     2.248    DRV/next_state
    SLICE_X43Y61         FDCE                                         r  DRV/r_state_reg/D
  -------------------------------------------------------------------    -------------------

                         (clock sys_clk_pin rise edge)
                                                      0.000     0.000 r  
    H16                                               0.000     0.000 r  clk (IN)
                         net (fo=0)                   0.000     0.000    clk
    H16                  IBUF (Prop_ibuf_I_O)         0.413     0.413 r  clk_IBUF_inst/O
                         net (fo=1, estimated)        0.921     1.334    clk_IBUF
    BUFGCTRL_X0Y16       BUFG (Prop_bufg_I_O)         0.029     1.363 r  clk_IBUF_BUFG_inst/O
                         net (fo=31, estimated)       0.855     2.218    DRV/clk_IBUF_BUFG
    SLICE_X43Y61         FDCE                                         r  DRV/r_state_reg/C
                         clock pessimism             -0.491     1.727    
    SLICE_X43Y61         FDCE (Hold_fdce_C_D)         0.091     1.818    DRV/r_state_reg
  -------------------------------------------------------------------
                         required time                         -1.818    
                         arrival time                           2.248    
  -------------------------------------------------------------------
                         slack                                  0.430    

Slack (MET) :             0.471ns  (arrival time - required time)
  Source:                 DRV/CU/r_count_reg[1]/C
                            (rising edge-triggered cell FDCE clocked by sys_clk_pin  {rise@0.000ns fall@5.000ns period=10.000ns})
  Destination:            DRV/CU/r_count_reg[1]/D
                            (rising edge-triggered cell FDCE clocked by sys_clk_pin  {rise@0.000ns fall@5.000ns period=10.000ns})
  Path Group:             sys_clk_pin
  Path Type:              Hold (Min at Fast Process Corner)
  Requirement:            0.000ns  (sys_clk_pin rise@0.000ns - sys_clk_pin rise@0.000ns)
  Data Path Delay:        0.622ns  (logic 0.275ns (44.219%)  route 0.347ns (55.781%))
  Logic Levels:           2  (CARRY4=1 LUT6=1)
  Clock Path Skew:        0.017ns (DCD - SCD - CPR)
    Destination Clock Delay (DCD):    2.220ns
    Source Clock Delay      (SCD):    1.712ns
    Clock Pessimism Removal (CPR):    0.491ns

    Location             Delay type                Incr(ns)  Path(ns)    Netlist Resource(s)
  -------------------------------------------------------------------    -------------------
                         (clock sys_clk_pin rise edge)
                                                      0.000     0.000 r  
    H16                                               0.000     0.000 r  clk (IN)
                         net (fo=0)                   0.000     0.000    clk
    H16                  IBUF (Prop_ibuf_I_O)         0.225     0.225 r  clk_IBUF_inst/O
                         net (fo=1, estimated)        0.875     1.100    clk_IBUF
    BUFGCTRL_X0Y16       BUFG (Prop_bufg_I_O)         0.026     1.126 r  clk_IBUF_BUFG_inst/O
                         net (fo=31, estimated)       0.586     1.712    DRV/CU/clk_IBUF_BUFG
    SLICE_X42Y57         FDCE                                         r  DRV/CU/r_count_reg[1]/C
  -------------------------------------------------------------------    -------------------
    SLICE_X42Y57         FDCE (Prop_fdce_C_Q)         0.164     1.876 r  DRV/CU/r_count_reg[1]/Q
                         net (fo=2, estimated)        0.347     2.223    DRV/CU/r_count_reg[1]
    SLICE_X42Y57         LUT6 (Prop_lut6_I0_O)        0.045     2.268 r  DRV/CU/r_count[0]_i_5/O
                         net (fo=1, routed)           0.000     2.268    DRV/CU/r_count[0]_i_5_n_0
    SLICE_X42Y57         CARRY4 (Prop_carry4_S[1]_O[1])
                                                      0.066     2.334 r  DRV/CU/r_count_reg[0]_i_1/O[1]
                         net (fo=1, routed)           0.000     2.334    DRV/CU/r_count_reg[0]_i_1_n_6
    SLICE_X42Y57         FDCE                                         r  DRV/CU/r_count_reg[1]/D
  -------------------------------------------------------------------    -------------------

                         (clock sys_clk_pin rise edge)
                                                      0.000     0.000 r  
    H16                                               0.000     0.000 r  clk (IN)
                         net (fo=0)                   0.000     0.000    clk
    H16                  IBUF (Prop_ibuf_I_O)         0.413     0.413 r  clk_IBUF_inst/O
                         net (fo=1, estimated)        0.921     1.334    clk_IBUF
    BUFGCTRL_X0Y16       BUFG (Prop_bufg_I_O)         0.029     1.363 r  clk_IBUF_BUFG_inst/O
                         net (fo=31, estimated)       0.857     2.220    DRV/CU/clk_IBUF_BUFG
    SLICE_X42Y57         FDCE                                         r  DRV/CU/r_count_reg[1]/C
                         clock pessimism             -0.491     1.729    
    SLICE_X42Y57         FDCE (Hold_fdce_C_D)         0.134     1.863    DRV/CU/r_count_reg[1]
  -------------------------------------------------------------------
                         required time                         -1.863    
                         arrival time                           2.334    
  -------------------------------------------------------------------
                         slack                                  0.471    

Slack (MET) :             0.471ns  (arrival time - required time)
  Source:                 DRV/CU/r_count_reg[9]/C
                            (rising edge-triggered cell FDCE clocked by sys_clk_pin  {rise@0.000ns fall@5.000ns period=10.000ns})
  Destination:            DRV/CU/r_count_reg[9]/D
                            (rising edge-triggered cell FDCE clocked by sys_clk_pin  {rise@0.000ns fall@5.000ns period=10.000ns})
  Path Group:             sys_clk_pin
  Path Type:              Hold (Min at Fast Process Corner)
  Requirement:            0.000ns  (sys_clk_pin rise@0.000ns - sys_clk_pin rise@0.000ns)
  Data Path Delay:        0.622ns  (logic 0.275ns (44.219%)  route 0.347ns (55.781%))
  Logic Levels:           2  (CARRY4=1 LUT6=1)
  Clock Path Skew:        0.017ns (DCD - SCD - CPR)
    Destination Clock Delay (DCD):    2.220ns
    Source Clock Delay      (SCD):    1.712ns
    Clock Pessimism Removal (CPR):    0.491ns

    Location             Delay type                Incr(ns)  Path(ns)    Netlist Resource(s)
  -------------------------------------------------------------------    -------------------
                         (clock sys_clk_pin rise edge)
                                                      0.000     0.000 r  
    H16                                               0.000     0.000 r  clk (IN)
                         net (fo=0)                   0.000     0.000    clk
    H16                  IBUF (Prop_ibuf_I_O)         0.225     0.225 r  clk_IBUF_inst/O
                         net (fo=1, estimated)        0.875     1.100    clk_IBUF
    BUFGCTRL_X0Y16       BUFG (Prop_bufg_I_O)         0.026     1.126 r  clk_IBUF_BUFG_inst/O
                         net (fo=31, estimated)       0.586     1.712    DRV/CU/clk_IBUF_BUFG
    SLICE_X42Y59         FDCE                                         r  DRV/CU/r_count_reg[9]/C
  -------------------------------------------------------------------    -------------------
    SLICE_X42Y59         FDCE (Prop_fdce_C_Q)         0.164     1.876 r  DRV/CU/r_count_reg[9]/Q
                         net (fo=2, estimated)        0.347     2.223    DRV/CU/r_count_reg[9]
    SLICE_X42Y59         LUT6 (Prop_lut6_I0_O)        0.045     2.268 r  DRV/CU/r_count[8]_i_4/O
                         net (fo=1, routed)           0.000     2.268    DRV/CU/r_count[8]_i_4_n_0
    SLICE_X42Y59         CARRY4 (Prop_carry4_S[1]_O[1])
                                                      0.066     2.334 r  DRV/CU/r_count_reg[8]_i_1/O[1]
                         net (fo=1, routed)           0.000     2.334    DRV/CU/r_count_reg[8]_i_1_n_6
    SLICE_X42Y59         FDCE                                         r  DRV/CU/r_count_reg[9]/D
  -------------------------------------------------------------------    -------------------

                         (clock sys_clk_pin rise edge)
                                                      0.000     0.000 r  
    H16                                               0.000     0.000 r  clk (IN)
                         net (fo=0)                   0.000     0.000    clk
    H16                  IBUF (Prop_ibuf_I_O)         0.413     0.413 r  clk_IBUF_inst/O
                         net (fo=1, estimated)        0.921     1.334    clk_IBUF
    BUFGCTRL_X0Y16       BUFG (Prop_bufg_I_O)         0.029     1.363 r  clk_IBUF_BUFG_inst/O
                         net (fo=31, estimated)       0.857     2.220    DRV/CU/clk_IBUF_BUFG
    SLICE_X42Y59         FDCE                                         r  DRV/CU/r_count_reg[9]/C
                         clock pessimism             -0.491     1.729    
    SLICE_X42Y59         FDCE (Hold_fdce_C_D)         0.134     1.863    DRV/CU/r_count_reg[9]
  -------------------------------------------------------------------
                         required time                         -1.863    
                         arrival time                           2.334    
  -------------------------------------------------------------------
                         slack                                  0.471    

Slack (MET) :             0.473ns  (arrival time - required time)
  Source:                 DRV/CU/r_count_reg[21]/C
                            (rising edge-triggered cell FDCE clocked by sys_clk_pin  {rise@0.000ns fall@5.000ns period=10.000ns})
  Destination:            DRV/CU/r_count_reg[21]/D
                            (rising edge-triggered cell FDCE clocked by sys_clk_pin  {rise@0.000ns fall@5.000ns period=10.000ns})
  Path Group:             sys_clk_pin
  Path Type:              Hold (Min at Fast Process Corner)
  Requirement:            0.000ns  (sys_clk_pin rise@0.000ns - sys_clk_pin rise@0.000ns)
  Data Path Delay:        0.622ns  (logic 0.275ns (44.219%)  route 0.347ns (55.781%))
  Logic Levels:           2  (CARRY4=1 LUT6=1)
  Clock Path Skew:        0.015ns (DCD - SCD - CPR)
    Destination Clock Delay (DCD):    2.216ns
    Source Clock Delay      (SCD):    1.710ns
    Clock Pessimism Removal (CPR):    0.491ns

    Location             Delay type                Incr(ns)  Path(ns)    Netlist Resource(s)
  -------------------------------------------------------------------    -------------------
                         (clock sys_clk_pin rise edge)
                                                      0.000     0.000 r  
    H16                                               0.000     0.000 r  clk (IN)
                         net (fo=0)                   0.000     0.000    clk
    H16                  IBUF (Prop_ibuf_I_O)         0.225     0.225 r  clk_IBUF_inst/O
                         net (fo=1, estimated)        0.875     1.100    clk_IBUF
    BUFGCTRL_X0Y16       BUFG (Prop_bufg_I_O)         0.026     1.126 r  clk_IBUF_BUFG_inst/O
                         net (fo=31, estimated)       0.584     1.710    DRV/CU/clk_IBUF_BUFG
    SLICE_X42Y62         FDCE                                         r  DRV/CU/r_count_reg[21]/C
  -------------------------------------------------------------------    -------------------
    SLICE_X42Y62         FDCE (Prop_fdce_C_Q)         0.164     1.874 r  DRV/CU/r_count_reg[21]/Q
                         net (fo=2, estimated)        0.347     2.221    DRV/CU/r_count_reg[21]
    SLICE_X42Y62         LUT6 (Prop_lut6_I0_O)        0.045     2.266 r  DRV/CU/r_count[20]_i_4/O
                         net (fo=1, routed)           0.000     2.266    DRV/CU/r_count[20]_i_4_n_0
    SLICE_X42Y62         CARRY4 (Prop_carry4_S[1]_O[1])
                                                      0.066     2.332 r  DRV/CU/r_count_reg[20]_i_1/O[1]
                         net (fo=1, routed)           0.000     2.332    DRV/CU/r_count_reg[20]_i_1_n_6
    SLICE_X42Y62         FDCE                                         r  DRV/CU/r_count_reg[21]/D
  -------------------------------------------------------------------    -------------------

                         (clock sys_clk_pin rise edge)
                                                      0.000     0.000 r  
    H16                                               0.000     0.000 r  clk (IN)
                         net (fo=0)                   0.000     0.000    clk
    H16                  IBUF (Prop_ibuf_I_O)         0.413     0.413 r  clk_IBUF_inst/O
                         net (fo=1, estimated)        0.921     1.334    clk_IBUF
    BUFGCTRL_X0Y16       BUFG (Prop_bufg_I_O)         0.029     1.363 r  clk_IBUF_BUFG_inst/O
                         net (fo=31, estimated)       0.853     2.216    DRV/CU/clk_IBUF_BUFG
    SLICE_X42Y62         FDCE                                         r  DRV/CU/r_count_reg[21]/C
                         clock pessimism             -0.491     1.725    
    SLICE_X42Y62         FDCE (Hold_fdce_C_D)         0.134     1.859    DRV/CU/r_count_reg[21]
  -------------------------------------------------------------------
                         required time                         -1.859    
                         arrival time                           2.332    
  -------------------------------------------------------------------
                         slack                                  0.473    

Slack (MET) :             0.474ns  (arrival time - required time)
  Source:                 DRV/CU/r_count_reg[5]/C
                            (rising edge-triggered cell FDCE clocked by sys_clk_pin  {rise@0.000ns fall@5.000ns period=10.000ns})
  Destination:            DRV/CU/r_count_reg[5]/D
                            (rising edge-triggered cell FDCE clocked by sys_clk_pin  {rise@0.000ns fall@5.000ns period=10.000ns})
  Path Group:             sys_clk_pin
  Path Type:              Hold (Min at Fast Process Corner)
  Requirement:            0.000ns  (sys_clk_pin rise@0.000ns - sys_clk_pin rise@0.000ns)
  Data Path Delay:        0.625ns  (logic 0.275ns (44.010%)  route 0.350ns (55.990%))
  Logic Levels:           2  (CARRY4=1 LUT6=1)
  Clock Path Skew:        0.017ns (DCD - SCD - CPR)
    Destination Clock Delay (DCD):    2.220ns
    Source Clock Delay      (SCD):    1.712ns
    Clock Pessimism Removal (CPR):    0.491ns

    Location             Delay type                Incr(ns)  Path(ns)    Netlist Resource(s)
  -------------------------------------------------------------------    -------------------
                         (clock sys_clk_pin rise edge)
                                                      0.000     0.000 r  
    H16                                               0.000     0.000 r  clk (IN)
                         net (fo=0)                   0.000     0.000    clk
    H16                  IBUF (Prop_ibuf_I_O)         0.225     0.225 r  clk_IBUF_inst/O
                         net (fo=1, estimated)        0.875     1.100    clk_IBUF
    BUFGCTRL_X0Y16       BUFG (Prop_bufg_I_O)         0.026     1.126 r  clk_IBUF_BUFG_inst/O
                         net (fo=31, estimated)       0.586     1.712    DRV/CU/clk_IBUF_BUFG
    SLICE_X42Y58         FDCE                                         r  DRV/CU/r_count_reg[5]/C
  -------------------------------------------------------------------    -------------------
    SLICE_X42Y58         FDCE (Prop_fdce_C_Q)         0.164     1.876 r  DRV/CU/r_count_reg[5]/Q
                         net (fo=3, estimated)        0.350     2.226    DRV/CU/r_count_reg[5]
    SLICE_X42Y58         LUT6 (Prop_lut6_I0_O)        0.045     2.271 r  DRV/CU/r_count[4]_i_4/O
                         net (fo=1, routed)           0.000     2.271    DRV/CU/r_count[4]_i_4_n_0
    SLICE_X42Y58         CARRY4 (Prop_carry4_S[1]_O[1])
                                                      0.066     2.337 r  DRV/CU/r_count_reg[4]_i_1/O[1]
                         net (fo=1, routed)           0.000     2.337    DRV/CU/r_count_reg[4]_i_1_n_6
    SLICE_X42Y58         FDCE                                         r  DRV/CU/r_count_reg[5]/D
  -------------------------------------------------------------------    -------------------

                         (clock sys_clk_pin rise edge)
                                                      0.000     0.000 r  
    H16                                               0.000     0.000 r  clk (IN)
                         net (fo=0)                   0.000     0.000    clk
    H16                  IBUF (Prop_ibuf_I_O)         0.413     0.413 r  clk_IBUF_inst/O
                         net (fo=1, estimated)        0.921     1.334    clk_IBUF
    BUFGCTRL_X0Y16       BUFG (Prop_bufg_I_O)         0.029     1.363 r  clk_IBUF_BUFG_inst/O
                         net (fo=31, estimated)       0.857     2.220    DRV/CU/clk_IBUF_BUFG
    SLICE_X42Y58         FDCE                                         r  DRV/CU/r_count_reg[5]/C
                         clock pessimism             -0.491     1.729    
    SLICE_X42Y58         FDCE (Hold_fdce_C_D)         0.134     1.863    DRV/CU/r_count_reg[5]
  -------------------------------------------------------------------
                         required time                         -1.863    
                         arrival time                           2.337    
  -------------------------------------------------------------------
                         slack                                  0.474    

Slack (MET) :             0.474ns  (arrival time - required time)
  Source:                 DRV/CU/r_count_reg[2]/C
                            (rising edge-triggered cell FDCE clocked by sys_clk_pin  {rise@0.000ns fall@5.000ns period=10.000ns})
  Destination:            DRV/CU/r_count_reg[2]/D
                            (rising edge-triggered cell FDCE clocked by sys_clk_pin  {rise@0.000ns fall@5.000ns period=10.000ns})
  Path Group:             sys_clk_pin
  Path Type:              Hold (Min at Fast Process Corner)
  Requirement:            0.000ns  (sys_clk_pin rise@0.000ns - sys_clk_pin rise@0.000ns)
  Data Path Delay:        0.625ns  (logic 0.274ns (43.831%)  route 0.351ns (56.169%))
  Logic Levels:           2  (CARRY4=1 LUT6=1)
  Clock Path Skew:        0.017ns (DCD - SCD - CPR)
    Destination Clock Delay (DCD):    2.220ns
    Source Clock Delay      (SCD):    1.712ns
    Clock Pessimism Removal (CPR):    0.491ns

    Location             Delay type                Incr(ns)  Path(ns)    Netlist Resource(s)
  -------------------------------------------------------------------    -------------------
                         (clock sys_clk_pin rise edge)
                                                      0.000     0.000 r  
    H16                                               0.000     0.000 r  clk (IN)
                         net (fo=0)                   0.000     0.000    clk
    H16                  IBUF (Prop_ibuf_I_O)         0.225     0.225 r  clk_IBUF_inst/O
                         net (fo=1, estimated)        0.875     1.100    clk_IBUF
    BUFGCTRL_X0Y16       BUFG (Prop_bufg_I_O)         0.026     1.126 r  clk_IBUF_BUFG_inst/O
                         net (fo=31, estimated)       0.586     1.712    DRV/CU/clk_IBUF_BUFG
    SLICE_X42Y57         FDCE                                         r  DRV/CU/r_count_reg[2]/C
  -------------------------------------------------------------------    -------------------
    SLICE_X42Y57         FDCE (Prop_fdce_C_Q)         0.164     1.876 r  DRV/CU/r_count_reg[2]/Q
                         net (fo=2, estimated)        0.351     2.227    DRV/CU/r_count_reg[2]
    SLICE_X42Y57         LUT6 (Prop_lut6_I0_O)        0.045     2.272 r  DRV/CU/r_count[0]_i_4/O
                         net (fo=1, routed)           0.000     2.272    DRV/CU/r_count[0]_i_4_n_0
    SLICE_X42Y57         CARRY4 (Prop_carry4_S[2]_O[2])
                                                      0.065     2.337 r  DRV/CU/r_count_reg[0]_i_1/O[2]
                         net (fo=1, routed)           0.000     2.337    DRV/CU/r_count_reg[0]_i_1_n_5
    SLICE_X42Y57         FDCE                                         r  DRV/CU/r_count_reg[2]/D
  -------------------------------------------------------------------    -------------------

                         (clock sys_clk_pin rise edge)
                                                      0.000     0.000 r  
    H16                                               0.000     0.000 r  clk (IN)
                         net (fo=0)                   0.000     0.000    clk
    H16                  IBUF (Prop_ibuf_I_O)         0.413     0.413 r  clk_IBUF_inst/O
                         net (fo=1, estimated)        0.921     1.334    clk_IBUF
    BUFGCTRL_X0Y16       BUFG (Prop_bufg_I_O)         0.029     1.363 r  clk_IBUF_BUFG_inst/O
                         net (fo=31, estimated)       0.857     2.220    DRV/CU/clk_IBUF_BUFG
    SLICE_X42Y57         FDCE                                         r  DRV/CU/r_count_reg[2]/C
                         clock pessimism             -0.491     1.729    
    SLICE_X42Y57         FDCE (Hold_fdce_C_D)         0.134     1.863    DRV/CU/r_count_reg[2]
  -------------------------------------------------------------------
                         required time                         -1.863    
                         arrival time                           2.337    
  -------------------------------------------------------------------
                         slack                                  0.474    

Slack (MET) :             0.474ns  (arrival time - required time)
  Source:                 DRV/CU/r_count_reg[6]/C
                            (rising edge-triggered cell FDCE clocked by sys_clk_pin  {rise@0.000ns fall@5.000ns period=10.000ns})
  Destination:            DRV/CU/r_count_reg[6]/D
                            (rising edge-triggered cell FDCE clocked by sys_clk_pin  {rise@0.000ns fall@5.000ns period=10.000ns})
  Path Group:             sys_clk_pin
  Path Type:              Hold (Min at Fast Process Corner)
  Requirement:            0.000ns  (sys_clk_pin rise@0.000ns - sys_clk_pin rise@0.000ns)
  Data Path Delay:        0.625ns  (logic 0.274ns (43.831%)  route 0.351ns (56.169%))
  Logic Levels:           2  (CARRY4=1 LUT6=1)
  Clock Path Skew:        0.017ns (DCD - SCD - CPR)
    Destination Clock Delay (DCD):    2.220ns
    Source Clock Delay      (SCD):    1.712ns
    Clock Pessimism Removal (CPR):    0.491ns

    Location             Delay type                Incr(ns)  Path(ns)    Netlist Resource(s)
  -------------------------------------------------------------------    -------------------
                         (clock sys_clk_pin rise edge)
                                                      0.000     0.000 r  
    H16                                               0.000     0.000 r  clk (IN)
                         net (fo=0)                   0.000     0.000    clk
    H16                  IBUF (Prop_ibuf_I_O)         0.225     0.225 r  clk_IBUF_inst/O
                         net (fo=1, estimated)        0.875     1.100    clk_IBUF
    BUFGCTRL_X0Y16       BUFG (Prop_bufg_I_O)         0.026     1.126 r  clk_IBUF_BUFG_inst/O
                         net (fo=31, estimated)       0.586     1.712    DRV/CU/clk_IBUF_BUFG
    SLICE_X42Y58         FDCE                                         r  DRV/CU/r_count_reg[6]/C
  -------------------------------------------------------------------    -------------------
    SLICE_X42Y58         FDCE (Prop_fdce_C_Q)         0.164     1.876 r  DRV/CU/r_count_reg[6]/Q
                         net (fo=2, estimated)        0.351     2.227    DRV/CU/r_count_reg[6]
    SLICE_X42Y58         LUT6 (Prop_lut6_I0_O)        0.045     2.272 r  DRV/CU/r_count[4]_i_3/O
                         net (fo=1, routed)           0.000     2.272    DRV/CU/r_count[4]_i_3_n_0
    SLICE_X42Y58         CARRY4 (Prop_carry4_S[2]_O[2])
                                                      0.065     2.337 r  DRV/CU/r_count_reg[4]_i_1/O[2]
                         net (fo=1, routed)           0.000     2.337    DRV/CU/r_count_reg[4]_i_1_n_5
    SLICE_X42Y58         FDCE                                         r  DRV/CU/r_count_reg[6]/D
  -------------------------------------------------------------------    -------------------

                         (clock sys_clk_pin rise edge)
                                                      0.000     0.000 r  
    H16                                               0.000     0.000 r  clk (IN)
                         net (fo=0)                   0.000     0.000    clk
    H16                  IBUF (Prop_ibuf_I_O)         0.413     0.413 r  clk_IBUF_inst/O
                         net (fo=1, estimated)        0.921     1.334    clk_IBUF
    BUFGCTRL_X0Y16       BUFG (Prop_bufg_I_O)         0.029     1.363 r  clk_IBUF_BUFG_inst/O
                         net (fo=31, estimated)       0.857     2.220    DRV/CU/clk_IBUF_BUFG
    SLICE_X42Y58         FDCE                                         r  DRV/CU/r_count_reg[6]/C
                         clock pessimism             -0.491     1.729    
    SLICE_X42Y58         FDCE (Hold_fdce_C_D)         0.134     1.863    DRV/CU/r_count_reg[6]
  -------------------------------------------------------------------
                         required time                         -1.863    
                         arrival time                           2.337    
  -------------------------------------------------------------------
                         slack                                  0.474    

Slack (MET) :             0.475ns  (arrival time - required time)
  Source:                 DRV/CU/r_count_reg[13]/C
                            (rising edge-triggered cell FDCE clocked by sys_clk_pin  {rise@0.000ns fall@5.000ns period=10.000ns})
  Destination:            DRV/CU/r_count_reg[13]/D
                            (rising edge-triggered cell FDCE clocked by sys_clk_pin  {rise@0.000ns fall@5.000ns period=10.000ns})
  Path Group:             sys_clk_pin
  Path Type:              Hold (Min at Fast Process Corner)
  Requirement:            0.000ns  (sys_clk_pin rise@0.000ns - sys_clk_pin rise@0.000ns)
  Data Path Delay:        0.625ns  (logic 0.275ns (44.010%)  route 0.350ns (55.990%))
  Logic Levels:           2  (CARRY4=1 LUT6=1)
  Clock Path Skew:        0.016ns (DCD - SCD - CPR)
    Destination Clock Delay (DCD):    2.218ns
    Source Clock Delay      (SCD):    1.711ns
    Clock Pessimism Removal (CPR):    0.491ns

    Location             Delay type                Incr(ns)  Path(ns)    Netlist Resource(s)
  -------------------------------------------------------------------    -------------------
                         (clock sys_clk_pin rise edge)
                                                      0.000     0.000 r  
    H16                                               0.000     0.000 r  clk (IN)
                         net (fo=0)                   0.000     0.000    clk
    H16                  IBUF (Prop_ibuf_I_O)         0.225     0.225 r  clk_IBUF_inst/O
                         net (fo=1, estimated)        0.875     1.100    clk_IBUF
    BUFGCTRL_X0Y16       BUFG (Prop_bufg_I_O)         0.026     1.126 r  clk_IBUF_BUFG_inst/O
                         net (fo=31, estimated)       0.585     1.711    DRV/CU/clk_IBUF_BUFG
    SLICE_X42Y60         FDCE                                         r  DRV/CU/r_count_reg[13]/C
  -------------------------------------------------------------------    -------------------
    SLICE_X42Y60         FDCE (Prop_fdce_C_Q)         0.164     1.875 r  DRV/CU/r_count_reg[13]/Q
                         net (fo=3, estimated)        0.350     2.225    DRV/CU/r_count_reg[13]
    SLICE_X42Y60         LUT6 (Prop_lut6_I0_O)        0.045     2.270 r  DRV/CU/r_count[12]_i_4/O
                         net (fo=1, routed)           0.000     2.270    DRV/CU/r_count[12]_i_4_n_0
    SLICE_X42Y60         CARRY4 (Prop_carry4_S[1]_O[1])
                                                      0.066     2.336 r  DRV/CU/r_count_reg[12]_i_1/O[1]
                         net (fo=1, routed)           0.000     2.336    DRV/CU/r_count_reg[12]_i_1_n_6
    SLICE_X42Y60         FDCE                                         r  DRV/CU/r_count_reg[13]/D
  -------------------------------------------------------------------    -------------------

                         (clock sys_clk_pin rise edge)
                                                      0.000     0.000 r  
    H16                                               0.000     0.000 r  clk (IN)
                         net (fo=0)                   0.000     0.000    clk
    H16                  IBUF (Prop_ibuf_I_O)         0.413     0.413 r  clk_IBUF_inst/O
                         net (fo=1, estimated)        0.921     1.334    clk_IBUF
    BUFGCTRL_X0Y16       BUFG (Prop_bufg_I_O)         0.029     1.363 r  clk_IBUF_BUFG_inst/O
                         net (fo=31, estimated)       0.855     2.218    DRV/CU/clk_IBUF_BUFG
    SLICE_X42Y60         FDCE                                         r  DRV/CU/r_count_reg[13]/C
                         clock pessimism             -0.491     1.727    
    SLICE_X42Y60         FDCE (Hold_fdce_C_D)         0.134     1.861    DRV/CU/r_count_reg[13]
  -------------------------------------------------------------------
                         required time                         -1.861    
                         arrival time                           2.336    
  -------------------------------------------------------------------
                         slack                                  0.475    

Slack (MET) :             0.475ns  (arrival time - required time)
  Source:                 DRV/CU/r_count_reg[17]/C
                            (rising edge-triggered cell FDCE clocked by sys_clk_pin  {rise@0.000ns fall@5.000ns period=10.000ns})
  Destination:            DRV/CU/r_count_reg[17]/D
                            (rising edge-triggered cell FDCE clocked by sys_clk_pin  {rise@0.000ns fall@5.000ns period=10.000ns})
  Path Group:             sys_clk_pin
  Path Type:              Hold (Min at Fast Process Corner)
  Requirement:            0.000ns  (sys_clk_pin rise@0.000ns - sys_clk_pin rise@0.000ns)
  Data Path Delay:        0.625ns  (logic 0.275ns (44.010%)  route 0.350ns (55.990%))
  Logic Levels:           2  (CARRY4=1 LUT6=1)
  Clock Path Skew:        0.016ns (DCD - SCD - CPR)
    Destination Clock Delay (DCD):    2.218ns
    Source Clock Delay      (SCD):    1.711ns
    Clock Pessimism Removal (CPR):    0.491ns

    Location             Delay type                Incr(ns)  Path(ns)    Netlist Resource(s)
  -------------------------------------------------------------------    -------------------
                         (clock sys_clk_pin rise edge)
                                                      0.000     0.000 r  
    H16                                               0.000     0.000 r  clk (IN)
                         net (fo=0)                   0.000     0.000    clk
    H16                  IBUF (Prop_ibuf_I_O)         0.225     0.225 r  clk_IBUF_inst/O
                         net (fo=1, estimated)        0.875     1.100    clk_IBUF
    BUFGCTRL_X0Y16       BUFG (Prop_bufg_I_O)         0.026     1.126 r  clk_IBUF_BUFG_inst/O
                         net (fo=31, estimated)       0.585     1.711    DRV/CU/clk_IBUF_BUFG
    SLICE_X42Y61         FDCE                                         r  DRV/CU/r_count_reg[17]/C
  -------------------------------------------------------------------    -------------------
    SLICE_X42Y61         FDCE (Prop_fdce_C_Q)         0.164     1.875 r  DRV/CU/r_count_reg[17]/Q
                         net (fo=3, estimated)        0.350     2.225    DRV/CU/r_count_reg[17]
    SLICE_X42Y61         LUT6 (Prop_lut6_I0_O)        0.045     2.270 r  DRV/CU/r_count[16]_i_4/O
                         net (fo=1, routed)           0.000     2.270    DRV/CU/r_count[16]_i_4_n_0
    SLICE_X42Y61         CARRY4 (Prop_carry4_S[1]_O[1])
                                                      0.066     2.336 r  DRV/CU/r_count_reg[16]_i_1/O[1]
                         net (fo=1, routed)           0.000     2.336    DRV/CU/r_count_reg[16]_i_1_n_6
    SLICE_X42Y61         FDCE                                         r  DRV/CU/r_count_reg[17]/D
  -------------------------------------------------------------------    -------------------

                         (clock sys_clk_pin rise edge)
                                                      0.000     0.000 r  
    H16                                               0.000     0.000 r  clk (IN)
                         net (fo=0)                   0.000     0.000    clk
    H16                  IBUF (Prop_ibuf_I_O)         0.413     0.413 r  clk_IBUF_inst/O
                         net (fo=1, estimated)        0.921     1.334    clk_IBUF
    BUFGCTRL_X0Y16       BUFG (Prop_bufg_I_O)         0.029     1.363 r  clk_IBUF_BUFG_inst/O
                         net (fo=31, estimated)       0.855     2.218    DRV/CU/clk_IBUF_BUFG
    SLICE_X42Y61         FDCE                                         r  DRV/CU/r_count_reg[17]/C
                         clock pessimism             -0.491     1.727    
    SLICE_X42Y61         FDCE (Hold_fdce_C_D)         0.134     1.861    DRV/CU/r_count_reg[17]
  -------------------------------------------------------------------
                         required time                         -1.861    
                         arrival time                           2.336    
  -------------------------------------------------------------------
                         slack                                  0.475    





Pulse Width Checks
--------------------------------------------------------------------------------------
Clock Name:         sys_clk_pin
Waveform(ns):       { 0.000 5.000 }
Period(ns):         10.000
Sources:            { clk }

Check Type        Corner  Lib Pin  Reference Pin  Required(ns)  Actual(ns)  Slack(ns)  Location        Pin
Min Period        n/a     BUFG/I   n/a            2.155         10.000      7.845      BUFGCTRL_X0Y16  clk_IBUF_BUFG_inst/I
Min Period        n/a     FDCE/C   n/a            1.000         10.000      9.000      SLICE_X42Y57    DRV/CU/r_count_reg[0]/C
Min Period        n/a     FDCE/C   n/a            1.000         10.000      9.000      SLICE_X42Y59    DRV/CU/r_count_reg[10]/C
Min Period        n/a     FDCE/C   n/a            1.000         10.000      9.000      SLICE_X42Y59    DRV/CU/r_count_reg[11]/C
Min Period        n/a     FDCE/C   n/a            1.000         10.000      9.000      SLICE_X42Y60    DRV/CU/r_count_reg[12]/C
Min Period        n/a     FDCE/C   n/a            1.000         10.000      9.000      SLICE_X42Y60    DRV/CU/r_count_reg[13]/C
Min Period        n/a     FDCE/C   n/a            1.000         10.000      9.000      SLICE_X42Y60    DRV/CU/r_count_reg[14]/C
Min Period        n/a     FDCE/C   n/a            1.000         10.000      9.000      SLICE_X42Y60    DRV/CU/r_count_reg[15]/C
Min Period        n/a     FDCE/C   n/a            1.000         10.000      9.000      SLICE_X42Y61    DRV/CU/r_count_reg[16]/C
Min Period        n/a     FDCE/C   n/a            1.000         10.000      9.000      SLICE_X42Y61    DRV/CU/r_count_reg[17]/C
Low Pulse Width   Fast    FDCE/C   n/a            0.500         5.000       4.500      SLICE_X42Y57    DRV/CU/r_count_reg[0]/C
Low Pulse Width   Fast    FDCE/C   n/a            0.500         5.000       4.500      SLICE_X42Y59    DRV/CU/r_count_reg[10]/C
Low Pulse Width   Fast    FDCE/C   n/a            0.500         5.000       4.500      SLICE_X42Y59    DRV/CU/r_count_reg[11]/C
Low Pulse Width   Fast    FDCE/C   n/a            0.500         5.000       4.500      SLICE_X42Y60    DRV/CU/r_count_reg[12]/C
Low Pulse Width   Fast    FDCE/C   n/a            0.500         5.000       4.500      SLICE_X42Y60    DRV/CU/r_count_reg[13]/C
Low Pulse Width   Fast    FDCE/C   n/a            0.500         5.000       4.500      SLICE_X42Y60    DRV/CU/r_count_reg[14]/C
Low Pulse Width   Fast    FDCE/C   n/a            0.500         5.000       4.500      SLICE_X42Y60    DRV/CU/r_count_reg[15]/C
Low Pulse Width   Slow    FDCE/C   n/a            0.500         5.000       4.500      SLICE_X42Y61    DRV/CU/r_count_reg[16]/C
Low Pulse Width   Fast    FDCE/C   n/a            0.500         5.000       4.500      SLICE_X42Y61    DRV/CU/r_count_reg[16]/C
Low Pulse Width   Slow    FDCE/C   n/a            0.500         5.000       4.500      SLICE_X42Y61    DRV/CU/r_count_reg[17]/C
High Pulse Width  Slow    FDCE/C   n/a            0.500         5.000       4.500      SLICE_X42Y63    DRV/CU/r_count_reg[24]/C
High Pulse Width  Slow    FDCE/C   n/a            0.500         5.000       4.500      SLICE_X42Y63    DRV/CU/r_count_reg[25]/C
High Pulse Width  Slow    FDCE/C   n/a            0.500         5.000       4.500      SLICE_X42Y63    DRV/CU/r_count_reg[26]/C
High Pulse Width  Slow    FDCE/C   n/a            0.500         5.000       4.500      SLICE_X42Y57    DRV/CU/r_count_reg[0]/C
High Pulse Width  Fast    FDCE/C   n/a            0.500         5.000       4.500      SLICE_X42Y57    DRV/CU/r_count_reg[0]/C
High Pulse Width  Slow    FDCE/C   n/a            0.500         5.000       4.500      SLICE_X42Y59    DRV/CU/r_count_reg[10]/C
High Pulse Width  Fast    FDCE/C   n/a            0.500         5.000       4.500      SLICE_X42Y59    DRV/CU/r_count_reg[10]/C
High Pulse Width  Slow    FDCE/C   n/a            0.500         5.000       4.500      SLICE_X42Y59    DRV/CU/r_count_reg[11]/C
High Pulse Width  Fast    FDCE/C   n/a            0.500         5.000       4.500      SLICE_X42Y59    DRV/CU/r_count_reg[11]/C
High Pulse Width  Slow    FDCE/C   n/a            0.500         5.000       4.500      SLICE_X42Y60    DRV/CU/r_count_reg[12]/C



